CustomerID,recency_days,last_purchase_date,frequency,Monetary,,,,,,,,
12346,325,1/18/2011 10:01,12,77556.5,,,,,,,,
12347,2,12/7/2011 15:52,8,4921.5,,,,,,,,
12348,75,9/25/2011 13:13,5,1817.8,,,,,Percentile,,,
12349,18,11/21/2011 9:51,4,4428.7,,,,,recency_days,frequency,Monetary,
12350,310,2/2/2011 16:01,1,334.4,,,,,19,1,284.22,
12351,375,11/29/2010 15:23,1,300.9,,,,,58,2,602.24,
12352,36,11/3/2011 14:37,10,2386,,,,,58,4,1212.86,
12353,204,5/19/2011 17:47,2,406.8,,,,,410,8,2887.74,
12354,232,4/21/2011 13:11,1,1079.4,,,,,,,,
12355,214,5/9/2011 13:49,2,947.6,,,,,,,,
12356,22,11/17/2011 8:40,6,6369.2,,,,,,,,
12357,33,11/6/2011 16:07,3,18287.7,,,,,,,,
12358,1,12/8/2011 10:26,5,3878.8,,,,,,,,
12359,57,10/13/2011 12:47,10,8758.6,,,,,,,,
12360,52,10/18/2011 15:22,8,4252.9,,,,,,,,
12361,287,2/25/2011 13:51,4,511.3,,,,,,,,
12362,3,12/6/2011 15:40,11,5356.2,,,,,,,,
12363,109,8/22/2011 10:18,2,552,,,,,,,,
12364,7,12/2/2011 10:22,4,1313.1,,,,,,,,
12365,291,2/21/2011 14:04,2,641.4,,,,,,,,
12366,633,3/16/2010 10:28,1,500.2,,,,,,,,
12367,4,12/5/2011 16:48,1,168.9,,,,,,,,
12368,628,3/21/2010 15:56,1,917.7,,,,,,,,
12369,413,10/22/2010 13:13,3,1791.2,,,,,,,,
12370,51,10/19/2011 14:51,7,4316.6,,,,,,,,
12371,44,10/26/2011 10:16,5,4067.4,,,,,,,,
12372,71,9/29/2011 12:12,3,1298,,,,,,,,
12373,311,2/1/2011 13:10,3,1127.7,,,,,,,,
12374,25,11/14/2011 15:37,4,2989.2,,,,,,,,
12375,10,11/29/2011 10:36,2,457.5,,,,,,,,
12376,389,11/15/2010 12:15,2,503.2,,,,,,,,
12377,315,1/28/2011 15:45,4,3426.3,,,,,,,,
12378,129,8/2/2011 10:34,2,5416.3,,,,,,,,
12379,81,9/19/2011 10:09,4,1620.2,,,,,,,,
12380,21,11/18/2011 11:27,11,9676.3,,,,,,,,
12381,4,12/5/2011 12:44,5,1845.3,,,,,,,,
12383,184,6/8/2011 8:02,5,1850.6,,,,,,,,
12384,28,11/11/2011 8:39,2,585.3,,,,,,,,
12385,379,11/25/2010 15:14,1,1938.4,,,,,,,,
12386,337,1/6/2011 12:37,2,401.9,,,,,,,,
12387,415,10/20/2010 16:27,1,143.9,,,,,,,,
12388,15,11/24/2011 12:30,8,3901.1,,,,,,,,
12389,402,11/2/2010 11:52,3,1433.3,,,,,,,,
12390,79,9/21/2011 9:33,1,549.8,,,,,,,,
12391,21,11/18/2011 12:07,6,2695.5,,,,,,,,
12392,591,4/27/2010 14:04,1,234.8,,,,,,,,
12393,72,9/28/2011 15:41,6,2366.3,,,,,,,,
12394,63,10/7/2011 8:08,2,1272.5,,,,,,,,
12395,19,11/20/2011 15:21,15,4721.2,,,,,,,,
12396,674,2/3/2010 13:22,1,931.4,,,,,,,,
12397,35,11/4/2011 9:52,2,2409.9,,,,,,,,
12398,45,10/25/2011 10:27,1,1635.7,,,,,,,,
12399,119,8/12/2011 13:15,7,1962.3,,,,,,,,
12400,414,10/21/2010 13:45,1,205.3,,,,,,,,
12401,303,2/9/2011 13:50,1,84.3,,,,,,,,
12402,323,1/20/2011 13:49,6,1256.9,,,,,,,,
12403,49,10/21/2011 10:51,2,1019.4,,,,,,,,
12404,682,1/26/2010 16:25,1,63.2,,,,,,,,
12405,148,7/14/2011 8:52,1,1710.4,,,,,,,,
12406,22,11/17/2011 19:22,5,6349.1,,,,,,,,
12407,49,10/21/2011 10:11,5,1708.1,,,,,,,,
12408,32,11/7/2011 12:27,8,4340.8,,,,,,,,
12409,78,9/22/2011 10:38,7,23419.3,,,,,,,,
12410,308,2/4/2011 10:39,3,1013.7,,,,,,,,
12411,409,10/26/2010 9:25,1,346.9,,,,,,,,
12412,74,9/26/2011 10:16,6,2596.9,,,,,,,,
12413,66,10/4/2011 9:00,4,999.5,,,,,,,,
12414,217,5/6/2011 14:51,6,952.4,,,,,,,,
12415,24,11/15/2011 14:22,28,144458.4,,,,,,,,
12416,656,2/21/2010 10:19,1,202.6,,,,,,,,
12417,3,12/6/2011 14:52,20,6797.4,,,,,,,,
12418,112,8/19/2011 11:08,4,2021.2,,,,,,,,
12419,385,11/19/2010 10:04,2,503,,,,,,,,
12420,63,10/7/2011 8:55,1,600.4,,,,,,,,
12421,15,11/24/2011 9:07,6,1098.6,,,,,,,,
12422,95,9/5/2011 9:48,17,5231.8,,,,,,,,
12423,0,12/9/2011 10:10,10,2622.4,,,,,,,,
12424,162,6/30/2011 12:06,4,3340,,,,,,,,
12425,78,9/22/2011 17:31,2,1741.4,,,,,,,,
12426,194,5/29/2011 12:26,2,1345.2,,,,,,,,
12427,21,11/18/2011 8:56,3,825.8,,,,,,,,
12428,25,11/14/2011 8:22,9,7956.5,,,,,,,,
12429,9,11/30/2011 17:22,8,6204.4,,,,,,,,
12430,43,10/27/2011 15:09,1,256.4,,,,,,,,
12431,35,11/4/2011 11:55,27,10432.2,,,,,,,,
12432,42,10/28/2011 11:43,5,5059.3,,,,,,,,
12433,0,12/9/2011 10:02,10,16794.1,,,,,,,,
12434,84,9/16/2011 12:38,3,1103.4,,,,,,,,
12435,79,9/21/2011 9:06,6,13925.9,,,,,,,,
12436,99,9/1/2011 12:09,1,509,,,,,,,,
12437,1,12/8/2011 11:35,39,12683.4,,,,,,,,
12438,14,11/25/2011 13:28,2,2906.9,,,,,,,,
12439,682,1/26/2010 12:11,2,1142.9,,,,,,,,
12440,462,9/3/2010 13:11,2,859.2,,,,,,,,
12441,366,12/8/2010 10:45,1,173.6,,,,,,,,
12442,3,12/6/2011 14:22,1,172.1,,,,,,,,
12443,732,12/7/2009 15:42,1,485.3,,,,,,,,
12444,21,11/18/2011 13:23,5,5005.5,,,,,,,,
12445,22,11/17/2011 18:43,2,435,,,,,,,,
12446,57,10/13/2011 12:50,1,1002.3,,,,,,,,
12447,243,4/10/2011 13:25,1,476.5,,,,,,,,
12448,44,10/26/2011 13:46,1,449.5,,,,,,,,
12449,22,11/17/2011 13:46,6,4835.9,,,,,,,,
12450,156,7/6/2011 14:41,5,688.2,,,,,,,,
12451,10,11/29/2011 8:40,8,12669.9,,,,,,,,
12452,16,11/23/2011 10:28,2,430.6,,,,,,,,
12453,134,7/28/2011 14:08,1,707.1,,,,,,,,
12454,56,10/14/2011 17:13,5,16679.8,,,,,,,,
12455,73,9/27/2011 15:31,10,5880,,,,,,,,
12456,44,10/26/2011 14:41,3,3181,,,,,,,,
12457,66,10/4/2011 13:13,8,2995.9,,,,,,,,
12458,71,9/29/2011 15:25,4,1777.5,,,,,,,,
12459,605,4/13/2010 14:53,1,454.4,,,,,,,,
12460,456,9/9/2010 13:51,1,326.7,,,,,,,,
12461,94,9/6/2011 16:57,2,826.9,,,,,,,,
12462,18,11/21/2011 9:11,2,1189.6,,,,,,,,
12463,53,10/17/2011 13:44,4,1344.8,,,,,,,,
12464,10,11/29/2011 13:33,8,1212.1,,,,,,,,
12465,17,11/22/2011 16:34,2,742.2,,,,,,,,
12466,682,1/26/2010 16:26,1,56.7,,,,,,,,
12467,423,10/12/2010 15:41,1,132.8,,,,,,,,
12468,187,6/5/2011 11:36,5,3670.7,,,,,,,,
12469,522,7/5/2010 12:40,2,3070.5,,,,,,,,
12470,689,1/19/2010 11:01,1,212,,,,,,,,
12471,2,12/7/2011 15:43,79,39918.2,,,,,,,,
12472,32,11/7/2011 14:01,19,16249.3,,,,,,,,
12473,29,11/10/2011 13:46,5,2954.7,,,,,,,,
12474,17,11/22/2011 14:39,31,12372.8,,,,,,,,
12475,53,10/17/2011 10:10,2,1149.6,,,,,,,,
12476,15,11/24/2011 12:40,23,14034.4,,,,,,,,
12477,22,11/17/2011 9:51,9,20276.4,,,,,,,,
12478,3,12/6/2011 9:56,1,681,,,,,,,,
12479,11,11/28/2011 13:26,1,527.2,,,,,,,,
12480,28,11/11/2011 14:52,7,5464.9,,,,,,,,
12481,22,11/17/2011 8:29,15,12185.5,,,,,,,,
12482,576,5/12/2010 16:51,29,23691.4,,,,,,,,
12483,17,11/22/2011 17:02,19,5097.2,,,,,,,,
12484,32,11/7/2011 11:37,12,6171.9,,,,,,,,
12485,529,6/28/2010 15:22,1,708.1,,,,,,,,
12486,431,10/4/2010 12:14,1,1037.3,,,,,,,,
12487,730,12/9/2009 11:36,1,285.3,,,,,,,,
12488,9,11/30/2011 8:50,3,1298.7,,,,,,,,
12489,336,1/7/2011 13:13,1,334.9,,,,,,,,
12490,5,12/4/2011 16:07,21,9823.6,,,,,,,,
12491,38,11/1/2011 12:18,1,413.6,,,,,,,,
12492,63,10/7/2011 15:15,3,715.2,,,,,,,,
12493,165,6/27/2011 10:17,2,433.7,,,,,,,,
12494,15,11/24/2011 9:34,9,1815.3,,,,,,,,
12495,640,3/9/2010 10:53,1,357.4,,,,,,,,
12496,620,3/29/2010 14:06,2,45.3,,,,,,,,
12497,81,9/19/2011 12:29,3,6248.5,,,,,,,,
12498,21,11/18/2011 12:53,3,403.7,,,,,,,,
12499,560,5/28/2010 15:12,1,393.7,,,,,,,,
12500,23,11/16/2011 16:20,19,5955.2,,,,,,,,
12501,336,1/7/2011 12:28,1,2169.4,,,,,,,,
12502,95,9/5/2011 11:52,5,3723.9,,,,,,,,
12503,584,5/4/2010 13:59,1,1126,,,,,,,,
12504,18,11/21/2011 16:02,4,779.1,,,,,,,,
12505,408,10/27/2010 9:18,1,955.2,,,,,,,,
12506,232,4/21/2011 8:54,1,73.5,,,,,,,,
12507,134,7/28/2011 17:09,4,1844.1,,,,,,,,
12508,26,11/13/2011 15:37,2,390.4,,,,,,,,
12509,284,2/28/2011 14:45,1,176.5,,,,,,,,
12510,142,7/20/2011 10:15,9,5178,,,,,,,,
12511,428,10/7/2010 10:39,1,3084,,,,,,,,
12512,66,10/4/2011 14:55,2,132.2,,,,,,,,
12513,112,8/19/2011 10:51,1,612.3,,,,,,,,
12514,267,3/17/2011 16:38,2,1597.8,,,,,,,,
12515,353,12/21/2010 15:43,1,383.7,,,,,,,,
12516,77,9/23/2011 9:13,4,2648.6,,,,,,,,
12517,28,11/11/2011 14:04,5,2448.5,,,,,,,,
12518,0,12/9/2011 10:13,5,2056.9,,,,,,,,
12519,63,10/7/2011 9:26,2,716.5,,,,,,,,
12520,79,9/21/2011 15:23,5,2634.3,,,,,,,,
12521,142,7/20/2011 10:51,1,599.7,,,,,,,,
12522,39,10/31/2011 15:30,2,192.7,,,,,,,,
12523,19,11/20/2011 12:55,23,4352.4,,,,,,,,
12524,9,11/30/2011 15:31,17,11126.1,,,,,,,,
12525,498,7/29/2010 16:08,3,973.7,,,,,,,,
12526,0,12/9/2011 12:09,3,1316.7,,,,,,,,
12527,81,9/19/2011 11:55,5,735.5,,,,,,,,
12528,9,11/30/2011 14:40,6,1933.5,,,,,,,,
12529,528,6/29/2010 13:10,1,316.5,,,,,,,,
12530,59,10/11/2011 12:34,9,3759.3,,,,,,,,
12531,14,11/25/2011 11:12,2,1933.2,,,,,,,,
12532,30,11/9/2011 13:47,1,349.8,,,,,,,,
12533,627,3/22/2010 10:56,2,1367.9,,,,,,,,
12534,130,8/1/2011 10:26,1,1089.2,,,,,,,,
12535,91,9/9/2011 8:48,2,716.4,,,,,,,,
12536,43,10/27/2011 14:20,3,12601.8,,,,,,,,
12537,408,10/27/2010 8:36,1,732.9,,,,,,,,
12538,29,11/10/2011 17:16,2,640.5,,,,,,,,
12539,22,11/17/2011 13:30,7,11214.8,,,,,,,,
12540,19,11/20/2011 11:31,33,22254.5,,,,,,,,
12541,29,11/10/2011 10:40,3,981.2,,,,,,,,
12542,484,8/12/2010 19:12,2,481.9,,,,,,,,
12543,448,9/17/2010 15:51,1,980.3,,,,,,,,
12544,36,11/3/2011 16:15,1,372.7,,,,,,,,
12545,75,9/25/2011 13:39,2,1000.4,,,,,,,,
12546,46,10/24/2011 12:09,2,1161.5,,,,,,,,
12547,197,5/26/2011 12:38,3,383.6,,,,,,,,
12548,166,6/26/2011 15:35,1,95.2,,,,,,,,
12549,575,5/13/2010 12:05,6,1575.7,,,,,,,,
12550,79,9/21/2011 14:35,1,964.8,,,,,,,,
12551,357,12/17/2010 11:23,1,168,,,,,,,,
12552,38,11/1/2011 10:02,2,437.8,,,,,,,,
12553,8,12/1/2011 16:38,12,4608.8,,,,,,,,
12554,448,9/17/2010 12:29,1,468.5,,,,,,,,
12555,682,1/26/2010 16:26,1,129.2,,,,,,,,
12556,50,10/20/2011 13:06,2,585.1,,,,,,,,
12557,16,11/23/2011 16:59,8,18096.1,,,,,,,,
12558,7,12/2/2011 10:41,1,270,,,,,,,,
12559,310,2/2/2011 9:49,2,561.7,,,,,,,,
12560,5,12/4/2011 13:54,3,2134,,,,,,,,
12561,302,2/10/2011 11:39,1,238.9,,,,,,,,
12562,8,12/1/2011 17:20,9,4966.9,,,,,,,,
12563,408,10/27/2010 9:52,1,249.2,,,,,,,,
12564,261,3/23/2011 14:55,1,456.9,,,,,,,,
12565,288,2/24/2011 10:34,1,145.9,,,,,,,,
12566,86,9/14/2011 14:30,1,351.7,,,,,,,,
12567,22,11/17/2011 11:02,15,11767.5,,,,,,,,
12568,644,3/5/2010 9:15,1,70,,,,,,,,
12569,2,12/7/2011 16:24,32,4124.7,,,,,,,,
12570,682,1/26/2010 17:28,1,77.5,,,,,,,,
12571,39,10/31/2011 10:19,2,519.6,,,,,,,,
12572,8,12/1/2011 9:20,2,1020.4,,,,,,,,
12573,227,4/26/2011 15:52,5,714.1,,,,,,,,
12574,315,1/28/2011 9:20,1,218.5,,,,,,,,
12575,457,9/8/2010 13:09,2,622.8,,,,,,,,
12576,35,11/4/2011 10:11,8,2142.7,,,,,,,,
12577,35,11/4/2011 13:24,8,1607.6,,,,,,,,
12578,21,11/18/2011 13:30,4,4642.5,,,,,,,,
12579,78,9/22/2011 17:15,1,440.4,,,,,,,,
12580,246,4/7/2011 10:24,2,1052.9,,,,,,,,
12581,39,10/31/2011 8:56,1,197.7,,,,,,,,
12582,238,4/15/2011 8:45,4,1980.4,,,,,,,,
12583,2,12/7/2011 8:07,27,13591.6,,,,,,,,
12584,3,12/6/2011 9:35,9,2338.2,,,,,,,,
12585,234,4/19/2011 13:39,2,2040.1,,,,,,,,
12586,17,11/22/2011 16:24,4,2062.7,,,,,,,,
12587,7,12/2/2011 12:47,1,144,,,,,,,,
12588,39,10/31/2011 15:01,4,958.8,,,,,,,,
12589,28,11/11/2011 10:19,8,4695.7,,,,,,,,
12590,211,5/12/2011 14:52,2,9864.3,,,,,,,,
12591,317,1/26/2011 14:35,3,1339,,,,,,,,
12592,92,9/8/2011 15:04,5,2582.7,,,,,,,,
12593,108,8/23/2011 12:43,3,418.1,,,,,,,,
12594,37,11/2/2011 12:20,15,5090.1,,,,,,,,
12595,504,7/23/2010 9:10,1,299,,,,,,,,
12596,51,10/19/2011 13:02,2,618.3,,,,,,,,
12597,19,11/20/2011 13:33,4,3811.2,,,,,,,,
12598,9,11/30/2011 12:18,11,4534.1,,,,,,,,
12599,29,11/10/2011 13:34,13,2296.7,,,,,,,,
12600,28,11/11/2011 10:29,21,4967.4,,,,,,,,
12601,189,6/3/2011 10:17,6,681.3,,,,,,,,
12602,58,10/12/2011 11:22,1,153.1,,,,,,,,
12603,21,11/18/2011 10:42,1,739.2,,,,,,,,
12604,79,9/21/2011 14:08,2,254.2,,,,,,,,
12605,376,11/28/2010 14:18,4,1233,,,,,,,,
12606,682,1/26/2010 16:23,1,21,,,,,,,,
12607,60,10/10/2011 16:06,1,1579.5,,,,,,,,
12608,404,10/31/2010 10:49,1,415.8,,,,,,,,
12609,78,9/22/2011 16:34,9,3435.9,,,,,,,,
12610,22,11/17/2011 9:34,5,2099.5,,,,,,,,
12611,52,10/18/2011 13:12,1,1193.3,,,,,,,,
12612,74,9/26/2011 15:35,1,704,,,,,,,,
12613,57,10/13/2011 14:59,10,6755.9,,,,,,,,
12614,277,3/7/2011 10:22,1,315.6,,,,,,,,
12615,2,12/7/2011 15:02,8,5741,,,,,,,,
12616,95,9/5/2011 15:17,3,1131.1,,,,,,,,
12617,29,11/10/2011 14:39,1,341.6,,,,,,,,
12618,21,11/18/2011 11:10,1,177.3,,,,,,,,
12619,16,11/23/2011 14:52,10,3781.4,,,,,,,,
12620,14,11/25/2011 10:20,3,1339.4,,,,,,,,
12621,1,12/8/2011 11:25,35,24311.2,,,,,,,,
12622,232,4/21/2011 16:39,1,180.1,,,,,,,,
12623,276,3/8/2011 13:50,7,3747.8,,,,,,,,
12624,106,8/25/2011 15:04,2,641.1,,,,,,,,
12625,211,5/12/2011 9:54,4,5164.9,,,,,,,,
12626,23,11/16/2011 16:06,9,6620.5,,,,,,,,
12627,10,11/29/2011 12:07,7,4478.5,,,,,,,,
12628,4,12/5/2011 13:15,3,786.5,,,,,,,,
12629,385,11/19/2010 9:18,2,1558.2,,,,,,,,
12630,9,11/30/2011 10:48,2,1270.9,,,,,,,,
12631,57,10/13/2011 13:53,6,3481.6,,,,,,,,
12632,520,7/7/2010 9:39,2,804.9,,,,,,,,
12633,58,10/12/2011 11:40,7,5678.2,,,,,,,,
12634,535,6/22/2010 10:05,2,490,,,,,,,,
12635,89,9/11/2011 11:04,4,2930.4,,,,,,,,
12636,738,12/1/2009 9:55,1,141,,,,,,,,
12637,67,10/3/2011 13:46,12,8195.3,,,,,,,,
12638,33,11/6/2011 13:11,2,921.5,,,,,,,,
12639,238,4/15/2011 12:48,3,1312.4,,,,,,,,
12640,23,11/16/2011 11:52,3,1174.6,,,,,,,,
12641,115,8/16/2011 13:26,1,185.9,,,,,,,,
12642,25,11/14/2011 15:03,3,1013.3,,,,,,,,
12643,128,8/3/2011 12:56,12,8304.8,,,,,,,,
12644,129,8/2/2011 10:33,4,1918.5,,,,,,,,
12645,33,11/6/2011 12:38,8,3539.3,,,,,,,,
12646,4,12/5/2011 10:14,2,1347,,,,,,,,
12647,22,11/17/2011 12:56,36,16955.6,,,,,,,,
12648,154,7/8/2011 11:55,4,1112,,,,,,,,
12649,107,8/24/2011 14:41,8,2294.7,,,,,,,,
12650,3,12/6/2011 16:34,1,314.4,,,,,,,,
12651,334,1/9/2011 12:46,4,377.8,,,,,,,,
12652,331,1/12/2011 15:00,2,1017,,,,,,,,
12653,148,7/14/2011 10:41,3,4160.8,,,,,,,,
12654,10,11/29/2011 10:10,5,602,,,,,,,,
12655,423,10/12/2010 9:17,1,261.4,,,,,,,,
12656,17,11/22/2011 13:42,8,6407.8,,,,,,,,
12657,11,11/28/2011 15:47,4,1643.2,,,,,,,,
12658,18,11/21/2011 10:22,1,686.1,,,,,,,,
12659,29,11/10/2011 11:53,1,91.7,,,,,,,,
12660,11,11/28/2011 13:26,1,245.1,,,,,,,,
12661,436,9/29/2010 16:46,1,162,,,,,,,,
12662,0,12/9/2011 11:59,20,6726.5,,,,,,,,
12663,624,3/25/2010 9:40,2,239.4,,,,,,,,
12664,8,12/1/2011 17:07,11,6070,,,,,,,,
12665,324,1/19/2011 8:34,3,313.6,,,,,,,,
12666,394,11/10/2010 16:40,1,1248.4,,,,,,,,
12667,58,10/12/2011 17:00,1,620.1,,,,,,,,
12668,11,11/28/2011 10:56,10,11308,,,,,,,,
12669,150,7/12/2011 9:54,3,2744,,,,,,,,
12670,10,11/29/2011 15:23,7,3760.3,,,,,,,,
12671,606,4/12/2010 16:30,1,2622.5,,,,,,,,
12672,329,1/14/2011 9:20,2,437.1,,,,,,,,
12673,5,12/4/2011 13:55,3,1230,,,,,,,,
12674,38,11/1/2011 12:12,4,1970.6,,,,,,,,
12675,553,6/4/2010 9:49,2,957.3,,,,,,,,
12676,24,11/15/2011 12:25,11,2843.1,,,,,,,,
12677,555,6/2/2010 14:30,2,395.1,,,,,,,,
12678,42,10/28/2011 13:04,21,34281.2,,,,,,,,
12679,58,10/12/2011 12:30,4,1113,,,,,,,,
12680,0,12/9/2011 12:50,4,880.8,,,,,,,,
12681,14,11/25/2011 11:33,45,29834.8,,,,,,,,
12682,3,12/6/2011 10:00,52,22950.2,,,,,,,,
12683,4,12/5/2011 16:31,21,11633.7,,,,,,,,
12684,7,12/2/2011 9:53,7,2283.6,,,,,,,,
12685,28,11/11/2011 13:46,6,2863.1,,,,,,,,
12686,371,12/3/2010 9:51,1,89.1,,,,,,,,
12687,480,8/16/2010 12:12,2,2138.9,,,,,,,,
12688,113,8/18/2011 8:49,1,4873.8,,,,,,,,
12689,25,11/14/2011 8:31,2,1247.6,,,,,,,,
12690,205,5/18/2011 9:09,1,389,,,,,,,,
12691,28,11/11/2011 16:49,7,1170.4,,,,,,,,
12692,637,3/12/2010 14:02,1,111,,,,,,,,
12693,127,8/4/2011 17:51,7,1703,,,,,,,,
12694,70,9/30/2011 13:06,3,1843.4,,,,,,,,
12695,7,12/2/2011 13:22,7,1407.1,,,,,,,,
12696,434,10/1/2010 10:43,2,851.9,,,,,,,,
12697,28,11/11/2011 8:47,3,957.6,,,,,,,,
12698,590,4/28/2010 15:51,1,339.8,,,,,,,,
12699,417,10/18/2010 12:07,1,638.1,,,,,,,,
12700,7,12/2/2011 10:47,4,4940,,,,,,,,
12701,79,9/21/2011 10:47,6,2446.4,,,,,,,,
12702,19,11/20/2011 10:36,1,219,,,,,,,,
12703,71,9/29/2011 17:52,4,1006.5,,,,,,,,
12704,7,12/2/2011 13:15,8,2340.8,,,,,,,,
12705,15,11/24/2011 13:17,14,11762.1,,,,,,,,
12707,291,2/21/2011 8:38,1,603.4,,,,,,,,
12708,29,11/10/2011 9:52,18,5117.7,,,,,,,,
12709,15,11/24/2011 15:38,34,30291.8,,,,,,,,
12710,96,9/4/2011 12:00,3,1149,,,,,,,,
12711,611,4/7/2010 11:59,2,1339.1,,,,,,,,
12712,28,11/11/2011 8:19,21,6723,,,,,,,,
12713,0,12/9/2011 12:16,1,848.6,,,,,,,,
12714,9,11/30/2011 15:43,12,14093.7,,,,,,,,
12715,106,8/25/2011 15:22,1,343.4,,,,,,,,
12716,3,12/6/2011 8:55,2,1053.5,,,,,,,,
12717,151,7/11/2011 14:47,3,1308.9,,,,,,,,
12718,71,9/29/2011 16:38,1,238.3,,,,,,,,
12719,5,12/4/2011 13:45,2,645,,,,,,,,
12720,2,12/7/2011 8:03,30,7787.3,,,,,,,,
12721,31,11/8/2011 12:13,8,4013.1,,,,,,,,
12722,85,9/15/2011 14:50,4,997.6,,,,,,,,
12723,3,12/6/2011 10:19,5,725.1,,,,,,,,
12724,5,12/4/2011 16:02,7,2317.5,,,,,,,,
12725,371,12/3/2010 15:45,4,2266.8,,,,,,,,
12726,28,11/11/2011 13:35,11,4014.6,,,,,,,,
12727,10,11/29/2011 11:46,10,5679.5,,,,,,,,
12728,71,9/29/2011 15:31,5,1070.2,,,,,,,,
12729,113,8/18/2011 11:40,1,453,,,,,,,,
12730,521,7/6/2010 12:19,1,829.3,,,,,,,,
12731,23,11/16/2011 11:59,17,25775.7,,,,,,,,
12732,179,6/13/2011 11:33,1,236.3,,,,,,,,
12733,234,4/19/2011 16:19,4,2341.6,,,,,,,,
12734,352,12/22/2010 12:47,3,639.7,,,,,,,,
12735,315,1/28/2011 13:37,2,779.6,,,,,,,,
12736,332,1/11/2011 7:57,1,234,,,,,,,,
12737,498,7/29/2010 12:29,2,3710.5,,,,,,,,
12738,372,12/2/2010 18:27,1,155.4,,,,,,,,
12739,78,9/22/2011 13:00,4,2726.7,,,,,,,,
12740,63,10/7/2011 10:44,1,427.6,,,,,,,,
12741,529,6/28/2010 14:36,2,406.1,,,,,,,,
12742,625,3/24/2010 12:43,1,1201.5,,,,,,,,
12743,134,7/28/2011 16:21,2,530.6,,,,,,,,
12744,51,10/19/2011 11:18,11,19323.2,,,,,,,,
12745,486,8/10/2010 10:14,3,925.4,,,,,,,,
12746,540,6/17/2010 10:41,1,254.6,,,,,,,,
12747,2,12/7/2011 14:34,26,8846.7,,,,,,,,
12748,0,12/9/2011 12:20,336,52521.1,,,,,,,,
12749,3,12/6/2011 9:56,9,6897.4,,,,,,,,
12750,128,8/3/2011 9:13,1,275.9,,,,,,,,
12751,444,9/21/2010 12:49,1,266.3,,,,,,,,
12752,81,9/19/2011 13:32,1,4366.8,,,,,,,,
12753,22,11/17/2011 10:52,6,21429.4,,,,,,,,
12754,235,4/18/2011 9:00,3,3010.7,,,,,,,,
12755,280,3/4/2011 12:42,11,5236.3,,,,,,,,
12756,86,9/14/2011 9:31,1,112.1,,,,,,,,
12757,15,11/24/2011 12:30,13,7732,,,,,,,,
12758,116,8/15/2011 10:22,7,9903.2,,,,,,,,
12759,52,10/18/2011 14:49,8,5020.7,,,,,,,,
12760,455,9/10/2010 8:50,1,347.8,,,,,,,,
12761,457,9/8/2010 12:17,2,783,,,,,,,,
12762,7,12/2/2011 10:23,2,1898.5,,,,,,,,
12763,138,7/24/2011 14:12,2,494.1,,,,,,,,
12764,316,1/27/2011 10:19,1,1693.9,,,,,,,,
12765,472,8/24/2010 13:51,6,1404.6,,,,,,,,
12766,3,12/6/2011 8:46,9,8919,,,,,,,,
12767,375,11/29/2010 9:38,1,949.8,,,,,,,,
12768,450,9/15/2010 12:08,1,168.7,,,,,,,,
12769,238,4/15/2011 10:25,1,1143.6,,,,,,,,
12770,210,5/13/2011 9:33,2,3246.5,,,,,,,,
12771,485,8/11/2010 11:51,1,282.3,,,,,,,,
12772,59,10/11/2011 9:19,1,892.5,,,,,,,,
12773,564,5/24/2010 17:30,1,124.3,,,,,,,,
12774,535,6/22/2010 10:38,1,98.7,,,,,,,,
12775,17,11/22/2011 16:33,7,1686.1,,,,,,,,
12776,667,2/10/2010 12:11,1,55.5,,,,,,,,
12777,457,9/8/2010 11:35,1,519.5,,,,,,,,
12778,19,11/20/2011 11:30,9,1775.7,,,,,,,,
12779,37,11/2/2011 11:43,14,6474.1,,,,,,,,
12780,598,4/20/2010 9:40,1,337.4,,,,,,,,
12781,63,10/7/2011 10:37,2,826.7,,,,,,,,
12782,4,12/5/2011 9:16,11,4618.2,,,,,,,,
12783,2,12/7/2011 15:56,6,2225.9,,,,,,,,
12784,9,11/30/2011 15:38,3,1743,,,,,,,,
12785,364,12/10/2010 13:48,3,1100.4,,,,,,,,
12786,609,4/9/2010 12:12,1,728.5,,,,,,,,
12787,9,11/30/2011 8:44,4,862.2,,,,,,,,
12788,463,9/2/2010 14:21,4,444.9,,,,,,,,
12789,65,10/5/2011 13:34,3,273.4,,,,,,,,
12790,192,5/31/2011 14:14,2,591.9,,,,,,,,
12791,373,12/1/2010 11:27,6,863.5,,,,,,,,
12792,256,3/28/2011 11:36,2,827,,,,,,,,
12793,334,1/9/2011 12:12,3,885.5,,,,,,,,
12794,53,10/17/2011 14:54,2,860.4,,,,,,,,
12795,18,11/21/2011 10:27,1,430.5,,,,,,,,
12796,628,3/21/2010 15:49,1,381,,,,,,,,
12797,365,12/9/2010 10:55,2,552.1,,,,,,,,
12798,10,11/29/2011 15:52,4,8510.9,,,,,,,,
12799,529,6/28/2010 15:57,1,219.4,,,,,,,,
12800,470,8/26/2010 14:11,3,584.3,,,,,,,,
12801,500,7/27/2010 9:38,1,1071.8,,,,,,,,
12802,186,6/6/2011 9:36,7,2416.4,,,,,,,,
12803,393,11/11/2010 14:57,1,1092.8,,,,,,,,
12804,465,8/31/2010 11:58,2,315.3,,,,,,,,
12805,381,11/23/2010 12:27,4,1435,,,,,,,,
12806,435,9/30/2010 13:34,4,2879,,,,,,,,
12807,383,11/21/2010 14:21,1,330.4,,,,,,,,
12808,36,11/3/2011 10:05,5,776.7,,,,,,,,
12809,177,6/15/2011 10:51,3,1755.9,,,,,,,,
12810,534,6/23/2010 10:53,2,535,,,,,,,,
12811,260,3/24/2011 9:42,5,1033.9,,,,,,,,
12812,44,10/26/2011 9:54,1,229.6,,,,,,,,
12813,501,7/26/2010 9:50,3,1687.8,,,,,,,,
12814,101,8/30/2011 12:11,1,125.9,,,,,,,,
12815,147,7/15/2011 10:21,2,1063.5,,,,,,,,
12816,95,9/5/2011 12:41,2,572.2,,,,,,,,
12817,281,3/3/2011 16:28,3,691,,,,,,,,
12818,261,3/23/2011 12:06,1,1542.1,,,,,,,,
12819,458,9/7/2010 15:20,1,540.5,,,,,,,,
12820,3,12/6/2011 15:12,11,2689.5,,,,,,,,
12821,214,5/9/2011 15:51,2,220.8,,,,,,,,
12822,70,9/30/2011 10:04,2,948.9,,,,,,,,
12823,74,9/26/2011 7:35,18,6501.5,,,,,,,,
12824,59,10/11/2011 12:49,1,397.1,,,,,,,,
12825,521,7/6/2010 13:56,2,518.6,,,,,,,,
12826,2,12/7/2011 10:25,12,2800.8,,,,,,,,
12827,5,12/4/2011 12:17,3,430.2,,,,,,,,
12828,2,12/7/2011 8:45,6,1018.7,,,,,,,,
12829,336,1/7/2011 11:13,3,385.3,,,,,,,,
12830,37,11/2/2011 11:54,6,6814.6,,,,,,,,
12831,262,3/22/2011 13:02,3,451.1,,,,,,,,
12832,32,11/7/2011 13:30,2,383,,,,,,,,
12833,145,7/17/2011 13:46,1,417.4,,,,,,,,
12834,282,3/2/2011 9:49,1,312.4,,,,,,,,
12835,427,10/8/2010 10:59,41,5912.2,,,,,,,,
12836,59,10/11/2011 15:10,15,6484.4,,,,,,,,
12837,173,6/19/2011 16:07,2,653,,,,,,,,
12838,33,11/6/2011 12:20,10,2913.9,,,,,,,,
12839,2,12/7/2011 12:33,26,9654.2,,,,,,,,
12840,143,7/19/2011 9:29,7,4042,,,,,,,,
12841,4,12/5/2011 11:13,40,6944.4,,,,,,,,
12842,70,9/30/2011 15:33,4,1918,,,,,,,,
12843,65,10/5/2011 12:09,30,6555.5,,,,,,,,
12844,29,11/10/2011 13:31,4,640.1,,,,,,,,
12845,267,3/17/2011 13:34,4,354.1,,,,,,,,
12846,682,1/26/2010 16:29,1,15.6,,,,,,,,
12847,22,11/17/2011 13:16,2,1518.3,,,,,,,,
12848,675,2/2/2010 12:45,1,208,,,,,,,,
12849,31,11/8/2011 13:41,6,3018.1,,,,,,,,
12850,445,9/20/2010 12:26,1,330,,,,,,,,
12851,96,9/4/2011 12:41,2,275.1,,,,,,,,
12852,294,2/18/2011 8:47,1,311.6,,,,,,,,
12853,134,7/28/2011 11:29,11,3907.5,,,,,,,,
12854,78,9/22/2011 12:15,7,2960.6,,,,,,,,
12855,372,12/2/2010 9:37,4,610.3,,,,,,,,
12856,7,12/2/2011 10:52,6,2112.3,,,,,,,,
12857,210,5/13/2011 10:20,6,3688,,,,,,,,
12858,383,11/21/2010 12:55,1,143.5,,,,,,,,
12859,458,9/7/2010 12:20,1,575.1,,,,,,,,
12860,693,1/15/2010 15:22,1,54.2,,,,,,,,
12861,619,3/30/2010 11:39,1,68.3,,,,,,,,
12862,425,10/10/2010 11:47,2,983.4,,,,,,,,
12863,52,10/18/2011 14:15,6,2751.8,,,,,,,,
12864,138,7/24/2011 13:03,2,299.6,,,,,,,,
12865,26,11/13/2011 14:31,4,3323.5,,,,,,,,
12866,283,3/1/2011 14:11,3,1227.4,,,,,,,,
12867,26,11/13/2011 15:30,13,7725.1,,,,,,,,
12868,185,6/7/2011 10:42,8,2043.8,,,,,,,,
12869,681,1/27/2010 12:10,1,303.2,,,,,,,,
12870,375,11/29/2010 13:42,3,1677,,,,,,,,
12871,84,9/16/2011 15:07,3,744,,,,,,,,
12872,326,1/17/2011 10:52,12,3228.5,,,,,,,,
12873,282,3/2/2011 14:58,3,2027.3,,,,,,,,
12874,385,11/19/2010 15:23,2,948.4,,,,,,,,
12875,143,7/19/2011 15:30,5,1357,,,,,,,,
12876,57,10/13/2011 12:26,4,4081.8,,,,,,,,
12877,3,12/6/2011 10:30,20,2931.2,,,,,,,,
12878,236,4/17/2011 13:07,2,855,,,,,,,,
12879,44,10/26/2011 12:24,3,573.2,,,,,,,,
12880,381,11/23/2010 10:50,2,640.1,,,,,,,,
12881,275,3/9/2011 11:44,1,298,,,,,,,,
12882,9,11/30/2011 16:18,2,1463,,,,,,,,
12883,24,11/15/2011 9:32,4,703.5,,,,,,,,
12884,88,9/12/2011 13:10,1,309.1,,,,,,,,
12885,63,10/7/2011 13:40,3,1175.2,,,,,,,,
12886,67,10/3/2011 10:09,2,1378.4,,,,,,,,
12887,383,11/21/2010 11:18,1,222.4,,,,,,,,
12888,214,5/9/2011 16:02,2,354.1,,,,,,,,
12889,381,11/23/2010 16:08,4,385.5,,,,,,,,
12890,24,11/15/2011 17:26,2,704.4,,,,,,,,
12891,185,6/7/2011 12:31,11,840.5,,,,,,,,
12892,396,11/8/2010 9:51,1,263.4,,,,,,,,
12893,30,11/9/2011 12:34,1,149.2,,,,,,,,
12894,575,5/13/2010 14:47,1,157.4,,,,,,,,
12895,42,10/28/2011 13:51,2,372.8,,,,,,,,
12897,204,5/19/2011 12:13,4,514.3,,,,,,,,
12898,463,9/2/2010 8:08,2,296.2,,,,,,,,
12899,413,10/22/2010 9:53,1,366.4,,,,,,,,
12900,422,10/13/2010 15:17,1,340.3,,,,,,,,
12901,8,12/1/2011 10:07,28,17654.5,,,,,,,,
12902,264,3/20/2011 12:06,1,138.7,,,,,,,,
12903,428,10/7/2010 12:39,1,833.5,,,,,,,,
12904,18,11/21/2011 14:34,2,479.8,,,,,,,,
12905,576,5/12/2010 10:05,2,1018.4,,,,,,,,
12906,11,11/28/2011 9:55,5,2919.8,,,,,,,,
12907,395,11/9/2010 12:08,2,508.9,,,,,,,,
12908,176,6/16/2011 15:39,5,1776,,,,,,,,
12909,39,10/31/2011 12:43,8,3088.3,,,,,,,,
12910,23,11/16/2011 14:28,13,5796.5,,,,,,,,
12911,551,6/6/2010 12:13,1,1589.7,,,,,,,,
12912,2,12/7/2011 8:55,5,1662.3,,,,,,,,
12913,4,12/5/2011 12:11,13,6283.2,,,,,,,,
12914,400,11/4/2010 12:28,1,224,,,,,,,,
12915,148,7/14/2011 11:34,4,975.1,,,,,,,,
12916,138,7/24/2011 10:35,7,4366,,,,,,,,
12917,128,8/3/2011 16:42,6,4359.2,,,,,,,,
12918,626,3/23/2010 15:22,1,10953.5,,,,,,,,
12919,8,12/1/2011 13:47,6,1335.2,,,,,,,,
12920,17,11/22/2011 15:05,4,486.6,,,,,,,,
12921,9,11/30/2011 16:22,74,35233.2,,,,,,,,
12922,161,7/1/2011 15:35,1,405.4,,,,,,,,
12923,64,10/6/2011 16:20,3,770.4,,,,,,,,
12924,88,9/12/2011 13:55,12,2316.3,,,,,,,,
12925,4,12/5/2011 11:11,3,729.3,,,,,,,,
12926,411,10/24/2010 15:57,4,1493,,,,,,,,
12927,394,11/10/2010 10:02,1,197.3,,,,,,,,
12928,35,11/4/2011 14:24,12,4304.9,,,,,,,,
12929,311,2/1/2011 12:08,1,117.9,,,,,,,,
12930,78,9/22/2011 15:18,2,415.8,,,,,,,,
12931,21,11/18/2011 12:39,57,91552.1,,,,,,,,
12932,539,6/18/2010 14:22,8,1698.6,,,,,,,,
12933,24,11/15/2011 16:38,8,1612.8,,,,,,,,
12934,736,12/3/2009 10:51,1,181.7,,,,,,,,
12935,2,12/7/2011 17:25,15,4243.9,,,,,,,,
12936,17,11/22/2011 17:32,4,1063.9,,,,,,,,
12937,15,11/24/2011 15:05,9,3097.6,,,,,,,,
12938,25,11/14/2011 11:21,1,114.1,,,,,,,,
12939,64,10/6/2011 14:33,20,25264.8,,,,,,,,
12940,54,10/16/2011 12:09,2,884.7,,,,,,,,
12941,724,12/15/2009 13:12,1,377.5,,,,,,,,
12942,131,7/31/2011 14:39,3,675.6,,,,,,,,
12943,558,5/30/2010 13:52,2,496.5,,,,,,,,
12944,35,11/4/2011 11:04,2,604.5,,,,,,,,
12945,288,2/24/2011 14:15,2,900.1,,,,,,,,
12946,436,9/29/2010 10:14,1,324.5,,,,,,,,
12947,143,7/19/2011 10:06,6,1604,,,,,,,,
12948,16,11/23/2011 17:10,9,2317.4,,,,,,,,
12949,30,11/9/2011 11:25,22,15526.7,,,,,,,,
12950,2,12/7/2011 13:17,3,1843,,,,,,,,
12951,8,12/1/2011 12:14,15,3213.7,,,,,,,,
12952,5,12/4/2011 10:35,4,1387.8,,,,,,,,
12953,9,11/30/2011 9:24,2,828.8,,,,,,,,
12954,638,3/11/2010 10:16,1,162.5,,,,,,,,
12955,1,12/8/2011 16:29,11,4757.2,,,,,,,,
12956,306,2/6/2011 16:08,4,521.9,,,,,,,,
12957,9,11/30/2011 9:53,13,8707,,,,,,,,
12958,400,11/4/2010 16:16,2,426.3,,,,,,,,
12959,484,8/12/2010 17:20,1,151,,,,,,,,
12960,413,10/22/2010 9:31,4,1322.1,,,,,,,,
12961,379,11/25/2010 16:44,1,202.8,,,,,,,,
12962,7,12/2/2011 15:55,2,266.4,,,,,,,,
12963,8,12/1/2011 12:55,12,3235.8,,,,,,,,
12964,437,9/28/2010 17:47,1,132.2,,,,,,,,
12965,89,9/11/2011 15:31,1,769.8,,,,,,,,
12966,9,11/30/2011 12:38,1,160.2,,,,,,,,
12967,358,12/16/2010 19:10,3,2938.5,,,,,,,,
12968,112,8/19/2011 15:44,1,136,,,,,,,,
12969,602,4/16/2010 10:50,1,122.5,,,,,,,,
12970,7,12/2/2011 14:30,10,1387,,,,,,,,
12971,3,12/6/2011 12:20,116,15704.6,,,,,,,,
12972,413,10/22/2010 8:41,4,1161.2,,,,,,,,
12973,413,10/22/2010 10:14,1,385.6,,,,,,,,
12974,197,5/26/2011 9:33,2,409,,,,,,,,
12975,436,9/29/2010 9:46,6,2100.1,,,,,,,,
12976,211,5/12/2011 9:55,8,3156.4,,,,,,,,
12977,156,7/6/2011 16:40,4,512.2,,,,,,,,
12978,385,11/19/2010 14:29,5,2443.4,,,,,,,,
12979,729,12/10/2009 15:45,1,517.7,,,,,,,,
12980,157,7/5/2011 9:34,21,16245.8,,,,,,,,
12981,29,11/10/2011 12:00,2,372.2,,,,,,,,
12982,242,4/11/2011 11:51,8,2744.8,,,,,,,,
12983,598,4/20/2010 12:58,1,490.1,,,,,,,,
12984,18,11/21/2011 12:37,1,97.5,,,,,,,,
12985,0,12/9/2011 10:46,2,1239.4,,,,,,,,
12986,428,10/7/2010 11:57,10,2729.8,,,,,,,,
12987,73,9/27/2011 12:03,5,1312.2,,,,,,,,
12988,292,2/20/2011 14:31,1,476.4,,,,,,,,
12989,3,12/6/2011 15:28,33,13551.8,,,,,,,,
12990,31,11/8/2011 13:01,7,955.5,,,,,,,,
12991,23,11/16/2011 15:34,3,764.8,,,,,,,,
12992,725,12/14/2009 16:46,1,93.4,,,,,,,,
12993,23,11/16/2011 15:49,8,1259.6,,,,,,,,
12994,4,12/5/2011 15:43,3,974.4,,,,,,,,
12995,85,9/15/2011 15:44,1,211.3,,,,,,,,
12996,375,11/29/2010 9:27,1,355.5,,,,,,,,
12997,22,11/17/2011 15:47,8,2110.9,,,,,,,,
12998,492,8/4/2010 8:05,3,920.1,,,,,,,,
12999,196,5/27/2011 13:24,3,455.9,,,,,,,,
13000,106,8/25/2011 10:43,4,1032.5,,,,,,,,
13001,4,12/5/2011 14:51,33,23697.2,,,,,,,,
13002,318,1/25/2011 15:18,3,414.1,,,,,,,,
13003,105,8/26/2011 10:50,3,149.1,,,,,,,,
13004,11,11/28/2011 11:27,36,11650.9,,,,,,,,
13005,173,6/19/2011 10:53,4,999.7,,,,,,,,
13006,56,10/14/2011 13:49,1,81.6,,,,,,,,
13007,579,5/9/2010 10:38,1,175.3,,,,,,,,
13008,323,1/20/2011 14:24,3,612.1,,,,,,,,
13009,672,2/5/2010 12:22,1,234,,,,,,,,
13010,374,11/30/2010 15:09,2,330.1,,,,,,,,
13011,372,12/2/2010 17:22,1,50.6,,,,,,,,
13012,9,11/30/2011 13:05,11,2957.8,,,,,,,,
13013,1,12/8/2011 15:01,29,11097.4,,,,,,,,
13014,10,11/29/2011 12:27,11,5381.1,,,,,,,,
13015,53,10/17/2011 13:19,11,6579.8,,,,,,,,
13016,73,9/27/2011 14:08,3,789.9,,,,,,,,
13017,7,12/2/2011 15:53,1,204,,,,,,,,
13018,16,11/23/2011 13:28,35,9763.2,,,,,,,,
13019,379,11/25/2010 14:56,6,1230,,,,,,,,
13020,562,5/26/2010 11:12,2,619,,,,,,,,
13021,4,12/5/2011 16:37,17,4887.2,,,,,,,,
13022,429,10/6/2010 10:50,1,65.3,,,,,,,,
13023,64,10/6/2011 16:27,3,1449,,,,,,,,
13024,470,8/26/2010 9:42,2,555.9,,,,,,,,
13025,731,12/8/2009 10:02,1,323.4,,,,,,,,
13026,1,12/8/2011 16:58,9,1733.1,,,,,,,,
13027,113,8/18/2011 9:39,19,16987.2,,,,,,,,
13028,22,11/17/2011 11:10,2,661.3,,,,,,,,
13029,30,11/9/2011 9:13,5,1927.3,,,,,,,,
13030,11,11/28/2011 14:30,2,634,,,,,,,,
13031,407,10/28/2010 15:34,5,3248.5,,,,,,,,
13032,52,10/18/2011 15:54,9,2799.2,,,,,,,,
13033,357,12/17/2010 14:23,2,220.6,,,,,,,,
13034,54,10/16/2011 12:21,3,756.8,,,,,,,,
13035,73,9/27/2011 8:57,3,1364.2,,,,,,,,
13036,684,1/24/2010 11:35,1,307.1,,,,,,,,
13037,138,7/24/2011 15:46,12,3915,,,,,,,,
13038,80,9/20/2011 14:37,3,908.5,,,,,,,,
13039,584,5/4/2010 16:45,4,1010.7,,,,,,,,
13040,8,12/1/2011 10:38,2,677,,,,,,,,
13041,450,9/15/2010 11:44,4,799.1,,,,,,,,
13042,598,4/20/2010 13:43,3,1456.9,,,,,,,,
13043,273,3/11/2011 14:52,1,516.4,,,,,,,,
13044,291,2/21/2011 15:20,11,4830.9,,,,,,,,
13045,99,9/1/2011 15:04,3,808.9,,,,,,,,
13046,30,11/9/2011 8:36,3,949.3,,,,,,,,
13047,31,11/8/2011 12:06,24,8428.5,,,,,,,,
13048,14,11/25/2011 13:23,9,4040.6,,,,,,,,
13049,64,10/6/2011 15:31,4,1408.2,,,,,,,,
13050,14,11/25/2011 9:18,35,11943.9,,,,,,,,
13051,578,5/10/2010 9:14,2,155.8,,,,,,,,
13052,212,5/11/2011 14:12,7,3006.7,,,,,,,,
13053,621,3/28/2010 11:28,1,127.7,,,,,,,,
13055,78,9/22/2011 14:26,4,2321.1,,,,,,,,
13056,551,6/6/2010 14:10,1,199.3,,,,,,,,
13057,530,6/27/2010 15:44,3,709.6,,,,,,,,
13058,24,11/15/2011 12:43,3,271.4,,,,,,,,
13059,249,4/4/2011 10:40,10,2272,,,,,,,,
13060,253,3/31/2011 11:37,1,307.5,,,,,,,,
13061,72,9/28/2011 16:04,1,248.6,,,,,,,,
13062,191,6/1/2011 15:12,1,347,,,,,,,,
13063,480,8/16/2010 12:27,1,188.4,,,,,,,,
13064,12,11/27/2011 12:31,6,1611.5,,,,,,,,
13065,373,12/1/2010 16:52,5,1055.1,,,,,,,,
13066,24,11/15/2011 12:57,2,470.8,,,,,,,,
13067,82,9/18/2011 13:38,3,492.6,,,,,,,,
13068,10,11/29/2011 15:00,2,344,,,,,,,,
13069,0,12/9/2011 8:39,38,9230.8,,,,,,,,
13070,192,5/31/2011 13:45,4,751.7,,,,,,,,
13071,612,4/6/2010 13:37,1,129.2,,,,,,,,
13072,266,3/18/2011 8:12,1,177.2,,,,,,,,
13073,411,10/24/2010 14:06,2,418.1,,,,,,,,
13074,511,7/16/2010 16:53,4,1378.7,,,,,,,,
13075,129,8/2/2011 10:19,1,919.6,,,,,,,,
13076,457,9/8/2010 10:27,1,135.4,,,,,,,,
13077,1,12/8/2011 19:24,11,2725.2,,,,,,,,
13078,3,12/6/2011 15:36,57,29018.1,,,,,,,,
13079,4,12/5/2011 16:53,6,419.2,,,,,,,,
13080,179,6/13/2011 14:59,4,280.7,,,,,,,,
13081,11,11/28/2011 10:54,28,56838.4,,,,,,,,
13082,126,8/5/2011 16:16,21,7335.8,,,,,,,,
13083,4,12/5/2011 15:01,3,395.4,,,,,,,,
13084,491,8/5/2010 8:49,1,122.4,,,,,,,,
13085,157,7/5/2011 12:11,8,2433.3,,,,,,,,
13086,382,11/22/2010 10:28,1,439.3,,,,,,,,
13087,726,12/13/2009 15:16,1,313.6,,,,,,,,
13088,417,10/18/2010 15:35,1,220.8,,,,,,,,
13089,2,12/7/2011 9:02,202,113216.7,,,,,,,,
13090,8,12/1/2011 12:39,24,13084.6,,,,,,,,
13091,28,11/11/2011 15:54,3,2321.8,,,,,,,,
13092,70,9/30/2011 11:18,12,2140.3,,,,,,,,
13093,275,3/9/2011 12:14,55,54144.3,,,,,,,,
13094,21,11/18/2011 14:07,13,2209.4,,,,,,,,
13095,70,9/30/2011 12:03,1,74.4,,,,,,,,
13096,394,11/10/2010 14:08,1,419.7,,,,,,,,
13097,32,11/7/2011 10:43,28,13197.2,,,,,,,,
13098,1,12/8/2011 14:14,28,28882.4,,,,,,,,
13099,99,9/1/2011 17:40,1,207.4,,,,,,,,
13101,234,4/19/2011 14:37,4,695.4,,,,,,,,
13102,1,12/8/2011 12:52,37,11380.1,,,,,,,,
13103,39,10/31/2011 9:38,3,709.6,,,,,,,,
13104,3,12/6/2011 13:10,9,1709.1,,,,,,,,
13105,436,9/29/2010 13:41,1,72,,,,,,,,
13106,133,7/29/2011 15:12,2,603.5,,,,,,,,
13107,44,10/26/2011 14:52,9,5253.1,,,,,,,,
13108,372,12/2/2010 10:35,2,748.5,,,,,,,,
13109,59,10/11/2011 10:16,3,1134,,,,,,,,
13110,31,11/8/2011 14:30,12,2956,,,,,,,,
13111,718,12/21/2009 9:00,1,321.9,,,,,,,,
13112,541,6/16/2010 17:03,1,20.6,,,,,,,,
13113,0,12/9/2011 12:49,37,18207.8,,,,,,,,
13114,730,12/9/2009 9:56,1,234.4,,,,,,,,
13115,11,11/28/2011 12:38,10,5494.7,,,,,,,,
13116,138,7/24/2011 14:33,1,501.1,,,,,,,,
13117,21,11/18/2011 12:02,18,2255.7,,,,,,,,
13118,19,11/20/2011 12:46,9,2415.4,,,,,,,,
13119,668,2/9/2010 8:38,1,134.9,,,,,,,,
13120,238,4/15/2011 10:19,1,30.6,,,,,,,,
13121,269,3/15/2011 16:47,1,283.7,,,,,,,,
13122,94,9/6/2011 15:53,2,922.4,,,,,,,,
13123,472,8/24/2010 10:18,2,506.8,,,,,,,,
13124,89,9/11/2011 12:45,4,4540.8,,,,,,,,
13125,523,7/4/2010 11:58,1,148.6,,,,,,,,
13126,4,12/5/2011 10:00,13,3774.8,,,,,,,,
13127,77,9/23/2011 10:26,1,259.2,,,,,,,,
13128,631,3/18/2010 15:08,1,263.5,,,,,,,,
13129,452,9/13/2010 13:47,2,233.3,,,,,,,,
13130,94,9/6/2011 15:30,1,64,,,,,,,,
13131,23,11/16/2011 13:21,7,3313.8,,,,,,,,
13132,261,3/23/2011 12:44,1,77.3,,,,,,,,
13133,273,3/11/2011 10:31,3,200.5,,,,,,,,
13134,85,9/15/2011 10:35,6,2475.2,,,,,,,,
13135,196,5/27/2011 10:52,2,3371.5,,,,,,,,
13136,56,10/14/2011 13:41,13,6274.6,,,,,,,,
13137,10,11/29/2011 12:09,16,7251.6,,,,,,,,
13138,22,11/17/2011 16:51,7,1274,,,,,,,,
13139,16,11/23/2011 13:54,8,8203,,,,,,,,
13140,108,8/23/2011 15:33,5,1052.8,,,,,,,,
13141,84,9/16/2011 9:54,17,7656.1,,,,,,,,
13142,19,11/20/2011 16:07,1,307.1,,,,,,,,
13143,584,5/4/2010 12:22,1,405.1,,,,,,,,
13144,332,1/11/2011 11:15,2,135.4,,,,,,,,
13145,39,10/31/2011 12:45,7,1128.5,,,,,,,,
13146,26,11/13/2011 15:29,1,222.4,,,,,,,,
13147,10,11/29/2011 13:59,4,712.8,,,,,,,,
13148,29,11/10/2011 15:23,26,8398.9,,,,,,,,
13149,14,11/25/2011 13:09,4,1676.1,,,,,,,,
13150,484,8/12/2010 12:59,3,450,,,,,,,,
13151,295,2/17/2011 12:29,3,2346.5,,,,,,,,
13152,417,10/18/2010 13:44,7,2146.4,,,,,,,,
13153,5,12/4/2011 12:14,1,486.2,,,,,,,,
13154,399,11/5/2010 16:00,3,1624.8,,,,,,,,
13155,33,11/6/2011 15:41,6,1364.6,,,,,,,,
13156,385,11/19/2010 13:09,3,1586.5,,,,,,,,
13157,49,10/21/2011 13:50,9,5687.4,,,,,,,,
13158,94,9/6/2011 11:58,5,1508.2,,,,,,,,
13159,8,12/1/2011 11:20,4,1428.1,,,,,,,,
13160,22,11/17/2011 13:07,1,91.8,,,,,,,,
13161,313,1/30/2011 14:03,2,472.1,,,,,,,,
13162,122,8/9/2011 15:59,16,9275.5,,,,,,,,
13163,610,4/8/2010 16:21,1,17.7,,,,,,,,
13164,569,5/19/2010 13:52,2,372.2,,,,,,,,
13165,46,10/24/2011 15:05,3,1451.2,,,,,,,,
13166,283,3/1/2011 15:16,2,857.9,,,,,,,,
13167,18,11/21/2011 12:24,5,1125.2,,,,,,,,
13168,36,11/3/2011 12:56,5,1823.1,,,,,,,,
13169,63,10/7/2011 12:11,3,840.1,,,,,,,,
13170,26,11/13/2011 12:19,1,107.6,,,,,,,,
13171,21,11/18/2011 10:27,3,468.4,,,,,,,,
13172,400,11/4/2010 15:10,1,69.6,,,,,,,,
13173,4,12/5/2011 15:51,11,2389,,,,,,,,
13174,16,11/23/2011 14:35,12,7778.7,,,,,,,,
13175,582,5/6/2010 13:13,2,831.5,,,,,,,,
13176,46,10/24/2011 15:43,1,479.8,,,,,,,,
13177,64,10/6/2011 9:56,2,512.2,,,,,,,,
13178,26,11/13/2011 16:14,21,14059.2,,,,,,,,
13179,618,3/31/2010 11:40,1,572.3,,,,,,,,
13180,607,4/11/2010 13:37,1,86.1,,,,,,,,
13181,381,11/23/2010 15:05,1,359.7,,,,,,,,
13182,45,10/25/2011 13:46,1,121.2,,,,,,,,
13183,7,12/2/2011 10:30,15,7036.2,,,,,,,,
13184,14,11/25/2011 12:02,10,1666.6,,,,,,,,
13185,267,3/17/2011 11:56,1,71.4,,,,,,,,
13186,39,10/31/2011 11:40,3,1575.9,,,,,,,,
13187,337,1/6/2011 18:57,4,329,,,,,,,,
13188,11,11/28/2011 15:28,1,114.6,,,,,,,,
13189,18,11/21/2011 10:39,2,260.7,,,,,,,,
13190,544,6/13/2010 15:47,3,570.7,,,,,,,,
13191,658,2/19/2010 17:02,1,161.7,,,,,,,,
13192,95,9/5/2011 14:13,6,2558.6,,,,,,,,
13193,61,10/9/2011 14:30,1,104.2,,,,,,,,
13194,135,7/27/2011 9:01,2,472.8,,,,,,,,
13195,414,10/21/2010 13:07,1,132,,,,,,,,
13196,11,11/28/2011 13:54,7,3068.8,,,,,,,,
13197,609,4/9/2010 9:14,1,373,,,,,,,,
13198,10,11/29/2011 15:17,8,4974.2,,,,,,,,
13199,3,12/6/2011 12:30,67,15964.2,,,,,,,,
13200,19,11/20/2011 15:35,4,870.1,,,,,,,,
13201,502,7/25/2010 14:30,4,1224.6,,,,,,,,
13202,394,11/10/2010 16:24,7,1580.3,,,,,,,,
13203,9,11/30/2011 10:45,10,2648.3,,,,,,,,
13204,731,12/8/2009 14:56,1,966.7,,,,,,,,
13205,443,9/22/2010 16:26,1,2803.2,,,,,,,,
13206,400,11/4/2010 16:50,13,8198.8,,,,,,,,
13207,15,11/24/2011 14:52,4,535.9,,,,,,,,
13208,58,10/12/2011 9:54,9,1943.2,,,,,,,,
13209,30,11/9/2011 13:54,13,8478.9,,,,,,,,
13210,93,9/7/2011 8:18,1,353.5,,,,,,,,
13211,10,11/29/2011 14:43,10,2598.6,,,,,,,,
13212,19,11/20/2011 12:40,3,783.5,,,,,,,,
13213,56,10/14/2011 11:42,11,3851.5,,,,,,,,
13214,417,10/18/2010 10:00,7,3264.2,,,,,,,,
13215,402,11/2/2010 18:26,1,81.6,,,,,,,,
13216,267,3/17/2011 12:18,1,333.7,,,,,,,,
13217,122,8/9/2011 15:32,4,666.5,,,,,,,,
13218,127,8/4/2011 16:59,1,62.6,,,,,,,,
13219,618,3/31/2010 14:18,1,76.2,,,,,,,,
13220,78,9/22/2011 13:38,5,1336.1,,,,,,,,
13221,240,4/13/2011 16:58,2,847.4,,,,,,,,
13222,577,5/11/2010 13:54,1,88.5,,,,,,,,
13223,200,5/23/2011 13:03,6,969.1,,,,,,,,
13224,60,10/10/2011 14:55,2,2156,,,,,,,,
13225,3,12/6/2011 13:29,16,16260.1,,,,,,,,
13226,273,3/11/2011 14:35,2,312.5,,,,,,,,
13227,201,5/22/2011 11:47,1,257.7,,,,,,,,
13228,81,9/19/2011 14:28,1,358,,,,,,,,
13229,225,4/28/2011 12:07,1,161,,,,,,,,
13230,4,12/5/2011 16:03,30,6020.6,,,,,,,,
13232,12,11/27/2011 10:39,7,1322.3,,,,,,,,
13233,74,9/26/2011 13:25,4,1176.5,,,,,,,,
13234,672,2/5/2010 11:41,2,333.1,,,,,,,,
13235,212,5/11/2011 17:13,1,973.2,,,,,,,,
13236,24,11/15/2011 12:50,2,744.9,,,,,,,,
13237,387,11/17/2010 10:07,1,643,,,,,,,,
13238,17,11/22/2011 15:37,6,1006.6,,,,,,,,
13239,261,3/23/2011 10:25,5,1594.7,,,,,,,,
13240,96,9/4/2011 14:08,8,1406.3,,,,,,,,
13241,411,10/24/2010 11:17,1,112.5,,,,,,,,
13242,112,8/19/2011 12:53,7,699.4,,,,,,,,
13243,203,5/20/2011 13:14,5,1186,,,,,,,,
13244,92,9/8/2011 11:46,1,121.7,,,,,,,,
13245,50,10/20/2011 11:40,2,989.2,,,,,,,,
13246,18,11/21/2011 16:50,11,3313.8,,,,,,,,
13247,17,11/22/2011 10:59,4,501.1,,,,,,,,
13248,124,8/7/2011 12:40,2,465.7,,,,,,,,
13249,92,9/8/2011 13:26,9,1608.9,,,,,,,,
13250,460,9/5/2010 11:33,2,253.1,,,,,,,,
13251,402,11/2/2010 13:20,1,252.7,,,,,,,,
13252,394,11/10/2010 16:00,2,399.3,,,,,,,,
13253,156,7/6/2011 10:09,4,2951.1,,,,,,,,
13254,376,11/28/2010 15:42,1,51.4,,,,,,,,
13255,9,11/30/2011 13:14,3,678.8,,,,,,,,
13257,436,9/29/2010 14:58,1,149.8,,,,,,,,
13258,11,11/28/2011 9:31,5,1002.5,,,,,,,,
13259,61,10/9/2011 10:48,9,1378.8,,,,,,,,
13260,61,10/9/2011 13:21,1,557.6,,,,,,,,
13261,268,3/16/2011 12:22,2,944.1,,,,,,,,
13262,263,3/21/2011 15:06,3,573.5,,,,,,,,
13263,1,12/8/2011 13:59,39,8477,,,,,,,,
13264,442,9/23/2010 12:42,1,722.6,,,,,,,,
13265,53,10/17/2011 15:02,5,2092.7,,,,,,,,
13266,11,11/28/2011 14:39,19,6135,,,,,,,,
13267,2,12/7/2011 11:12,36,9429.8,,,,,,,,
13268,17,11/22/2011 11:51,11,3144.2,,,,,,,,
13269,1,12/8/2011 14:53,28,8535.7,,,,,,,,
13270,366,12/8/2010 14:53,1,590,,,,,,,,
13271,37,11/2/2011 14:31,1,183.8,,,,,,,,
13272,31,11/8/2011 14:00,2,276.6,,,,,,,,
13273,113,8/18/2011 14:02,1,139,,,,,,,,
13274,409,10/26/2010 13:48,1,360.9,,,,,,,,
13275,383,11/21/2010 12:09,2,238.9,,,,,,,,
13276,63,10/7/2011 12:44,5,1863,,,,,,,,
13277,15,11/24/2011 9:21,7,523.3,,,,,,,,
13278,40,10/30/2011 11:49,4,1435.9,,,,,,,,
13279,78,9/22/2011 17:24,1,137.8,,,,,,,,
13280,122,8/9/2011 13:14,7,2282,,,,,,,,
13281,439,9/26/2010 16:03,1,350.9,,,,,,,,
13282,18,11/21/2011 15:33,4,1313.2,,,,,,,,
13283,59,10/11/2011 9:50,4,373.4,,,,,,,,
13284,330,1/13/2011 9:23,1,201.2,,,,,,,,
13285,23,11/16/2011 13:19,6,3364.6,,,,,,,,
13286,600,4/18/2010 15:35,1,708.1,,,,,,,,
13287,603,4/15/2010 15:26,3,781.6,,,,,,,,
13288,443,9/22/2010 16:32,5,927.6,,,,,,,,
13289,723,12/16/2009 11:53,1,308,,,,,,,,
13290,438,9/27/2010 16:29,1,208.6,,,,,,,,
13291,155,7/7/2011 10:36,11,3200.3,,,,,,,,
13292,38,11/1/2011 10:04,5,994.5,,,,,,,,
13293,392,11/12/2010 13:28,6,1192.9,,,,,,,,
13294,189,6/3/2011 8:54,3,1689.5,,,,,,,,
13295,359,12/15/2010 11:21,4,1102,,,,,,,,
13296,137,7/25/2011 13:46,6,792.5,,,,,,,,
13297,7,12/2/2011 9:32,7,4368.6,,,,,,,,
13298,1,12/8/2011 13:11,1,360,,,,,,,,
13299,268,3/16/2011 12:55,3,1218.7,,,,,,,,
13300,169,6/23/2011 13:09,3,1285.5,,,,,,,,
13301,103,8/28/2011 11:25,4,618.1,,,,,,,,
13302,155,7/7/2011 17:56,2,159.2,,,,,,,,
13303,400,11/4/2010 14:55,1,61.7,,,,,,,,
13304,351,12/23/2010 14:35,4,1218,,,,,,,,
13305,4,12/5/2011 15:15,16,3616.4,,,,,,,,
13306,430,10/5/2010 14:55,1,53.7,,,,,,,,
13307,120,8/11/2011 17:14,3,273.3,,,,,,,,
13308,22,11/17/2011 9:31,4,1670.4,,,,,,,,
13309,7,12/2/2011 16:34,6,1706.4,,,,,,,,
13310,28,11/11/2011 17:23,5,1541.2,,,,,,,,
13311,4,12/5/2011 12:55,2,598.6,,,,,,,,
13312,451,9/14/2010 14:36,1,124.8,,,,,,,,
13313,22,11/17/2011 16:48,12,3445.3,,,,,,,,
13314,1,12/8/2011 12:29,3,761.1,,,,,,,,
13315,689,1/19/2010 15:34,1,310.3,,,,,,,,
13316,37,11/2/2011 13:40,10,12940.8,,,,,,,,
13317,66,10/4/2011 13:35,19,6486.1,,,,,,,,
13318,1,12/8/2011 18:51,3,640.8,,,,,,,,
13319,5,12/4/2011 13:34,58,21323.2,,,,,,,,
13320,78,9/22/2011 18:07,6,2211.6,,,,,,,,
13321,72,9/28/2011 15:24,2,567.4,,,,,,,,
13322,17,11/22/2011 14:21,1,199.5,,,,,,,,
13323,3,12/6/2011 17:12,5,787.9,,,,,,,,
13324,36,11/3/2011 16:28,18,10513.5,,,,,,,,
13325,81,9/19/2011 10:36,1,675.3,,,,,,,,
13326,432,10/3/2010 16:00,1,281.8,,,,,,,,
13327,38,11/1/2011 10:21,20,9134.5,,,,,,,,
13328,316,1/27/2011 15:22,1,1308.5,,,,,,,,
13329,31,11/8/2011 10:29,8,4808.8,,,,,,,,
13330,92,9/8/2011 12:27,6,2796.1,,,,,,,,
13331,401,11/3/2010 8:04,1,262.4,,,,,,,,
13332,14,11/25/2011 13:30,1,350.9,,,,,,,,
13333,411,10/24/2010 13:24,3,1015.7,,,,,,,,
13334,82,9/18/2011 15:21,5,6131.6,,,,,,,,
13336,77,9/23/2011 14:05,1,795.1,,,,,,,,
13337,546,6/11/2010 13:27,1,1575.3,,,,,,,,
13338,157,7/5/2011 9:06,4,2445.6,,,,,,,,
13339,200,5/23/2011 8:31,1,860.1,,,,,,,,
13340,45,10/25/2011 13:15,12,22100.6,,,,,,,,
13341,260,3/24/2011 9:50,1,775.9,,,,,,,,
13343,177,6/15/2011 12:24,1,353.4,,,,,,,,
13344,67,10/3/2011 9:45,3,2511.7,,,,,,,,
13345,287,2/25/2011 9:01,1,389.5,,,,,,,,
13346,462,9/3/2010 11:41,6,299.4,,,,,,,,
13347,70,9/30/2011 13:28,1,341.4,,,,,,,,
13348,64,10/6/2011 17:28,1,233.8,,,,,,,,
13349,10,11/29/2011 8:07,1,247.3,,,,,,,,
13350,16,11/23/2011 16:33,2,979.1,,,,,,,,
13351,66,10/4/2011 12:55,1,373.9,,,,,,,,
13352,60,10/10/2011 13:55,1,398,,,,,,,,
13354,71,9/29/2011 13:17,1,743.5,,,,,,,,
13355,122,8/9/2011 14:48,1,674.7,,,,,,,,
13356,80,9/20/2011 14:33,1,768.2,,,,,,,,
13357,257,3/27/2011 13:56,5,3770.7,,,,,,,,
13358,268,3/16/2011 11:52,1,439,,,,,,,,
13359,63,10/7/2011 9:30,2,1043.3,,,,,,,,
13360,431,10/4/2010 12:37,4,1553.7,,,,,,,,
13361,472,8/24/2010 14:56,2,1450.5,,,,,,,,
13362,9,11/30/2011 14:41,7,5394.1,,,,,,,,
13363,17,11/22/2011 12:40,3,1723.9,,,,,,,,
13364,71,9/29/2011 18:13,1,135,,,,,,,,
13365,33,11/6/2011 12:36,2,2225.4,,,,,,,,
13366,50,10/20/2011 13:37,1,56.2,,,,,,,,
13367,431,10/4/2010 10:00,1,510.2,,,,,,,,
13368,256,3/28/2011 9:59,4,1121.5,,,,,,,,
13369,365,12/9/2010 11:30,1,308.3,,,,,,,,
13370,371,12/3/2010 10:26,1,754.9,,,,,,,,
13371,505,7/22/2010 17:33,2,2297.7,,,,,,,,
13372,89,9/11/2011 12:46,1,378.6,,,,,,,,
13373,60,10/10/2011 10:51,6,7587.2,,,,,,,,
13374,414,10/21/2010 10:04,2,422.8,,,,,,,,
13375,88,9/12/2011 10:19,2,1792.2,,,,,,,,
13376,99,9/1/2011 16:16,3,1019.8,,,,,,,,
13377,396,11/8/2010 12:20,2,1552.9,,,,,,,,
13379,26,11/13/2011 13:45,3,555.7,,,,,,,,
13380,432,10/3/2010 10:18,1,62.4,,,,,,,,
13381,31,11/8/2011 11:58,12,8224.4,,,,,,,,
13382,280,3/4/2011 10:03,5,1387.6,,,,,,,,
13383,543,6/14/2010 11:45,1,305.3,,,,,,,,
13384,30,11/9/2011 11:04,11,6680.8,,,,,,,,
13385,329,1/14/2011 9:52,1,534.6,,,,,,,,
13386,414,10/21/2010 12:52,2,835.5,,,,,,,,
13387,417,10/18/2010 14:07,1,186.9,,,,,,,,
13388,131,7/31/2011 12:52,3,1185.7,,,,,,,,
13389,11,11/28/2011 14:01,3,798,,,,,,,,
13390,74,9/26/2011 8:38,1,544.1,,,,,,,,
13391,203,5/20/2011 10:50,1,59.8,,,,,,,,
13392,677,1/31/2010 13:34,1,91.1,,,,,,,,
13393,583,5/5/2010 9:34,4,1131.5,,,,,,,,
13394,1,12/8/2011 11:36,19,6621.7,,,,,,,,
13395,185,6/7/2011 15:04,3,1180.2,,,,,,,,
13396,29,11/10/2011 16:59,2,1361,,,,,,,,
13397,72,9/28/2011 10:56,10,3191.9,,,,,,,,
13398,192,5/31/2011 13:17,2,670.3,,,,,,,,
13399,464,9/1/2010 13:59,3,275.4,,,,,,,,
13400,582,5/6/2010 9:00,1,310.8,,,,,,,,
13402,127,8/4/2011 15:51,4,1226.9,,,,,,,,
13403,17,11/22/2011 8:28,3,229.5,,,,,,,,
13404,1,12/8/2011 15:37,2,252.5,,,,,,,,
13405,74,9/26/2011 17:01,6,1213.8,,,,,,,,
13406,427,10/8/2010 14:44,2,568.9,,,,,,,,
13407,578,5/10/2010 12:41,3,2244.7,,,,,,,,
13408,1,12/8/2011 9:05,106,50174.8,,,,,,,,
13410,24,11/15/2011 15:33,9,2202,,,,,,,,
13411,107,8/24/2011 13:57,1,209.8,,,,,,,,
13412,620,3/29/2010 16:28,1,474.6,,,,,,,,
13413,639,3/10/2010 12:17,6,429.4,,,,,,,,
13414,133,7/29/2011 11:45,6,2494.1,,,,,,,,
13415,472,8/24/2010 11:38,4,784.2,,,,,,,,
13416,43,10/27/2011 8:56,3,940.8,,,,,,,,
13417,4,12/5/2011 8:49,6,1669.5,,,,,,,,
13418,11,11/28/2011 10:23,31,11559.7,,,,,,,,
13419,63,10/7/2011 12:49,1,221.1,,,,,,,,
13420,149,7/13/2011 8:48,2,159.9,,,,,,,,
13421,40,10/30/2011 14:21,8,3985.1,,,,,,,,
13422,64,10/6/2011 13:42,1,2626.3,,,,,,,,
13423,428,10/7/2010 9:02,1,217,,,,,,,,
13424,449,9/16/2010 10:49,1,572.8,,,,,,,,
13425,108,8/23/2011 17:13,5,3390.4,,,,,,,,
13426,0,12/9/2011 8:59,22,8167.4,,,,,,,,
13427,19,11/20/2011 13:02,6,1006.5,,,,,,,,
13428,10,11/29/2011 14:20,3,474.8,,,,,,,,
13429,10,11/29/2011 9:10,4,1006.8,,,,,,,,
13430,18,11/21/2011 8:19,2,679.5,,,,,,,,
13431,67,10/3/2011 13:49,8,3316.2,,,,,,,,
13432,571,5/17/2010 13:18,2,438.5,,,,,,,,
13433,501,7/26/2010 16:55,4,658.3,,,,,,,,
13434,74,9/26/2011 14:30,5,1666.9,,,,,,,,
13435,5,12/4/2011 14:45,9,4388.4,,,,,,,,
13436,1,12/8/2011 10:33,1,196.9,,,,,,,,
13437,14,11/25/2011 14:00,7,3408.1,,,,,,,,
13438,547,6/10/2010 18:46,1,46.5,,,,,,,,
13439,255,3/29/2011 14:20,3,983.3,,,,,,,,
13440,423,10/12/2010 13:11,7,1295.3,,,,,,,,
13441,91,9/9/2011 9:38,2,720.9,,,,,,,,
13442,667,2/10/2010 14:03,3,419.9,,,,,,,,
13443,448,9/17/2010 12:31,6,1266.6,,,,,,,,
13444,374,11/30/2010 13:02,2,572.3,,,,,,,,
13445,626,3/23/2010 15:34,1,241.9,,,,,,,,
13446,430,10/5/2010 18:51,11,3881.9,,,,,,,,
13447,23,11/16/2011 13:38,3,1129.1,,,,,,,,
13448,16,11/23/2011 12:33,13,8679.9,,,,,,,,
13449,23,11/16/2011 8:28,1,291.9,,,,,,,,
13450,26,11/13/2011 11:54,13,4120,,,,,,,,
13451,26,11/13/2011 15:58,11,6982.7,,,,,,,,
13452,259,3/25/2011 14:19,3,729.8,,,,,,,,
13453,165,6/27/2011 9:34,3,781.7,,,,,,,,
13454,641,3/8/2010 14:40,1,219.9,,,,,,,,
13455,24,11/15/2011 11:21,6,2213,,,,,,,,
13456,17,11/22/2011 9:18,6,1766.7,,,,,,,,
13457,688,1/20/2010 8:48,2,148.2,,,,,,,,
13458,7,12/2/2011 15:29,16,11959.3,,,,,,,,
13459,624,3/25/2010 10:24,2,1160.4,,,,,,,,
13460,29,11/10/2011 17:17,2,183.4,,,,,,,,
13461,38,11/1/2011 9:01,6,4160,,,,,,,,
13462,252,4/1/2011 11:20,5,1153.9,,,,,,,,
13464,58,10/12/2011 15:01,6,3097.6,,,,,,,,
13465,446,9/19/2010 15:13,2,931.1,,,,,,,,
13466,184,6/8/2011 16:39,5,1013.4,,,,,,,,
13467,10,11/29/2011 10:01,2,994.8,,,,,,,,
13468,1,12/8/2011 10:39,72,12793.3,,,,,,,,
13469,653,2/24/2010 15:03,1,82.4,,,,,,,,
13470,99,9/1/2011 14:57,2,165,,,,,,,,
13471,1,12/8/2011 15:44,4,2391.2,,,,,,,,
13472,463,9/2/2010 9:41,2,592.2,,,,,,,,
13473,60,10/10/2011 11:20,8,2657.8,,,,,,,,
13474,236,4/17/2011 13:53,3,642.5,,,,,,,,
13475,191,6/1/2011 13:52,4,1431.8,,,,,,,,
13476,178,6/14/2011 12:00,5,2061.5,,,,,,,,
13477,37,11/2/2011 12:04,11,2819.2,,,,,,,,
13478,469,8/27/2010 13:23,5,2215.8,,,,,,,,
13479,200,5/23/2011 10:45,4,851.4,,,,,,,,
13480,416,10/19/2010 11:53,2,627.8,,,,,,,,
13481,45,10/25/2011 9:07,11,3830.8,,,,,,,,
13482,232,4/21/2011 17:03,2,336.1,,,,,,,,
13483,65,10/5/2011 11:53,1,140.3,,,,,,,,
13484,241,4/12/2011 16:30,3,790.7,,,,,,,,
13485,233,4/20/2011 13:58,11,3019.2,,,,,,,,
13486,78,9/22/2011 13:13,3,1122.4,,,,,,,,
13487,57,10/13/2011 12:07,5,846.9,,,,,,,,
13488,17,11/22/2011 14:41,23,14206,,,,,,,,
13489,105,8/26/2011 13:16,4,449.5,,,,,,,,
13490,654,2/23/2010 14:48,1,154.3,,,,,,,,
13491,51,10/19/2011 8:32,27,4467.7,,,,,,,,
13492,136,7/26/2011 14:25,3,1269.8,,,,,,,,
13493,275,3/9/2011 15:35,2,618.6,,,,,,,,
13494,311,2/1/2011 11:58,1,316.3,,,,,,,,
13495,7,12/2/2011 11:21,10,4863.3,,,,,,,,
13496,10,11/29/2011 10:58,2,653.3,,,,,,,,
13497,282,3/2/2011 9:04,6,1166.8,,,,,,,,
13498,730,12/9/2009 15:26,1,327.4,,,,,,,,
13499,17,11/22/2011 11:21,5,1159.1,,,,,,,,
13500,23,11/16/2011 15:35,4,1466.3,,,,,,,,
13501,288,2/24/2011 18:59,3,2885.1,,,,,,,,
13502,16,11/23/2011 10:39,5,780.5,,,,,,,,
13503,71,9/29/2011 13:23,6,1777.1,,,,,,,,
13504,64,10/6/2011 13:20,1,295.9,,,,,,,,
13505,72,9/28/2011 11:56,4,4393.6,,,,,,,,
13506,316,1/27/2011 13:53,5,1338.1,,,,,,,,
13507,3,12/6/2011 13:13,4,2479.2,,,,,,,,
13508,243,4/10/2011 11:58,2,287.1,,,,,,,,
13509,8,12/1/2011 10:10,8,1114.7,,,,,,,,
13510,1,12/8/2011 13:46,11,4558.3,,,,,,,,
13511,676,2/1/2010 12:10,1,282.8,,,,,,,,
13512,260,3/24/2011 10:03,4,713.4,,,,,,,,
13513,126,8/5/2011 11:50,3,824.6,,,,,,,,
13514,73,9/27/2011 9:39,4,815.9,,,,,,,,
13515,72,9/28/2011 11:26,6,1265.8,,,,,,,,
13516,21,11/18/2011 13:15,4,1685.3,,,,,,,,
13517,59,10/11/2011 11:43,3,2128.4,,,,,,,,
13518,85,9/15/2011 10:29,1,627.2,,,,,,,,
13519,78,9/22/2011 18:24,2,343.2,,,,,,,,
13520,58,10/12/2011 10:20,11,6606,,,,,,,,
13521,1,12/8/2011 13:50,3,1039.3,,,,,,,,
13522,30,11/9/2011 15:11,1,125.8,,,,,,,,
13523,33,11/6/2011 15:11,6,4534.6,,,,,,,,
13524,40,10/30/2011 12:34,5,680.2,,,,,,,,
13525,14,11/25/2011 12:01,2,628.8,,,,,,,,
13526,738,12/1/2009 13:13,2,1088.9,,,,,,,,
13527,33,11/6/2011 12:04,12,4436.1,,,,,,,,
13529,78,9/22/2011 9:15,2,307.8,,,,,,,,
13530,634,3/15/2010 14:10,1,403,,,,,,,,
13531,205,5/18/2011 16:56,6,1433.1,,,,,,,,
13532,33,11/6/2011 12:25,1,210.3,,,,,,,,
13533,182,6/10/2011 11:54,3,260.2,,,,,,,,
13534,2,12/7/2011 14:52,35,7720.9,,,,,,,,
13535,402,11/2/2010 11:49,1,89.5,,,,,,,,
13536,1,12/8/2011 16:38,7,3437.1,,,,,,,,
13537,425,10/10/2010 12:45,2,717.9,,,,,,,,
13538,43,10/27/2011 16:34,12,3070.2,,,,,,,,
13539,85,9/15/2011 10:18,7,1569.4,,,,,,,,
13540,467,8/29/2010 14:20,3,632.4,,,,,,,,
13541,427,10/8/2010 16:37,2,785.3,,,,,,,,
13542,376,11/28/2010 11:24,17,3922.1,,,,,,,,
13543,634,3/15/2010 13:34,2,1425.7,,,,,,,,
13544,39,10/31/2011 11:57,6,779.7,,,,,,,,
13545,390,11/14/2010 11:27,2,364.9,,,,,,,,
13546,12,11/27/2011 14:50,5,1068.9,,,,,,,,
13547,408,10/27/2010 14:14,1,167.1,,,,,,,,
13548,96,9/4/2011 14:50,3,842,,,,,,,,
13549,25,11/14/2011 9:20,8,1005.8,,,,,,,,
13550,383,11/21/2010 15:24,1,334,,,,,,,,
13551,319,1/24/2011 14:46,2,244.2,,,,,,,,
13552,66,10/4/2011 15:19,22,6907.3,,,,,,,,
13553,674,2/3/2010 12:21,1,476.3,,,,,,,,
13554,380,11/24/2010 15:05,7,1624.3,,,,,,,,
13555,73,9/27/2011 12:36,13,8675.9,,,,,,,,
13556,429,10/6/2010 16:44,2,200.8,,,,,,,,
13557,28,11/11/2011 15:24,13,3032.3,,,,,,,,
13558,5,12/4/2011 11:24,4,592.4,,,,,,,,
13559,512,7/15/2010 9:52,2,990,,,,,,,,
13560,7,12/2/2011 13:11,1,171.4,,,,,,,,
13561,215,5/8/2011 12:39,11,1760.3,,,,,,,,
13562,81,9/19/2011 10:51,8,4838.2,,,,,,,,
13563,84,9/16/2011 14:45,2,777.5,,,,,,,,
13564,144,7/18/2011 14:33,37,16317.9,,,,,,,,
13565,19,11/20/2011 14:33,3,414.8,,,,,,,,
13566,40,10/30/2011 11:59,5,1629,,,,,,,,
13567,428,10/7/2010 12:51,4,1050.6,,,,,,,,
13568,173,6/19/2011 14:42,1,165.4,,,,,,,,
13569,17,11/22/2011 13:07,4,707.3,,,,,,,,
13570,243,4/10/2011 13:36,1,239.5,,,,,,,,
13571,12,11/27/2011 10:47,26,4449.1,,,,,,,,
13572,205,5/18/2011 11:59,1,1323.1,,,,,,,,
13573,50,10/20/2011 14:33,6,884.3,,,,,,,,
13574,411,10/24/2010 13:28,1,375.6,,,,,,,,
13575,23,11/16/2011 13:14,5,732.1,,,,,,,,
13576,10,11/29/2011 15:34,28,11202.6,,,,,,,,
13577,25,11/14/2011 15:19,11,3489.3,,,,,,,,
13578,409,10/26/2010 13:44,1,147.7,,,,,,,,
13579,14,11/25/2011 8:41,5,1374.3,,,,,,,,
13580,406,10/29/2010 15:01,1,107.8,,,,,,,,
13581,309,2/3/2011 14:41,2,280.5,,,,,,,,
13582,389,11/15/2010 11:34,2,241.7,,,,,,,,
13583,155,7/7/2011 10:40,2,1445,,,,,,,,
13584,306,2/6/2011 12:49,3,382.4,,,,,,,,
13585,530,6/27/2010 12:33,3,684.5,,,,,,,,
13586,541,6/16/2010 13:47,1,127.3,,,,,,,,
13587,63,10/7/2011 12:31,4,1673.5,,,,,,,,
13588,15,11/24/2011 10:42,9,2479,,,,,,,,
13589,14,11/25/2011 12:10,6,1120.7,,,,,,,,
13590,11,11/28/2011 12:54,18,6328.9,,,,,,,,
13591,64,10/6/2011 12:26,7,2093.9,,,,,,,,
13592,35,11/4/2011 9:49,4,248,,,,,,,,
13593,108,8/23/2011 13:35,14,5467.3,,,,,,,,
13594,52,10/18/2011 10:19,2,533.3,,,,,,,,
13595,516,7/11/2010 12:36,3,736.8,,,,,,,,
13596,5,12/4/2011 12:01,2,649,,,,,,,,
13597,400,11/4/2010 14:54,2,396.7,,,,,,,,
13598,47,10/23/2011 14:28,5,701.2,,,,,,,,
13599,1,12/8/2011 16:10,33,9808.1,,,,,,,,
13600,312,1/31/2011 15:27,2,518.4,,,,,,,,
13601,45,10/25/2011 17:31,4,1145.3,,,,,,,,
13602,64,10/6/2011 11:47,4,1025.2,,,,,,,,
13603,26,11/13/2011 15:57,1,164.3,,,,,,,,
13604,658,2/19/2010 12:02,1,717.6,,,,,,,,
13605,387,11/17/2010 17:16,2,516.1,,,,,,,,
13606,29,11/10/2011 17:46,3,276.8,,,,,,,,
13607,40,10/30/2011 16:17,2,1046.9,,,,,,,,
13608,540,6/17/2010 12:28,1,217.4,,,,,,,,
13609,593,4/25/2010 13:26,1,167.4,,,,,,,,
13610,12,11/27/2011 15:38,14,2070.2,,,,,,,,
13611,89,9/11/2011 14:51,10,3271.7,,,,,,,,
13612,632,3/17/2010 12:14,1,818.3,,,,,,,,
13613,452,9/13/2010 12:01,5,1039.9,,,,,,,,
13614,24,11/15/2011 14:47,6,2310.8,,,,,,,,
13615,318,1/25/2011 8:21,8,6272.5,,,,,,,,
13616,568,5/20/2010 12:59,2,272.8,,,,,,,,
13617,40,10/30/2011 13:50,8,1248.5,,,,,,,,
13618,173,6/19/2011 11:09,1,177.3,,,,,,,,
13619,544,6/13/2010 11:39,2,215.2,,,,,,,,
13620,528,6/29/2010 15:02,1,112.3,,,,,,,,
13621,116,8/15/2011 8:26,1,213.9,,,,,,,,
13622,696,1/12/2010 13:22,1,659,,,,,,,,
13623,30,11/9/2011 12:00,10,2308,,,,,,,,
13624,388,11/16/2010 13:43,1,462.1,,,,,,,,
13625,596,4/22/2010 10:50,1,301.3,,,,,,,,
13626,252,4/1/2011 10:05,2,707,,,,,,,,
13627,59,10/11/2011 14:20,7,2245.9,,,,,,,,
13628,676,2/1/2010 14:44,1,310.1,,,,,,,,
13629,23,11/16/2011 13:21,19,13370.9,,,,,,,,
13630,5,12/4/2011 15:16,7,2031.8,,,,,,,,
13631,99,9/1/2011 9:57,11,3070.4,,,,,,,,
13632,24,11/15/2011 10:51,8,3645.8,,,,,,,,
13634,33,11/6/2011 13:40,16,4910.8,,,,,,,,
13635,67,10/3/2011 10:55,4,2999.2,,,,,,,,
13636,36,11/3/2011 10:30,5,949.1,,,,,,,,
13637,52,10/18/2011 13:32,3,790.4,,,,,,,,
13638,15,11/24/2011 10:38,1,122.6,,,,,,,,
13639,74,9/26/2011 13:36,2,1326.4,,,,,,,,
13640,611,4/7/2010 15:33,1,405,,,,,,,,
13641,640,3/9/2010 7:37,5,1016.5,,,,,,,,
13642,215,5/8/2011 12:34,4,461.2,,,,,,,,
13643,31,11/8/2011 15:37,10,2156.8,,,,,,,,
13644,16,11/23/2011 14:07,4,2624.3,,,,,,,,
13645,120,8/11/2011 16:11,1,252.1,,,,,,,,
13646,399,11/5/2010 12:13,2,326.3,,,,,,,,
13647,9,11/30/2011 12:00,8,3041.7,,,,,,,,
13648,400,11/4/2010 14:46,8,1764,,,,,,,,
13649,256,3/28/2011 11:51,6,1450.7,,,,,,,,
13650,16,11/23/2011 12:22,10,3288,,,,,,,,
13651,35,11/4/2011 14:59,3,226.9,,,,,,,,
13652,45,10/25/2011 8:51,5,2262.1,,,,,,,,
13653,487,8/9/2010 8:19,1,152.2,,,,,,,,
13654,43,10/27/2011 16:24,11,6308,,,,,,,,
13655,114,8/17/2011 14:25,6,2280.5,,,,,,,,
13656,164,6/28/2011 10:31,4,1078.9,,,,,,,,
13657,10,11/29/2011 12:32,2,382.1,,,,,,,,
13658,9,11/30/2011 10:13,9,6025.5,,,,,,,,
13659,205,5/18/2011 12:37,12,4829.8,,,,,,,,
13660,400,11/4/2010 16:10,1,305,,,,,,,,
13661,603,4/15/2010 14:58,1,325.2,,,,,,,,
13662,85,9/15/2011 12:04,11,2233.6,,,,,,,,
13663,179,6/13/2011 15:44,5,2047.5,,,,,,,,
13665,386,11/18/2010 13:06,3,1711.7,,,,,,,,
13666,60,10/10/2011 15:39,5,127.9,,,,,,,,
13667,149,7/13/2011 15:42,1,296.3,,,,,,,,
13668,2,12/7/2011 12:11,35,12892.7,,,,,,,,
13669,50,10/20/2011 9:32,3,413.6,,,,,,,,
13670,75,9/25/2011 15:25,1,349.7,,,,,,,,
13671,394,11/10/2010 10:50,1,167.2,,,,,,,,
13672,301,2/11/2011 13:53,3,419.9,,,,,,,,
13673,18,11/21/2011 12:11,2,374.5,,,,,,,,
13674,432,10/3/2010 10:41,1,240.7,,,,,,,,
13675,151,7/11/2011 12:57,2,486.8,,,,,,,,
13676,539,6/18/2010 17:30,2,243.9,,,,,,,,
13677,404,10/31/2010 11:32,2,551.2,,,,,,,,
13678,151,7/11/2011 10:14,1,232.6,,,,,,,,
13679,493,8/3/2010 12:13,3,281.3,,,,,,,,
13680,1,12/8/2011 13:47,12,11254.4,,,,,,,,
13681,17,11/22/2011 11:13,4,827.8,,,,,,,,
13682,187,6/5/2011 14:06,1,59.5,,,,,,,,
13683,457,9/8/2010 10:00,1,258.6,,,,,,,,
13684,285,2/27/2011 10:13,4,591.1,,,,,,,,
13685,2,12/7/2011 11:41,7,3119.4,,,,,,,,
13686,182,6/10/2011 9:10,3,409,,,,,,,,
13687,438,9/27/2010 16:30,1,11880.8,,,,,,,,
13688,635,3/14/2010 14:11,1,375.5,,,,,,,,
13689,63,10/7/2011 13:21,2,1259.5,,,,,,,,
13690,59,10/11/2011 15:03,1,172.3,,,,,,,,
13691,396,11/8/2010 17:34,1,212.8,,,,,,,,
13692,24,11/15/2011 11:17,5,3114.4,,,,,,,,
13693,374,11/30/2010 18:21,9,2011.8,,,,,,,,
13694,3,12/6/2011 9:32,143,195640.7,,,,,,,,
13695,31,11/8/2011 14:26,16,2770.7,,,,,,,,
13696,421,10/14/2010 9:44,3,2020.4,,,,,,,,
13697,38,11/1/2011 9:14,1,151.3,,,,,,,,
13698,596,4/22/2010 11:52,2,429.7,,,,,,,,
13699,155,7/7/2011 16:51,2,764.2,,,,,,,,
13700,26,11/13/2011 13:00,13,2597,,,,,,,,
13701,446,9/19/2010 12:39,1,161,,,,,,,,
13702,445,9/20/2010 11:40,1,135.2,,,,,,,,
13703,318,1/25/2011 13:10,2,407.7,,,,,,,,
13704,5,12/4/2011 15:13,9,2308.1,,,,,,,,
13705,7,12/2/2011 12:32,7,1717.2,,,,,,,,
13706,302,2/10/2011 9:21,2,631.2,,,,,,,,
13707,267,3/17/2011 18:03,5,3365.9,,,,,,,,
13708,271,3/13/2011 13:46,1,285.3,,,,,,,,
13709,3,12/6/2011 10:28,18,7571.4,,,,,,,,
13710,31,11/8/2011 8:16,3,509.5,,,,,,,,
13711,218,5/5/2011 10:31,9,1792.3,,,,,,,,
13712,246,4/7/2011 12:33,2,766.4,,,,,,,,
13713,408,10/27/2010 16:18,3,731,,,,,,,,
13714,465,8/31/2010 13:57,1,161.4,,,,,,,,
13715,281,3/3/2011 19:21,17,8009.7,,,,,,,,
13716,269,3/15/2011 13:49,1,138.3,,,,,,,,
13717,32,11/7/2011 14:13,8,1763.3,,,,,,,,
13718,246,4/7/2011 13:24,2,306.6,,,,,,,,
13719,15,11/24/2011 15:26,11,2783.1,,,,,,,,
13720,116,8/15/2011 12:46,4,799.9,,,,,,,,
13721,36,11/3/2011 14:05,2,741.5,,,,,,,,
13722,131,7/31/2011 12:44,10,5635.4,,,,,,,,
13723,217,5/6/2011 17:04,6,1162.6,,,,,,,,
13724,637,3/12/2010 15:28,1,200,,,,,,,,
13725,49,10/21/2011 10:03,8,1980.6,,,,,,,,
13726,38,11/1/2011 10:49,2,1079.7,,,,,,,,
13727,28,11/11/2011 9:46,8,1074.2,,,,,,,,
13728,36,11/3/2011 10:49,16,2855.2,,,,,,,,
13729,435,9/30/2010 10:44,3,724.7,,,,,,,,
13730,135,7/27/2011 8:35,2,752.6,,,,,,,,
13731,219,5/4/2011 14:33,2,610.6,,,,,,,,
13732,28,11/11/2011 15:49,1,491.9,,,,,,,,
13733,410,10/25/2010 12:18,2,487,,,,,,,,
13734,508,7/19/2010 12:04,4,6695.7,,,,,,,,
13735,24,11/15/2011 11:14,13,9519.4,,,,,,,,
13736,5,12/4/2011 15:19,7,2714.2,,,,,,,,
13737,200,5/23/2011 16:32,1,338.1,,,,,,,,
13738,396,11/8/2010 15:23,1,432.2,,,,,,,,
13739,18,11/21/2011 13:35,2,292.2,,,,,,,,
13740,240,4/13/2011 10:32,5,1582.8,,,,,,,,
13741,71,9/29/2011 9:19,3,668.4,,,,,,,,
13742,16,11/23/2011 11:07,12,3076,,,,,,,,
13743,2,12/7/2011 10:09,7,1341.6,,,,,,,,
13744,95,9/5/2011 15:19,2,1080.5,,,,,,,,
13745,162,6/30/2011 16:43,2,777.4,,,,,,,,
13746,413,10/22/2010 11:55,1,176.7,,,,,,,,
13747,373,12/1/2010 10:37,2,169.8,,,,,,,,
13748,95,9/5/2011 9:45,9,2064.4,,,,,,,,
13750,53,10/17/2011 12:16,11,3602.2,,,,,,,,
13751,288,2/24/2011 15:56,1,296.3,,,,,,,,
13752,124,8/7/2011 14:16,7,1579.8,,,,,,,,
13753,287,2/25/2011 12:48,4,2094.6,,,,,,,,
13754,151,7/11/2011 11:51,3,447.1,,,,,,,,
13755,3,12/6/2011 12:26,9,2010,,,,,,,,
13756,2,12/7/2011 16:44,23,8554.6,,,,,,,,
13757,674,2/3/2010 12:37,1,195.6,,,,,,,,
13758,11,11/28/2011 11:11,15,8664.5,,,,,,,,
13759,33,11/6/2011 14:47,2,659.4,,,,,,,,
13760,54,10/16/2011 16:13,5,1324.8,,,,,,,,
13761,50,10/20/2011 14:01,6,1952.2,,,,,,,,
13762,218,5/5/2011 9:15,5,2472.5,,,,,,,,
13763,63,10/7/2011 15:13,3,5217.4,,,,,,,,
13764,70,9/30/2011 12:03,6,2871,,,,,,,,
13765,653,2/24/2010 13:46,1,352.8,,,,,,,,
13766,495,8/1/2010 14:25,1,186.6,,,,,,,,
13767,2,12/7/2011 15:00,73,33903.6,,,,,,,,
13768,726,12/13/2009 10:41,2,846.3,,,,,,,,
13769,2,12/7/2011 15:08,20,5478.1,,,,,,,,
13770,422,10/13/2010 15:10,4,785.4,,,,,,,,
13771,64,10/6/2011 14:18,9,5728.8,,,,,,,,
13772,33,11/6/2011 11:43,8,3045.2,,,,,,,,
13773,396,11/8/2010 11:49,2,301.5,,,,,,,,
13774,81,9/19/2011 12:06,1,345,,,,,,,,
13775,590,4/28/2010 12:15,1,1049.7,,,,,,,,
13776,428,10/7/2010 16:11,2,624,,,,,,,,
13777,0,12/9/2011 12:25,61,49623.3,,,,,,,,
13778,103,8/28/2011 15:25,4,1124.5,,,,,,,,
13779,515,7/12/2010 11:24,1,161.1,,,,,,,,
13780,7,12/2/2011 13:49,3,686.6,,,,,,,,
13781,250,4/3/2011 12:08,3,778.8,,,,,,,,
13782,12,11/27/2011 11:54,13,1786.1,,,,,,,,
13783,487,8/9/2010 9:23,4,1542.1,,,,,,,,
13784,9,11/30/2011 9:33,14,2910.2,,,,,,,,
13785,428,10/7/2010 9:25,4,542.5,,,,,,,,
13786,367,12/7/2010 13:53,6,3127.4,,,,,,,,
13787,75,9/25/2011 12:06,6,1164.8,,,,,,,,
13788,505,7/22/2010 15:50,1,3.8,,,,,,,,
13789,388,11/16/2010 15:31,1,239.5,,,,,,,,
13790,4,12/5/2011 15:48,1,348.8,,,,,,,,
13791,127,8/4/2011 11:44,2,1516,,,,,,,,
13792,66,10/4/2011 14:31,3,384,,,,,,,,
13793,646,3/3/2010 8:25,1,96,,,,,,,,
13794,546,6/11/2010 12:30,1,126,,,,,,,,
13795,388,11/16/2010 17:25,4,836.3,,,,,,,,
13796,499,7/28/2010 14:45,1,289.7,,,,,,,,
13797,436,9/29/2010 10:34,3,1179.5,,,,,,,,
13798,1,12/8/2011 15:51,110,74811.1,,,,,,,,
13799,116,8/15/2011 12:07,9,2803.6,,,,,,,,
13800,309,2/3/2011 12:27,3,1679.6,,,,,,,,
13801,66,10/4/2011 10:15,1,324.8,,,,,,,,
13802,138,7/24/2011 10:54,19,26259.1,,,,,,,,
13803,255,3/29/2011 12:57,3,1338.9,,,,,,,,
13804,30,11/9/2011 12:32,9,3161.1,,,,,,,,
13805,52,10/18/2011 14:50,2,924.6,,,,,,,,
13806,63,10/7/2011 11:43,1,256.4,,,,,,,,
13807,367,12/7/2010 15:48,3,422.2,,,,,,,,
13808,5,12/4/2011 12:18,5,1747.7,,,,,,,,
13809,305,2/7/2011 13:15,3,665,,,,,,,,
13810,28,11/11/2011 8:33,3,1499,,,,,,,,
13811,183,6/9/2011 9:54,3,814.5,,,,,,,,
13812,42,10/28/2011 14:27,3,539,,,,,,,,
13813,39,10/31/2011 10:38,8,2765.5,,,,,,,,
13814,92,9/8/2011 13:48,3,2257.3,,,,,,,,
13815,22,11/17/2011 14:19,8,7475.7,,,,,,,,
13816,23,11/16/2011 8:38,2,571.7,,,,,,,,
13817,29,11/10/2011 17:49,2,383,,,,,,,,
13818,429,10/6/2010 12:35,1,61.3,,,,,,,,
13819,301,2/11/2011 10:38,6,2642.4,,,,,,,,
13820,418,10/17/2010 13:46,3,637.3,,,,,,,,
13821,144,7/18/2011 9:49,6,1379.1,,,,,,,,
13822,5,12/4/2011 12:13,2,628.7,,,,,,,,
13823,18,11/21/2011 10:22,7,3403.5,,,,,,,,
13824,32,11/7/2011 12:41,12,3314.8,,,,,,,,
13825,621,3/28/2010 11:02,2,255.6,,,,,,,,
13826,176,6/16/2011 13:48,1,189.5,,,,,,,,
13827,57,10/13/2011 12:38,3,409.8,,,,,,,,
13828,22,11/17/2011 16:02,1,209.5,,,,,,,,
13829,421,10/14/2010 18:19,1,102,,,,,,,,
13830,581,5/7/2010 12:24,1,156.9,,,,,,,,
13831,16,11/23/2011 15:41,18,6509,,,,,,,,
13832,19,11/20/2011 15:36,2,592,,,,,,,,
13833,159,7/3/2011 13:27,2,700.4,,,,,,,,
13834,576,5/12/2010 10:27,2,324.2,,,,,,,,
13835,25,11/14/2011 15:37,7,1095.3,,,,,,,,
13836,399,11/5/2010 13:31,2,620.4,,,,,,,,
13837,211,5/12/2011 12:10,2,266.6,,,,,,,,
13838,5,12/4/2011 11:00,10,1640.5,,,,,,,,
13839,486,8/10/2010 13:52,1,140,,,,,,,,
13840,416,10/19/2010 13:34,1,651.4,,,,,,,,
13841,252,4/1/2011 12:10,1,85,,,,,,,,
13842,58,10/12/2011 10:51,18,5319.3,,,,,,,,
13843,381,11/23/2010 17:48,1,319.8,,,,,,,,
13844,11,11/28/2011 13:21,1,361.6,,,,,,,,
13845,64,10/6/2011 8:25,1,313,,,,,,,,
13846,24,11/15/2011 12:07,4,1307.8,,,,,,,,
13847,719,12/20/2009 10:41,1,310.7,,,,,,,,
13848,92,9/8/2011 12:58,8,3015,,,,,,,,
13849,51,10/19/2011 10:59,5,3469.3,,,,,,,,
13850,129,8/2/2011 14:04,1,1595.5,,,,,,,,
13851,95,9/5/2011 12:36,8,4606.5,,,,,,,,
13852,610,4/8/2010 9:06,1,187.4,,,,,,,,
13853,57,10/13/2011 14:18,1,1090.1,,,,,,,,
13854,8,12/1/2011 9:06,39,11944.6,,,,,,,,
13855,500,7/27/2010 9:53,4,1310.3,,,,,,,,
13856,168,6/24/2011 10:03,11,1142,,,,,,,,
13857,393,11/11/2010 12:54,6,941,,,,,,,,
13858,57,10/13/2011 16:17,1,216.2,,,,,,,,
13859,326,1/17/2011 16:14,2,503.3,,,,,,,,
13860,1,12/8/2011 12:57,5,1245.9,,,,,,,,
13861,429,10/6/2010 14:20,2,273.3,,,,,,,,
13862,18,11/21/2011 16:24,9,2556.1,,,,,,,,
13863,247,4/6/2011 10:20,4,1239.6,,,,,,,,
13864,386,11/18/2010 12:50,1,662.4,,,,,,,,
13865,58,10/12/2011 13:31,4,501.6,,,,,,,,
13866,74,9/26/2011 14:54,1,145.7,,,,,,,,
13867,31,11/8/2011 15:48,3,973.3,,,,,,,,
13868,7,12/2/2011 16:32,2,3192.5,,,,,,,,
13869,123,8/8/2011 13:53,10,7876.3,,,,,,,,
13870,2,12/7/2011 13:23,15,5712.1,,,,,,,,
13871,22,11/17/2011 10:49,17,7885.9,,,,,,,,
13872,527,6/30/2010 15:35,3,919.6,,,,,,,,
13873,119,8/12/2011 10:08,8,1038.9,,,,,,,,
13874,358,12/16/2010 18:20,7,2049.2,,,,,,,,
13875,53,10/17/2011 9:36,14,4814.4,,,,,,,,
13876,63,10/7/2011 10:22,1,122.7,,,,,,,,
13877,86,9/14/2011 15:49,3,449.7,,,,,,,,
13878,54,10/16/2011 12:19,4,2396.9,,,,,,,,
13879,645,3/4/2010 10:49,1,395.5,,,,,,,,
13880,21,11/18/2011 13:44,17,4293.9,,,,,,,,
13881,3,12/6/2011 12:50,43,45179.1,,,,,,,,
13882,2,12/7/2011 11:16,5,1191.1,,,,,,,,
13883,10,11/29/2011 10:45,15,6551.3,,,,,,,,
13884,7,12/2/2011 16:30,10,1766.5,,,,,,,,
13885,189,6/3/2011 15:07,2,506.8,,,,,,,,
13886,71,9/29/2011 13:17,1,243.6,,,,,,,,
13887,204,5/19/2011 17:22,1,349.6,,,,,,,,
13888,119,8/12/2011 10:13,7,1928.5,,,,,,,,
13889,92,9/8/2011 9:13,6,1991.2,,,,,,,,
13890,1,12/8/2011 15:36,14,2927.4,,,,,,,,
13891,378,11/26/2010 15:57,3,855.5,,,,,,,,
13892,26,11/13/2011 11:50,6,1267.7,,,,,,,,
13893,297,2/15/2011 11:30,1,821.1,,,,,,,,
13894,23,11/16/2011 9:44,3,488.3,,,,,,,,
13895,28,11/11/2011 16:57,6,4008.5,,,,,,,,
13896,625,3/24/2010 8:55,1,388.6,,,,,,,,
13897,50,10/20/2011 14:30,3,1160.7,,,,,,,,
13898,325,1/18/2011 10:28,2,686.4,,,,,,,,
13899,16,11/23/2011 13:40,2,388.5,,,,,,,,
13900,183,6/9/2011 19:26,6,1610.6,,,,,,,,
13901,72,9/28/2011 14:48,15,5676.3,,,,,,,,
13902,632,3/17/2010 13:09,5,34095.3,,,,,,,,
13903,400,11/4/2010 17:44,1,165.5,,,,,,,,
13904,37,11/2/2011 13:41,2,332.6,,,,,,,,
13905,732,12/7/2009 11:41,1,312.7,,,,,,,,
13906,409,10/26/2010 15:00,1,42,,,,,,,,
13907,691,1/17/2010 12:22,1,136.8,,,,,,,,
13908,79,9/21/2011 11:49,4,2369.6,,,,,,,,
13909,423,10/12/2010 17:22,2,278.3,,,,,,,,
13911,57,10/13/2011 15:43,20,4235,,,,,,,,
13912,423,10/12/2010 8:43,1,125,,,,,,,,
13913,506,7/21/2010 10:11,1,42.2,,,,,,,,
13914,11,11/28/2011 10:35,2,626.5,,,,,,,,
13915,394,11/10/2010 15:17,1,70.8,,,,,,,,
13916,463,9/2/2010 10:04,4,1275.8,,,,,,,,
13917,49,10/21/2011 9:56,2,272,,,,,,,,
13918,49,10/21/2011 12:25,2,1212.8,,,,,,,,
13919,59,10/11/2011 14:24,4,1360.7,,,,,,,,
13920,431,10/4/2010 12:37,4,1774.7,,,,,,,,
13921,402,11/2/2010 16:32,4,730.7,,,,,,,,
13922,351,12/23/2010 10:38,3,865.2,,,,,,,,
13923,53,10/17/2011 12:33,1,351.1,,,,,,,,
13924,1,12/8/2011 9:39,6,1838.9,,,,,,,,
13925,92,9/8/2011 12:47,4,678.3,,,,,,,,
13926,23,11/16/2011 13:16,1,223.9,,,,,,,,
13927,74,9/26/2011 12:00,2,708.3,,,,,,,,
13928,10,11/29/2011 10:33,4,464.6,,,,,,,,
13929,169,6/23/2011 15:26,11,3494.1,,,,,,,,
13930,57,10/13/2011 9:45,2,337.3,,,,,,,,
13931,95,9/5/2011 10:12,11,5257.4,,,,,,,,
13932,294,2/18/2011 12:02,1,307.4,,,,,,,,
13933,109,8/22/2011 14:03,2,608.8,,,,,,,,
13934,263,3/21/2011 8:39,1,922.1,,,,,,,,
13935,596,4/22/2010 11:21,3,6116.9,,,,,,,,
13936,179,6/13/2011 8:47,3,939.7,,,,,,,,
13937,169,6/23/2011 16:35,2,880.1,,,,,,,,
13938,35,11/4/2011 14:37,1,71.7,,,,,,,,
13939,23,11/16/2011 13:33,7,1561,,,,,,,,
13940,17,11/22/2011 15:15,4,839.1,,,,,,,,
13941,21,11/18/2011 9:43,15,10027.2,,,,,,,,
13942,534,6/23/2010 12:35,1,320,,,,,,,,
13943,577,5/11/2010 11:30,1,246.5,,,,,,,,
13944,653,2/24/2010 15:02,1,200.4,,,,,,,,
13945,394,11/10/2010 10:00,2,854.2,,,,,,,,
13946,79,9/21/2011 13:33,6,1876.2,,,,,,,,
13947,65,10/5/2011 14:42,1,90.6,,,,,,,,
13948,360,12/14/2010 10:18,4,548.8,,,,,,,,
13949,2,12/7/2011 9:35,6,2427.3,,,,,,,,
13950,11,11/28/2011 14:44,4,745.1,,,,,,,,
13951,176,6/16/2011 16:43,3,674.5,,,,,,,,
13952,217,5/6/2011 9:00,14,12823.5,,,,,,,,
13953,7,12/2/2011 16:04,12,6640.7,,,,,,,,
13954,1,12/8/2011 12:50,2,439.9,,,,,,,,
13955,154,7/8/2011 17:19,3,544.1,,,,,,,,
13956,5,12/4/2011 13:20,5,973.5,,,,,,,,
13957,417,10/18/2010 10:02,3,458.3,,,,,,,,
13958,379,11/25/2010 10:11,8,4709.2,,,,,,,,
13959,79,9/21/2011 15:06,6,1054.2,,,,,,,,
13960,21,11/18/2011 15:27,2,230.2,,,,,,,,
13961,392,11/12/2010 14:40,1,538.4,,,,,,,,
13962,21,11/18/2011 8:47,3,362.8,,,,,,,,
13963,308,2/4/2011 14:43,17,2860.6,,,,,,,,
13964,387,11/17/2010 13:53,2,438.9,,,,,,,,
13965,476,8/20/2010 10:40,3,996.6,,,,,,,,
13966,435,9/30/2010 13:08,1,384.3,,,,,,,,
13967,145,7/17/2011 12:02,2,166.3,,,,,,,,
13968,423,10/12/2010 13:22,1,123.7,,,,,,,,
13969,7,12/2/2011 15:11,35,12883.4,,,,,,,,
13970,386,11/18/2010 13:21,2,846.6,,,,,,,,
13971,18,11/21/2011 12:06,14,4667.6,,,,,,,,
13972,70,9/30/2011 11:54,2,190.3,,,,,,,,
13973,287,2/25/2011 15:21,1,264.7,,,,,,,,
13974,49,10/21/2011 14:41,2,677.7,,,,,,,,
13975,31,11/8/2011 13:19,12,5141.8,,,,,,,,
13976,206,5/17/2011 9:13,4,1192.4,,,,,,,,
13977,411,10/24/2010 14:08,1,519.8,,,,,,,,
13978,14,11/25/2011 11:36,2,196.8,,,,,,,,
13979,73,9/27/2011 13:32,7,3325.6,,,,,,,,
13980,60,10/10/2011 13:34,5,746.6,,,,,,,,
13981,415,10/20/2010 10:03,1,331.1,,,,,,,,
13982,39,10/31/2011 16:24,9,3870.5,,,,,,,,
13983,29,11/10/2011 11:06,21,6733,,,,,,,,
13984,26,11/13/2011 12:38,12,1850.4,,,,,,,,
13985,4,12/5/2011 17:06,22,10020.9,,,,,,,,
13986,17,11/22/2011 15:00,1,293.6,,,,,,,,
13987,379,11/25/2010 10:20,2,682.5,,,,,,,,
13988,19,11/20/2011 10:15,8,4732.9,,,,,,,,
13989,65,10/5/2011 9:47,5,2026.1,,,,,,,,
13990,213,5/10/2011 15:19,1,311.3,,,,,,,,
13991,12,11/27/2011 16:18,6,846.1,,,,,,,,
13992,30,11/9/2011 15:23,3,219.5,,,,,,,,
13993,42,10/28/2011 9:06,19,6775.7,,,,,,,,
13994,3,12/6/2011 11:05,6,2249.5,,,,,,,,
13995,15,11/24/2011 14:22,14,3902,,,,,,,,
13996,386,11/18/2010 16:27,2,895.8,,,,,,,,
13997,519,7/8/2010 18:06,3,376.5,,,,,,,,
13998,446,9/19/2010 10:20,3,566.7,,,,,,,,
13999,10,11/29/2011 13:40,29,9502.3,,,,,,,,
14000,211,5/12/2011 16:50,5,2046.3,,,,,,,,
14001,45,10/25/2011 10:31,9,4228.9,,,,,,,,
14002,134,7/28/2011 15:55,2,529.7,,,,,,,,
14003,732,12/7/2009 8:53,1,209.4,,,,,,,,
14004,43,10/27/2011 14:40,11,6258.5,,,,,,,,
14005,9,11/30/2011 12:41,5,2874.7,,,,,,,,
14006,115,8/16/2011 9:39,7,2196.7,,,,,,,,
14007,512,7/15/2010 9:06,1,79.5,,,,,,,,
14008,432,10/3/2010 13:09,1,509,,,,,,,,
14009,198,5/25/2011 15:47,3,1099.9,,,,,,,,
14010,565,5/23/2010 13:00,2,442.6,,,,,,,,
14011,480,8/16/2010 15:31,2,457.8,,,,,,,,
14012,277,3/7/2011 12:26,1,328.8,,,,,,,,
14013,110,8/21/2011 15:01,5,1084.6,,,,,,,,
14014,77,9/23/2011 13:18,3,1948.2,,,,,,,,
14015,52,10/18/2011 10:02,1,917.3,,,,,,,,
14016,161,7/1/2011 11:29,11,11403.4,,,,,,,,
14017,571,5/17/2010 14:52,1,229.8,,,,,,,,
14018,645,3/4/2010 14:23,1,367.2,,,,,,,,
14019,46,10/24/2011 10:13,3,1421.6,,,,,,,,
14020,16,11/23/2011 9:22,4,1249,,,,,,,,
14021,155,7/7/2011 15:46,7,1716.6,,,,,,,,
14022,225,4/28/2011 14:39,2,792.2,,,,,,,,
14023,7,12/2/2011 13:58,2,584.1,,,,,,,,
14024,121,8/10/2011 11:30,3,645.7,,,,,,,,
14025,464,9/1/2010 10:11,8,4026.1,,,,,,,,
14026,470,8/26/2010 10:31,2,713.1,,,,,,,,
14027,60,10/10/2011 9:01,1,104.8,,,,,,,,
14028,550,6/7/2010 13:33,3,10396.5,,,,,,,,
14029,63,10/7/2011 14:46,2,467.7,,,,,,,,
14030,18,11/21/2011 16:48,20,7447.8,,,,,,,,
14031,7,12/2/2011 17:13,44,38928.9,,,,,,,,
14032,2,12/7/2011 15:23,16,4546.4,,,,,,,,
14033,555,6/2/2010 15:10,1,109.4,,,,,,,,
14034,22,11/17/2011 14:02,3,646.8,,,,,,,,
14035,28,11/11/2011 10:03,9,2755.6,,,,,,,,
14036,284,2/28/2011 9:26,1,626.7,,,,,,,,
14037,176,6/16/2011 13:57,6,837,,,,,,,,
14038,78,9/22/2011 13:37,5,3069.9,,,,,,,,
14039,33,11/6/2011 13:48,2,267.3,,,,,,,,
14040,40,10/30/2011 12:42,35,12284.6,,,,,,,,
14041,266,3/18/2011 13:25,1,141.4,,,,,,,,
14042,725,12/14/2009 15:07,1,432,,,,,,,,
14043,491,8/5/2010 18:18,2,298,,,,,,,,
14044,26,11/13/2011 12:05,10,2998.9,,,,,,,,
14045,109,8/22/2011 15:27,16,10986.6,,,,,,,,
14046,284,2/28/2011 14:48,1,155,,,,,,,,
14047,8,12/1/2011 11:43,14,3968.1,,,,,,,,
14048,305,2/7/2011 14:53,3,741.1,,,,,,,,
14049,16,11/23/2011 12:20,13,12980.3,,,,,,,,
14050,31,11/8/2011 10:00,2,746.4,,,,,,,,
14051,0,12/9/2011 10:20,37,21735.6,,,,,,,,
14052,19,11/20/2011 12:30,2,466.7,,,,,,,,
14053,124,8/7/2011 14:27,4,559.8,,,,,,,,
14054,65,10/5/2011 15:49,1,92.5,,,,,,,,
14055,106,8/25/2011 15:04,3,1521,,,,,,,,
14056,1,12/8/2011 13:36,23,8043.8,,,,,,,,
14057,23,11/16/2011 10:32,22,8324.6,,,,,,,,
14058,462,9/3/2010 9:31,2,469.2,,,,,,,,
14059,266,3/18/2011 10:06,1,183.6,,,,,,,,
14060,4,12/5/2011 12:29,30,8898.2,,,,,,,,
14061,507,7/20/2010 17:22,3,917.4,,,,,,,,
14062,9,11/30/2011 10:04,24,25526.2,,,,,,,,
14063,438,9/27/2010 16:18,9,22710.2,,,,,,,,
14064,29,11/10/2011 13:14,15,3088.2,,,,,,,,
14065,389,11/15/2010 16:13,3,891,,,,,,,,
14066,266,3/18/2011 12:21,1,152.6,,,,,,,,
14067,63,10/7/2011 10:21,2,374.7,,,,,,,,
14068,320,1/23/2011 16:02,4,1495.4,,,,,,,,
14069,514,7/13/2010 12:12,2,225.8,,,,,,,,
14070,684,1/24/2010 12:27,1,320.4,,,,,,,,
14071,3,12/6/2011 12:27,8,1433.3,,,,,,,,
14072,666,2/11/2010 12:31,1,390.9,,,,,,,,
14073,32,11/7/2011 15:49,1,151,,,,,,,,
14074,623,3/26/2010 13:55,1,219.4,,,,,,,,
14075,4,12/5/2011 8:38,6,1734.9,,,,,,,,
14076,129,8/2/2011 15:19,1,114.9,,,,,,,,
14077,40,10/30/2011 12:35,6,615.1,,,,,,,,
14078,101,8/30/2011 12:16,9,1538.6,,,,,,,,
14079,124,8/7/2011 12:10,2,618.7,,,,,,,,
14080,32,11/7/2011 11:09,5,1115.7,,,,,,,,
14081,302,2/10/2011 16:17,10,4760.4,,,,,,,,
14082,364,12/10/2010 11:02,2,407.5,,,,,,,,
14083,4,12/5/2011 13:14,11,1082.2,,,,,,,,
14084,512,7/15/2010 14:36,1,150.5,,,,,,,,
14085,2,12/7/2011 13:46,33,9620,,,,,,,,
14086,462,9/3/2010 10:52,1,40,,,,,,,,
14087,2,12/7/2011 12:41,3,787.6,,,,,,,,
14088,10,11/29/2011 16:16,16,64036.8,,,,,,,,
14089,56,10/14/2011 10:38,1,158.8,,,,,,,,
14090,324,1/19/2011 10:51,1,76.3,,,,,,,,
14091,654,2/23/2010 15:17,2,9530.1,,,,,,,,
14092,7,12/2/2011 12:13,24,7229.5,,,,,,,,
14093,12,11/27/2011 16:27,1,424.5,,,,,,,,
14094,439,9/26/2010 11:58,1,289,,,,,,,,
14095,722,12/17/2009 12:49,1,3,,,,,,,,
14096,4,12/5/2011 17:17,17,64990.3,,,,,,,,
14097,481,8/15/2010 14:20,2,422.9,,,,,,,,
14098,36,11/3/2011 10:13,1,147.4,,,,,,,,
14099,16,11/23/2011 13:53,20,5704.4,,,,,,,,
14100,137,7/25/2011 11:01,1,190.1,,,,,,,,
14101,73,9/27/2011 12:28,13,9961.9,,,,,,,,
14102,5,12/4/2011 15:38,5,1058.5,,,,,,,,
14104,154,7/8/2011 12:50,5,725.4,,,,,,,,
14105,239,4/14/2011 17:58,5,5988.8,,,,,,,,
14106,737,12/2/2009 14:09,1,214.8,,,,,,,,
14107,51,10/19/2011 12:12,11,4877.3,,,,,,,,
14108,30,11/9/2011 10:41,4,1045,,,,,,,,
14109,72,9/28/2011 10:18,1,144.2,,,,,,,,
14110,3,12/6/2011 12:26,33,12988,,,,,,,,
14111,14,11/25/2011 13:44,4,692.9,,,,,,,,
14112,22,11/17/2011 12:30,13,5834.6,,,,,,,,
14113,3,12/6/2011 12:18,16,7092.6,,,,,,,,
14114,273,3/11/2011 9:42,7,1364.1,,,,,,,,
14115,501,7/26/2010 12:36,2,622.7,,,,,,,,
14116,19,11/20/2011 10:29,5,1382.7,,,,,,,,
14117,143,7/19/2011 9:49,1,90,,,,,,,,
14118,428,10/7/2010 11:59,1,458.5,,,,,,,,
14119,375,11/29/2010 10:33,2,183.4,,,,,,,,
14121,3,12/6/2011 12:19,4,2780.2,,,,,,,,
14122,406,10/29/2010 15:11,3,362.4,,,,,,,,
14123,733,12/6/2009 15:35,1,436.2,,,,,,,,
14124,84,9/16/2011 13:32,1,281.3,,,,,,,,
14125,10,11/29/2011 12:47,3,2720.6,,,,,,,,
14126,7,12/2/2011 11:45,4,1172.5,,,,,,,,
14127,122,8/9/2011 10:49,6,1900.1,,,,,,,,
14128,60,10/10/2011 12:00,3,924.2,,,,,,,,
14129,1,12/8/2011 11:02,9,2591.3,,,,,,,,
14130,319,1/24/2011 16:05,4,1833.3,,,,,,,,
14131,648,3/1/2010 11:59,1,167.6,,,,,,,,
14132,2,12/7/2011 13:35,11,3586,,,,,,,,
14133,129,8/2/2011 11:34,4,911.1,,,,,,,,
14134,382,11/22/2010 12:26,15,11123.4,,,,,,,,
14135,1,12/8/2011 11:38,24,8839.7,,,,,,,,
14136,400,11/4/2010 11:53,5,1570.8,,,,,,,,
14137,695,1/13/2010 12:30,1,332.7,,,,,,,,
14138,1,12/8/2011 12:44,2,965.9,,,,,,,,
14139,46,10/24/2011 13:34,4,1086.8,,,,,,,,
14140,3,12/6/2011 9:05,2,935.1,,,,,,,,
14141,2,12/7/2011 9:53,4,915.1,,,,,,,,
14142,373,12/1/2010 16:33,2,671.3,,,,,,,,
14143,133,7/29/2011 9:48,1,115.8,,,,,,,,
14144,486,8/10/2010 15:17,1,30.6,,,,,,,,
14145,46,10/24/2011 12:10,7,7600.1,,,,,,,,
14146,8,12/1/2011 10:18,12,9450.3,,,,,,,,
14147,78,9/22/2011 18:10,9,2590.2,,,,,,,,
14148,233,4/20/2011 12:02,2,466.3,,,,,,,,
14149,220,5/3/2011 9:44,1,446.6,,,,,,,,
14150,35,11/4/2011 10:05,2,658.6,,,,,,,,
14151,673,2/4/2010 15:35,2,679.5,,,,,,,,
14152,75,9/25/2011 12:54,7,1997.3,,,,,,,,
14153,483,8/13/2010 14:35,1,233.4,,,,,,,,
14154,239,4/14/2011 16:26,8,6460.7,,,,,,,,
14155,266,3/18/2011 14:13,1,118.8,,,,,,,,
14156,9,11/30/2011 10:54,156,313411.6,,,,,,,,
14157,19,11/20/2011 11:32,5,970.3,,,,,,,,
14158,40,10/30/2011 15:08,1,507.7,,,,,,,,
14159,19,11/20/2011 12:36,20,7701.9,,,,,,,,
14160,610,4/8/2010 14:30,7,8421.5,,,,,,,,
14161,215,5/8/2011 11:41,7,2942.2,,,,,,,,
14162,173,6/19/2011 11:36,2,289.4,,,,,,,,
14163,87,9/13/2011 15:18,5,2594.6,,,,,,,,
14164,70,9/30/2011 12:24,2,1631.8,,,,,,,,
14165,275,3/9/2011 12:39,1,117.9,,,,,,,,
14166,505,7/22/2010 19:42,2,248.7,,,,,,,,
14167,39,10/31/2011 14:29,8,1166.4,,,,,,,,
14168,420,10/15/2010 10:49,2,370.5,,,,,,,,
14169,430,10/5/2010 8:45,2,601.8,,,,,,,,
14170,375,11/29/2010 13:10,3,565.7,,,,,,,,
14171,98,9/2/2011 16:43,2,497.1,,,,,,,,
14172,605,4/13/2010 13:26,3,369,,,,,,,,
14173,10,11/29/2011 11:54,6,586,,,,,,,,
14174,33,11/6/2011 13:17,1,134.5,,,,,,,,
14175,59,10/11/2011 11:55,8,7678.9,,,,,,,,
14176,297,2/15/2011 13:12,5,756.5,,,,,,,,
14177,86,9/14/2011 15:11,13,2201.8,,,,,,,,
14178,8,12/1/2011 12:01,7,1585.3,,,,,,,,
14179,40,10/30/2011 12:07,2,624,,,,,,,,
14180,10,11/29/2011 10:56,33,6117.5,,,,,,,,
14181,410,10/25/2010 8:27,2,308.4,,,,,,,,
14182,443,9/22/2010 11:45,4,678.8,,,,,,,,
14183,411,10/24/2010 14:45,2,272.4,,,,,,,,
14184,66,10/4/2011 12:43,1,452.9,,,,,,,,
14185,331,1/12/2011 13:52,1,197.7,,,,,,,,
14186,427,10/8/2010 13:30,5,1550.6,,,,,,,,
14187,473,8/23/2010 12:06,1,123.5,,,,,,,,
14188,30,11/9/2011 12:45,6,2054.4,,,,,,,,
14189,2,12/7/2011 15:55,16,5503.2,,,,,,,,
14190,666,2/11/2010 14:27,1,79.9,,,,,,,,
14191,1,12/8/2011 9:23,15,4817.7,,,,,,,,
14192,388,11/16/2010 17:44,1,293.7,,,,,,,,
14193,67,10/3/2011 9:34,3,1210.2,,,,,,,,
14194,4,12/5/2011 10:38,36,18670.6,,,,,,,,
14195,201,5/22/2011 10:29,6,2615.6,,,,,,,,
14196,106,8/25/2011 10:25,1,335.5,,,,,,,,
14197,410,10/25/2010 10:01,1,390.1,,,,,,,,
14198,18,11/21/2011 16:35,9,1569.7,,,,,,,,
14199,218,5/5/2011 13:44,4,1091.7,,,,,,,,
14200,617,4/1/2010 13:01,1,379.2,,,,,,,,
14201,60,10/10/2011 13:27,10,1193.5,,,,,,,,
14202,381,11/23/2010 17:13,3,847.8,,,,,,,,
14203,397,11/7/2010 13:35,1,339.3,,,,,,,,
14204,2,12/7/2011 13:38,4,1011.5,,,,,,,,
14205,16,11/23/2011 10:55,9,2414.2,,,,,,,,
14206,239,4/14/2011 16:38,3,1185,,,,,,,,
14207,687,1/21/2010 9:33,1,157.8,,,,,,,,
14208,94,9/6/2011 12:48,2,567.1,,,,,,,,
14209,10,11/29/2011 10:18,15,4993.3,,,,,,,,
14210,105,8/26/2011 12:36,16,5556.6,,,,,,,,
14211,53,10/17/2011 13:23,18,4402.3,,,,,,,,
14212,89,9/11/2011 12:45,2,2190.1,,,,,,,,
14213,404,10/31/2010 10:37,1,1192.2,,,,,,,,
14214,30,11/9/2011 10:31,5,1004.4,,,,,,,,
14215,11,11/28/2011 12:19,9,3250.3,,,,,,,,
14216,3,12/6/2011 14:56,5,2150,,,,,,,,
14217,1,12/8/2011 11:53,23,3298.6,,,,,,,,
14218,42,10/28/2011 10:00,1,169.5,,,,,,,,
14219,4,12/5/2011 16:23,3,633.8,,,,,,,,
14220,247,4/6/2011 13:23,4,1515,,,,,,,,
14221,42,10/28/2011 13:42,17,6517.5,,,,,,,,
14222,177,6/15/2011 16:42,1,683.2,,,,,,,,
14223,92,9/8/2011 13:38,3,991.1,,,,,,,,
14224,110,8/21/2011 13:24,9,1824.7,,,,,,,,
14225,434,10/1/2010 10:32,4,2000.5,,,,,,,,
14226,28,11/11/2011 11:34,6,2975.2,,,,,,,,
14227,26,11/13/2011 15:48,15,6368.7,,,,,,,,
14228,437,9/28/2010 9:45,3,745.5,,,,,,,,
14229,51,10/19/2011 10:04,7,2594,,,,,,,,
14230,435,9/30/2010 9:07,3,979.8,,,,,,,,
14231,183,6/9/2011 11:05,4,1235.6,,,,,,,,
14232,42,10/28/2011 11:09,5,2048.1,,,,,,,,
14233,49,10/21/2011 15:54,7,2904.3,,,,,,,,
14234,22,11/17/2011 17:53,4,740.9,,,,,,,,
14235,75,9/25/2011 14:37,9,4718,,,,,,,,
14236,80,9/20/2011 9:13,5,1555.3,,,,,,,,
14237,373,12/1/2010 13:20,2,471.1,,,,,,,,
14238,326,1/17/2011 14:40,3,434.2,,,,,,,,
14239,43,10/27/2011 14:40,21,4263.2,,,,,,,,
14240,30,11/9/2011 13:45,3,1247.5,,,,,,,,
14241,183,6/9/2011 11:46,2,333.7,,,,,,,,
14242,234,4/19/2011 11:46,2,280.6,,,,,,,,
14243,8,12/1/2011 11:12,17,7217.8,,,,,,,,
14244,660,2/17/2010 11:40,1,366.4,,,,,,,,
14245,219,5/4/2011 8:40,2,1693.5,,,,,,,,
14246,110,8/21/2011 11:50,3,1474.1,,,,,,,,
14247,278,3/6/2011 15:21,5,728.5,,,,,,,,
14248,318,1/25/2011 14:45,3,1033,,,,,,,,
14249,410,10/25/2010 12:34,12,5253.4,,,,,,,,
14250,7,12/2/2011 14:30,3,1904.1,,,,,,,,
14251,1,12/8/2011 8:32,5,2879.7,,,,,,,,
14252,381,11/23/2010 13:36,1,351,,,,,,,,
14253,493,8/3/2010 14:55,2,363.4,,,,,,,,
14254,432,10/3/2010 11:52,1,601,,,,,,,,
14255,546,6/11/2010 15:54,1,1000.6,,,,,,,,
14256,260,3/24/2011 13:17,5,2460.8,,,,,,,,
14257,64,10/6/2011 16:54,9,5954.5,,,,,,,,
14258,9,11/30/2011 15:27,25,32051.3,,,,,,,,
14259,141,7/21/2011 10:44,1,120,,,,,,,,
14260,471,8/25/2010 14:55,3,824.3,,,,,,,,
14261,50,10/20/2011 10:04,2,1163.5,,,,,,,,
14262,8,12/1/2011 14:17,8,2618.2,,,,,,,,
14263,423,10/12/2010 14:09,1,322.9,,,,,,,,
14264,154,7/8/2011 10:20,6,1517.4,,,,,,,,
14265,109,8/22/2011 13:32,4,1373.4,,,,,,,,
14266,428,10/7/2010 13:32,1,40.6,,,,,,,,
14267,162,6/30/2011 10:09,3,1516.2,,,,,,,,
14268,470,8/26/2010 10:45,1,354.9,,,,,,,,
14269,439,9/26/2010 12:53,1,295.7,,,,,,,,
14270,331,1/12/2011 9:33,1,492.7,,,,,,,,
14271,225,4/28/2011 12:47,2,214.2,,,,,,,,
14272,73,9/27/2011 10:08,4,920.8,,,,,,,,
14273,51,10/19/2011 13:20,4,560,,,,,,,,
14274,686,1/22/2010 12:51,1,256.6,,,,,,,,
14275,395,11/9/2010 9:06,6,1189.4,,,,,,,,
14276,98,9/2/2011 9:45,7,2102.7,,,,,,,,
14277,15,11/24/2011 15:01,9,17166.1,,,,,,,,
14278,409,10/26/2010 12:07,1,205.8,,,,,,,,
14279,520,7/7/2010 8:42,2,191.9,,,,,,,,
14280,196,5/27/2011 10:37,1,134,,,,,,,,
14281,408,10/27/2010 14:45,1,245.2,,,,,,,,
14282,3,12/6/2011 17:04,25,7250.8,,,,,,,,
14283,463,9/2/2010 14:46,4,628.4,,,,,,,,
14284,30,11/9/2011 8:11,3,1299.7,,,,,,,,
14285,21,11/18/2011 14:50,8,3278.5,,,,,,,,
14286,23,11/16/2011 10:34,7,8479.8,,,,,,,,
14287,8,12/1/2011 13:25,3,176.6,,,,,,,,
14288,213,5/10/2011 13:22,1,426.6,,,,,,,,
14289,8,12/1/2011 11:44,6,911.3,,,,,,,,
14290,11,11/28/2011 14:02,8,4516.6,,,,,,,,
14291,1,12/8/2011 10:26,23,7904.1,,,,,,,,
14292,7,12/2/2011 11:50,16,9226.3,,,,,,,,
14293,3,12/6/2011 15:17,9,2903,,,,,,,,
14294,407,10/28/2010 16:25,1,375.3,,,,,,,,
14295,40,10/30/2011 15:50,5,2362.9,,,,,,,,
14296,421,10/14/2010 14:14,2,456.4,,,,,,,,
14297,17,11/22/2011 9:06,4,1305.3,,,,,,,,
14298,8,12/1/2011 13:12,82,91194.5,,,,,,,,
14299,8,12/1/2011 16:05,27,14070.3,,,,,,,,
14300,18,11/21/2011 8:57,1,43.2,,,,,,,,
14301,117,8/14/2011 15:33,4,1992.2,,,,,,,,
14302,430,10/5/2010 8:10,3,742.9,,,,,,,,
14303,407,10/28/2010 15:37,2,277.9,,,,,,,,
14304,222,5/1/2011 11:50,3,1725,,,,,,,,
14305,71,9/29/2011 15:29,3,1859,,,,,,,,
14306,51,10/19/2011 13:23,6,3151.4,,,,,,,,
14307,88,9/12/2011 9:38,10,4287.9,,,,,,,,
14308,549,6/8/2010 16:48,2,1147,,,,,,,,
14309,8,12/1/2011 13:33,11,3780.8,,,,,,,,
14310,432,10/3/2010 12:34,1,492.1,,,,,,,,
14311,242,4/11/2011 10:14,2,516.5,,,,,,,,
14312,46,10/24/2011 9:46,11,3090.3,,,,,,,,
14314,106,8/25/2011 10:39,2,229.8,,,,,,,,
14315,44,10/26/2011 12:06,8,3197.8,,,,,,,,
14316,422,10/13/2010 16:31,5,1370.3,,,,,,,,
14317,64,10/6/2011 10:44,1,508.6,,,,,,,,
14318,460,9/5/2010 15:32,1,158,,,,,,,,
14319,424,10/11/2010 13:38,1,494.9,,,,,,,,
14320,206,5/17/2011 9:24,5,1346.8,,,,,,,,
14321,10,11/29/2011 9:47,7,2218.1,,,,,,,,
14322,429,10/6/2010 15:17,4,474.1,,,,,,,,
14323,114,8/17/2011 11:37,2,605.1,,,,,,,,
14324,409,10/26/2010 11:44,2,701.6,,,,,,,,
14325,569,5/19/2010 9:20,1,245.5,,,,,,,,
14326,242,4/11/2011 15:04,3,941,,,,,,,,
14327,163,6/29/2011 13:58,6,1894.9,,,,,,,,
14328,438,9/27/2010 16:01,1,445.1,,,,,,,,
14329,17,11/22/2011 15:50,15,9887.6,,,,,,,,
14330,623,3/26/2010 9:10,1,200.6,,,,,,,,
14331,124,8/7/2011 13:17,2,462.7,,,,,,,,
14332,22,11/17/2011 11:54,5,1905.6,,,,,,,,
14333,67,10/3/2011 10:38,1,415.2,,,,,,,,
14334,16,11/23/2011 10:01,12,4318.5,,,,,,,,
14335,16,11/23/2011 13:41,2,451.1,,,,,,,,
14336,16,11/23/2011 11:40,4,1614.9,,,,,,,,
14338,161,7/1/2011 14:08,3,928.1,,,,,,,,
14339,242,4/11/2011 11:06,2,620.3,,,,,,,,
14340,218,5/5/2011 9:44,1,134.7,,,,,,,,
14341,45,10/25/2011 15:48,18,4447.9,,,,,,,,
14342,21,11/18/2011 13:21,6,918.4,,,,,,,,
14343,421,10/14/2010 13:05,4,1062.6,,,,,,,,
14344,127,8/4/2011 13:51,20,2987.2,,,,,,,,
14345,38,11/1/2011 9:51,1,109,,,,,,,,
14346,120,8/11/2011 9:47,5,2315.8,,,,,,,,
14347,736,12/3/2009 10:49,1,82.6,,,,,,,,
14348,260,3/24/2011 16:23,1,409.6,,,,,,,,
14349,10,11/29/2011 15:39,1,133.5,,,,,,,,
14350,274,3/10/2011 14:14,3,972,,,,,,,,
14351,164,6/28/2011 11:56,1,51,,,,,,,,
14352,157,7/5/2011 15:41,4,1008.2,,,,,,,,
14353,215,5/8/2011 16:06,3,376.5,,,,,,,,
14354,5,12/4/2011 11:32,2,163.6,,,,,,,,
14355,365,12/9/2010 12:16,3,840.1,,,,,,,,
14356,79,9/21/2011 9:18,2,701.2,,,,,,,,
14357,43,10/27/2011 16:23,1,223.6,,,,,,,,
14358,389,11/15/2010 15:51,2,400.1,,,,,,,,
14359,19,11/20/2011 13:17,3,912.2,,,,,,,,
14360,31,11/8/2011 9:12,4,2118,,,,,,,,
14361,578,5/10/2010 12:29,1,214.7,,,,,,,,
14362,22,11/17/2011 15:08,1,151.5,,,,,,,,
14363,402,11/2/2010 17:01,2,227.5,,,,,,,,
14364,108,8/23/2011 11:01,8,3717.4,,,,,,,,
14365,394,11/10/2010 9:52,2,634.7,,,,,,,,
14366,525,7/2/2010 17:23,1,136,,,,,,,,
14367,8,12/1/2011 13:19,16,9208,,,,,,,,
14368,319,1/24/2011 9:52,1,155,,,,,,,,
14369,642,3/7/2010 15:47,2,469.1,,,,,,,,
14370,450,9/15/2010 10:53,6,1175.8,,,,,,,,
14371,295,2/17/2011 16:35,1,100.5,,,,,,,,
14372,443,9/22/2010 16:17,2,860.1,,,,,,,,
14373,358,12/16/2010 15:40,1,76.6,,,,,,,,
14374,541,6/16/2010 14:25,1,108,,,,,,,,
14375,185,6/7/2011 13:44,3,1072.1,,,,,,,,
14376,683,1/25/2010 15:36,1,213.8,,,,,,,,
14377,191,6/1/2011 13:32,2,617.1,,,,,,,,
14378,621,3/28/2010 12:22,1,131.3,,,,,,,,
14379,44,10/26/2011 16:43,4,1242.6,,,,,,,,
14380,682,1/26/2010 17:11,1,49,,,,,,,,
14381,52,10/18/2011 17:10,2,625.9,,,,,,,,
14382,26,11/13/2011 16:18,2,1093.8,,,,,,,,
14383,38,11/1/2011 15:53,3,1247.7,,,,,,,,
14384,500,7/27/2010 9:53,1,58.5,,,,,,,,
14385,9,11/30/2011 15:36,3,202.1,,,,,,,,
14386,296,2/16/2011 9:45,1,142.4,,,,,,,,
14387,32,11/7/2011 12:29,3,1719.2,,,,,,,,
14388,10,11/29/2011 13:32,16,6388.2,,,,,,,,
14389,65,10/5/2011 15:17,5,1898,,,,,,,,
14390,10,11/29/2011 13:49,13,6108.4,,,,,,,,
14391,576,5/12/2010 9:42,1,135.6,,,,,,,,
14392,432,10/3/2010 12:56,1,266.4,,,,,,,,
14393,218,5/5/2011 18:16,1,68,,,,,,,,
14394,564,5/24/2010 10:43,1,93.8,,,,,,,,
14395,2,12/7/2011 14:34,20,7637.1,,,,,,,,
14396,65,10/5/2011 16:09,7,1907.2,,,,,,,,
14397,2,12/7/2011 9:22,19,2613,,,,,,,,
14398,401,11/3/2010 13:46,2,707.8,,,,,,,,
14399,394,11/10/2010 13:23,8,2095.5,,,,,,,,
14400,149,7/13/2011 15:50,3,1732.5,,,,,,,,
14401,4,12/5/2011 13:30,22,6795.9,,,,,,,,
14402,652,2/25/2010 13:20,1,285.6,,,,,,,,
14403,130,8/1/2011 12:57,6,1880.5,,,,,,,,
14404,33,11/6/2011 12:30,13,2721.6,,,,,,,,
14405,386,11/18/2010 11:40,1,195,,,,,,,,
14406,119,8/12/2011 16:54,1,156.8,,,,,,,,
14407,107,8/24/2011 14:02,6,2157.7,,,,,,,,
14408,10,11/29/2011 11:41,11,4037.8,,,,,,,,
14409,71,9/29/2011 18:18,9,3427.3,,,,,,,,
14410,92,9/8/2011 15:08,11,2508.8,,,,,,,,
14411,310,2/2/2011 10:56,1,1063,,,,,,,,
14412,42,10/28/2011 10:45,3,1426.2,,,,,,,,
14413,362,12/12/2010 13:37,4,764.5,,,,,,,,
14414,91,9/9/2011 12:09,8,2399.3,,,,,,,,
14415,1,12/8/2011 14:38,23,11717.2,,,,,,,,
14416,22,11/17/2011 15:22,2,490.2,,,,,,,,
14417,387,11/17/2010 10:55,1,488.2,,,,,,,,
14418,3,12/6/2011 11:39,3,1933.4,,,,,,,,
14419,10,11/29/2011 11:22,7,1243,,,,,,,,
14420,99,9/1/2011 18:07,4,1626.4,,,,,,,,
14421,57,10/13/2011 13:24,6,2469.4,,,,,,,,
14422,0,12/9/2011 11:26,19,10271.5,,,,,,,,
14423,218,5/5/2011 15:12,3,916.6,,,,,,,,
14424,17,11/22/2011 11:48,1,322.1,,,,,,,,
14425,434,10/1/2010 10:24,3,661.4,,,,,,,,
14426,23,11/16/2011 12:25,17,11727.9,,,,,,,,
14427,50,10/20/2011 14:23,4,1263.5,,,,,,,,
14428,7,12/2/2011 13:17,5,1207.2,,,,,,,,
14429,403,11/1/2010 10:08,1,516.3,,,,,,,,
14430,511,7/16/2010 11:35,3,1220.9,,,,,,,,
14431,302,2/10/2011 10:40,4,2614.2,,,,,,,,
14432,9,11/30/2011 8:04,6,2233.9,,,,,,,,
14433,465,8/31/2010 12:35,1,277,,,,,,,,
14434,21,11/18/2011 8:56,6,1372.8,,,,,,,,
14435,501,7/26/2010 12:33,1,90.4,,,,,,,,
14436,98,9/2/2011 10:13,2,271.7,,,,,,,,
14437,365,12/9/2010 9:27,5,873.3,,,,,,,,
14438,306,2/6/2011 14:56,1,131.9,,,,,,,,
14439,319,1/24/2011 11:39,5,9443,,,,,,,,
14440,8,12/1/2011 15:42,13,5982,,,,,,,,
14441,0,12/9/2011 9:07,11,4601.8,,,,,,,,
14442,204,5/19/2011 11:36,7,5367,,,,,,,,
14443,53,10/17/2011 10:10,5,2083,,,,,,,,
14444,456,9/9/2010 18:56,1,120.4,,,,,,,,
14445,455,9/10/2010 11:09,1,221.7,,,,,,,,
14446,0,12/9/2011 11:34,5,1144,,,,,,,,
14447,18,11/21/2011 8:28,6,1711.7,,,,,,,,
14448,9,11/30/2011 13:50,2,375.4,,,,,,,,
14449,18,11/21/2011 12:06,8,2168.7,,,,,,,,
14450,180,6/12/2011 10:46,7,1128.4,,,,,,,,
14451,60,10/10/2011 13:38,12,3167,,,,,,,,
14452,10,11/29/2011 12:06,4,639.9,,,,,,,,
14453,190,6/2/2011 14:15,1,119.9,,,,,,,,
14454,376,11/28/2010 13:26,5,957.4,,,,,,,,
14455,432,10/3/2010 15:48,4,607.8,,,,,,,,
14456,5,12/4/2011 13:59,9,2907.7,,,,,,,,
14457,310,2/2/2011 9:39,1,113.6,,,,,,,,
14458,380,11/24/2010 12:43,1,226.8,,,,,,,,
14459,155,7/7/2011 13:35,2,5375.7,,,,,,,,
14460,110,8/21/2011 14:19,9,1093.5,,,,,,,,
14461,148,7/14/2011 17:11,13,6653.1,,,,,,,,
14462,66,10/4/2011 15:55,12,2211.6,,,,,,,,
14463,98,9/2/2011 15:20,4,786.6,,,,,,,,
14464,568,5/20/2010 18:00,2,111,,,,,,,,
14465,246,4/7/2011 12:38,11,3889,,,,,,,,
14466,29,11/10/2011 14:07,13,4259.9,,,,,,,,
14467,17,11/22/2011 12:48,12,2178,,,,,,,,
14468,733,12/6/2009 12:21,1,204.2,,,,,,,,
14469,416,10/19/2010 14:30,4,2085.7,,,,,,,,
14470,11,11/28/2011 10:31,3,712,,,,,,,,
14471,591,4/27/2010 17:12,2,401,,,,,,,,
14472,103,8/28/2011 11:01,9,2061.1,,,,,,,,
14473,74,9/26/2011 15:10,2,234.3,,,,,,,,
14474,46,10/24/2011 13:26,2,1249,,,,,,,,
14475,71,9/29/2011 10:46,4,1151.2,,,,,,,,
14476,257,3/27/2011 15:39,1,193,,,,,,,,
14477,19,11/20/2011 11:11,7,1969.6,,,,,,,,
14478,382,11/22/2010 15:29,4,1276.7,,,,,,,,
14479,253,3/31/2011 9:07,4,1111.6,,,,,,,,
14480,11,11/28/2011 16:35,4,1299.5,,,,,,,,
14481,164,6/28/2011 10:38,5,2267.6,,,,,,,,
14482,18,11/21/2011 13:14,12,4247.1,,,,,,,,
14483,281,3/3/2011 10:26,2,257.1,,,,,,,,
14484,50,10/20/2011 14:11,4,1071,,,,,,,,
14485,38,11/1/2011 12:25,1,158.2,,,,,,,,
14486,511,7/16/2010 9:42,2,175.5,,,,,,,,
14487,26,11/13/2011 12:17,7,1229.3,,,,,,,,
14488,67,10/3/2011 9:30,1,1064.3,,,,,,,,
14489,207,5/16/2011 14:51,4,1574.9,,,,,,,,
14490,406,10/29/2010 15:04,2,1273.5,,,,,,,,
14491,175,6/17/2011 15:22,2,340.9,,,,,,,,
14492,430,10/5/2010 13:21,7,1921.9,,,,,,,,
14493,7,12/2/2011 16:14,10,5028.3,,,,,,,,
14494,25,11/14/2011 9:21,3,401.5,,,,,,,,
14495,50,10/20/2011 12:28,3,174.8,,,,,,,,
14496,311,2/1/2011 9:01,7,2363.9,,,,,,,,
14497,309,2/3/2011 17:01,2,697.1,,,,,,,,
14498,42,10/28/2011 12:09,10,3849.3,,,,,,,,
14499,26,11/13/2011 13:01,7,2063.9,,,,,,,,
14500,88,9/12/2011 16:45,3,254.9,,,,,,,,
14501,183,6/9/2011 12:02,2,251.2,,,,,,,,
14502,19,11/20/2011 11:50,11,2379,,,,,,,,
14503,3,12/6/2011 13:30,6,3543.3,,,,,,,,
14504,47,10/23/2011 16:00,4,673.3,,,,,,,,
14505,17,11/22/2011 15:45,19,11563.3,,,,,,,,
14506,17,11/22/2011 13:02,7,2924,,,,,,,,
14507,23,11/16/2011 12:21,11,3179.1,,,,,,,,
14508,22,11/17/2011 19:48,5,795.4,,,,,,,,
14509,534,6/23/2010 13:21,1,111,,,,,,,,
14510,375,11/29/2010 12:46,3,979.9,,,,,,,,
14511,11,11/28/2011 17:05,5,1314.8,,,,,,,,
14512,187,6/5/2011 12:39,7,1216,,,,,,,,
14513,100,8/31/2011 11:25,6,788,,,,,,,,
14514,61,10/9/2011 16:05,9,4331,,,,,,,,
14515,17,11/22/2011 11:37,12,3724.1,,,,,,,,
14516,516,7/11/2010 14:07,1,151.2,,,,,,,,
14517,33,11/6/2011 14:20,2,330.5,,,,,,,,
14518,64,10/6/2011 14:43,1,174.4,,,,,,,,
14519,683,1/25/2010 11:18,2,203.1,,,,,,,,
14520,1,12/8/2011 9:46,2,270.6,,,,,,,,
14521,491,8/5/2010 16:35,1,199.5,,,,,,,,
14522,24,11/15/2011 13:24,8,1718.9,,,,,,,,
14523,108,8/23/2011 13:13,1,241.1,,,,,,,,
14524,31,11/8/2011 12:29,13,2901.5,,,,,,,,
14525,19,11/20/2011 11:37,17,7780.1,,,,,,,,
14526,389,11/15/2010 13:32,1,258.7,,,,,,,,
14527,2,12/7/2011 12:19,122,27229.5,,,,,,,,
14528,37,11/2/2011 17:09,1,364.2,,,,,,,,
14529,60,10/10/2011 15:27,3,553.1,,,,,,,,
14530,25,11/14/2011 10:38,16,6062.7,,,,,,,,
14531,479,8/17/2010 10:16,1,376.3,,,,,,,,
14532,236,4/17/2011 13:05,11,3839.1,,,,,,,,
14533,24,11/15/2011 12:05,11,3466.4,,,,,,,,
14534,2,12/7/2011 12:19,26,6038.6,,,,,,,,
14535,60,10/10/2011 15:39,9,5907.3,,,,,,,,
14536,259,3/25/2011 12:21,1,171,,,,,,,,
14537,57,10/13/2011 10:54,2,641.4,,,,,,,,
14538,64,10/6/2011 10:31,5,1370.8,,,,,,,,
14539,15,11/24/2011 9:50,2,537.5,,,,,,,,
14540,9,11/30/2011 10:15,11,3569.3,,,,,,,,
14541,58,10/12/2011 10:08,14,2428,,,,,,,,
14542,185,6/7/2011 8:19,1,103.3,,,,,,,,
14543,28,11/11/2011 12:45,39,14233,,,,,,,,
14544,24,11/15/2011 15:06,3,2854.1,,,,,,,,
14545,674,2/3/2010 15:23,1,349.3,,,,,,,,
14546,5,12/4/2011 13:00,11,5099.9,,,,,,,,
14547,3,12/6/2011 11:06,8,3930,,,,,,,,
14548,150,7/12/2011 12:19,9,2293.2,,,,,,,,
14549,311,2/1/2011 13:47,4,913.6,,,,,,,,
14550,10,11/29/2011 12:12,4,1327.2,,,,,,,,
14551,18,11/21/2011 13:36,7,870.6,,,,,,,,
14552,151,7/11/2011 12:49,3,507.9,,,,,,,,
14553,19,11/20/2011 13:20,9,1789.7,,,,,,,,
14554,10,11/29/2011 16:44,4,2187.2,,,,,,,,
14555,57,10/13/2011 16:24,6,2247.4,,,,,,,,
14556,596,4/22/2010 14:57,3,815.7,,,,,,,,
14557,85,9/15/2011 15:48,1,788.4,,,,,,,,
14558,654,2/23/2010 12:51,3,655.5,,,,,,,,
14559,390,11/14/2010 16:05,1,75.6,,,,,,,,
14560,7,12/2/2011 15:22,44,6013.2,,,,,,,,
14561,75,9/25/2011 12:39,3,1080.8,,,,,,,,
14562,3,12/6/2011 11:05,26,6557,,,,,,,,
14563,509,7/18/2010 12:01,2,583.8,,,,,,,,
14564,434,10/1/2010 9:02,2,2605.6,,,,,,,,
14565,95,9/5/2011 9:07,5,3859.2,,,,,,,,
14566,110,8/21/2011 11:05,4,4092,,,,,,,,
14567,56,10/14/2011 10:21,2,1530.4,,,,,,,,
14568,435,9/30/2010 17:15,1,919.7,,,,,,,,
14569,1,12/8/2011 14:58,4,589.3,,,,,,,,
14570,280,3/4/2011 10:58,3,580.9,,,,,,,,
14571,425,10/10/2010 15:06,1,160,,,,,,,,
14572,3,12/6/2011 14:40,11,5322.2,,,,,,,,
14573,179,6/13/2011 11:15,13,2124.2,,,,,,,,
14574,732,12/7/2009 12:42,1,143.7,,,,,,,,
14575,488,8/8/2010 14:51,1,418.7,,,,,,,,
14576,372,12/2/2010 17:51,1,35.4,,,,,,,,
14577,12,11/27/2011 12:47,7,1302.1,,,,,,,,
14578,3,12/6/2011 17:18,1,168.6,,,,,,,,
14579,432,10/3/2010 14:36,1,100.5,,,,,,,,
14580,518,7/9/2010 15:20,1,14.9,,,,,,,,
14581,16,11/23/2011 12:39,2,404.7,,,,,,,,
14582,40,10/30/2011 11:56,1,114.1,,,,,,,,
14583,5,12/4/2011 12:32,8,1584.9,,,,,,,,
14584,169,6/23/2011 18:33,8,1726.5,,,,,,,,
14585,50,10/20/2011 14:33,5,1143.3,,,,,,,,
14586,276,3/8/2011 10:04,1,237.4,,,,,,,,
14587,18,11/21/2011 11:34,9,1566.6,,,,,,,,
14588,578,5/10/2010 15:08,1,135.4,,,,,,,,
14589,371,12/3/2010 11:42,1,39.8,,,,,,,,
14590,424,10/11/2010 12:06,20,2986.1,,,,,,,,
14591,15,11/24/2011 13:57,4,1274.7,,,,,,,,
14592,35,11/4/2011 16:35,3,555.7,,,,,,,,
14593,21,11/18/2011 12:48,12,3510.8,,,,,,,,
14594,7,12/2/2011 13:28,2,356.8,,,,,,,,
14595,19,11/20/2011 12:12,8,2164.5,,,,,,,,
14596,626,3/23/2010 12:13,1,212.4,,,,,,,,
14597,11,11/28/2011 13:13,6,2062.3,,,,,,,,
14598,44,10/26/2011 13:19,2,380.7,,,,,,,,
14599,390,11/14/2010 14:49,2,450.7,,,,,,,,
14600,305,2/7/2011 9:48,2,865.2,,,,,,,,
14601,10,11/29/2011 9:48,1,214,,,,,,,,
14602,656,2/21/2010 15:47,1,205.4,,,,,,,,
14603,274,3/10/2011 10:27,1,660,,,,,,,,
14604,633,3/16/2010 13:00,1,126.4,,,,,,,,
14605,374,11/30/2010 14:07,4,855.7,,,,,,,,
14606,1,12/8/2011 19:28,192,29678.5,,,,,,,,
14607,15,11/24/2011 10:35,22,23691.1,,,,,,,,
14608,4,12/5/2011 16:52,11,3352.9,,,,,,,,
14609,72,9/28/2011 12:54,10,1486.2,,,,,,,,
14610,395,11/9/2010 10:58,2,24.4,,,,,,,,
14611,443,9/22/2010 9:19,2,604.3,,,,,,,,
14612,415,10/20/2010 16:01,1,877.7,,,,,,,,
14613,680,1/28/2010 13:02,1,76.3,,,,,,,,
14614,386,11/18/2010 13:04,1,295.1,,,,,,,,
14615,394,11/10/2010 13:36,5,951.8,,,,,,,,
14616,242,4/11/2011 9:54,5,527.8,,,,,,,,
14617,402,11/2/2010 11:41,2,190.5,,,,,,,,
14618,9,11/30/2011 13:45,7,1322.5,,,,,,,,
14619,245,4/8/2011 7:37,2,1291.2,,,,,,,,
14620,205,5/18/2011 11:58,2,412.8,,,,,,,,
14621,1,12/8/2011 16:22,9,3000.6,,,,,,,,
14622,184,6/8/2011 12:42,1,320.6,,,,,,,,
14623,32,11/7/2011 13:56,10,2015.3,,,,,,,,
14624,57,10/13/2011 13:44,6,814.1,,,,,,,,
14625,196,5/27/2011 15:32,11,4497.9,,,,,,,,
14626,23,11/16/2011 10:37,11,5410.9,,,,,,,,
14627,379,11/25/2010 16:32,1,462.8,,,,,,,,
14628,91,9/9/2011 14:58,5,1998,,,,,,,,
14629,4,12/5/2011 16:55,2,948.1,,,,,,,,
14630,484,8/12/2010 16:38,1,338.7,,,,,,,,
14631,50,10/20/2011 11:17,6,2025.7,,,,,,,,
14632,262,3/22/2011 8:49,1,114.6,,,,,,,,
14633,266,3/18/2011 17:07,1,344.9,,,,,,,,
14634,437,9/28/2010 10:40,4,2124.5,,,,,,,,
14635,453,9/12/2010 10:47,1,215.2,,,,,,,,
14636,36,11/3/2011 16:12,2,609.9,,,,,,,,
14637,677,1/31/2010 15:52,1,106.7,,,,,,,,
14638,50,10/20/2011 10:10,1,443.6,,,,,,,,
14639,52,10/18/2011 15:06,9,4979,,,,,,,,
14640,24,11/15/2011 13:07,10,3649.4,,,,,,,,
14641,21,11/18/2011 10:42,1,110.5,,,,,,,,
14642,58,10/12/2011 11:08,1,96.1,,,,,,,,
14643,170,6/22/2011 14:41,5,1679.9,,,,,,,,
14644,67,10/3/2011 8:30,7,2247.7,,,,,,,,
14645,156,7/6/2011 9:15,3,876.9,,,,,,,,
14646,1,12/8/2011 12:12,151,528380,,,,,,,,
14647,201,5/22/2011 13:40,2,480.1,,,,,,,,
14648,416,10/19/2010 13:12,15,4375.1,,,,,,,,
14649,4,12/5/2011 12:30,9,3530.2,,,,,,,,
14650,589,4/29/2010 20:27,1,62.5,,,,,,,,
14651,67,10/3/2011 15:52,9,2007.5,,,,,,,,
14652,77,9/23/2011 14:21,1,114.2,,,,,,,,
14653,1,12/8/2011 13:45,12,3575.6,,,,,,,,
14654,738,12/1/2009 12:57,1,246.9,,,,,,,,
14655,8,12/1/2011 16:28,7,3878.5,,,,,,,,
14656,169,6/23/2011 13:51,5,771.3,,,,,,,,
14657,17,11/22/2011 12:47,6,1372.3,,,,,,,,
14658,5,12/4/2011 15:35,2,247.2,,,,,,,,
14659,8,12/1/2011 12:17,9,2520,,,,,,,,
14660,86,9/14/2011 11:34,2,285.7,,,,,,,,
14661,26,11/13/2011 11:51,1,108,,,,,,,,
14662,28,11/11/2011 12:13,7,1339.5,,,,,,,,
14663,430,10/5/2010 13:21,2,465.9,,,,,,,,
14664,19,11/20/2011 10:59,2,619.2,,,,,,,,
14665,60,10/10/2011 9:14,7,2749.7,,,,,,,,
14666,24,11/15/2011 12:57,1,195.3,,,,,,,,
14667,10,11/29/2011 11:30,54,20128.2,,,,,,,,
14668,445,9/20/2010 15:03,1,110,,,,,,,,
14669,241,4/12/2011 11:43,7,3150.4,,,,,,,,
14670,280,3/4/2011 14:13,3,572,,,,,,,,
14671,549,6/8/2010 13:39,2,1111.4,,,,,,,,
14672,234,4/19/2011 10:19,4,1109.4,,,,,,,,
14673,3,12/6/2011 14:31,7,3037.3,,,,,,,,
14674,509,7/18/2010 14:25,1,173.7,,,,,,,,
14675,16,11/23/2011 12:58,2,960.4,,,,,,,,
14676,31,11/8/2011 13:29,12,8356.8,,,,,,,,
14677,592,4/26/2010 9:48,1,184.9,,,,,,,,
14678,579,5/9/2010 14:32,1,403.4,,,,,,,,
14679,381,11/23/2010 11:51,3,1289.4,,,,,,,,
14680,25,11/14/2011 16:59,58,55482.3,,,,,,,,
14681,71,9/29/2011 15:52,6,875.2,,,,,,,,
14682,187,6/5/2011 12:12,6,1514.8,,,,,,,,
14683,588,4/30/2010 17:18,1,146.6,,,,,,,,
14684,25,11/14/2011 11:33,6,1420.8,,,,,,,,
14685,576,5/12/2010 13:08,8,4456.5,,,,,,,,
14686,414,10/21/2010 18:31,5,831.6,,,,,,,,
14687,106,8/25/2011 11:59,3,1402.1,,,,,,,,
14688,7,12/2/2011 12:26,28,7178.7,,,,,,,,
14689,208,5/15/2011 11:22,1,112.8,,,,,,,,
14690,44,10/26/2011 15:39,4,777.7,,,,,,,,
14691,30,11/9/2011 12:30,5,2114.3,,,,,,,,
14692,137,7/25/2011 15:08,12,1678.5,,,,,,,,
14693,264,3/20/2011 12:50,7,1165.4,,,,,,,,
14694,617,4/1/2010 19:46,1,244.3,,,,,,,,
14695,519,7/8/2010 14:18,3,1530.5,,,,,,,,
14696,4,12/5/2011 13:43,8,2473.3,,,,,,,,
14697,218,5/5/2011 15:39,2,188.6,,,,,,,,
14698,1,12/8/2011 12:26,5,1185.2,,,,,,,,
14699,214,5/9/2011 14:54,4,702.6,,,,,,,,
14700,32,11/7/2011 14:40,5,3040.7,,,,,,,,
14701,10,11/29/2011 12:38,15,4418.1,,,,,,,,
14702,1,12/8/2011 19:29,29,6354.5,,,,,,,,
14703,14,11/25/2011 9:23,1,318.2,,,,,,,,
14704,11,11/28/2011 12:51,11,1666.2,,,,,,,,
14705,198,5/25/2011 12:39,1,179,,,,,,,,
14706,618,3/31/2010 11:09,1,367.5,,,,,,,,
14707,435,9/30/2010 11:37,2,139.2,,,,,,,,
14708,2,12/7/2011 8:21,5,1793.2,,,,,,,,
14709,15,11/24/2011 15:41,25,8886.3,,,,,,,,
14710,14,11/25/2011 14:53,13,1803.1,,,,,,,,
14711,10,11/29/2011 14:58,11,2813.9,,,,,,,,
14712,29,11/10/2011 12:59,4,1328.1,,,,,,,,
14713,9,11/30/2011 16:26,21,5101.7,,,,,,,,
14714,24,11/15/2011 13:07,4,888.4,,,,,,,,
14715,24,11/15/2011 12:10,8,1810,,,,,,,,
14716,43,10/27/2011 17:29,3,534.7,,,,,,,,
14717,733,12/6/2009 13:05,1,81.3,,,,,,,,
14718,410,10/25/2010 13:07,1,226.4,,,,,,,,
14719,1,12/8/2011 12:43,5,1563.1,,,,,,,,
14720,5,12/4/2011 12:02,3,663.8,,,,,,,,
14721,379,11/25/2010 13:08,1,98.9,,,,,,,,
14722,147,7/15/2011 14:58,3,489.5,,,,,,,,
14723,10,11/29/2011 15:23,11,1697.1,,,,,,,,
14724,590,4/28/2010 13:26,1,337,,,,,,,,
14725,24,11/15/2011 12:42,4,1108.8,,,,,,,,
14726,654,2/23/2010 12:35,1,116.5,,,,,,,,
14727,274,3/10/2011 14:45,3,462.5,,,,,,,,
14728,413,10/22/2010 15:57,1,190.6,,,,,,,,
14729,373,12/1/2010 12:43,3,561.5,,,,,,,,
14730,1,12/8/2011 14:39,8,1787.1,,,,,,,,
14731,47,10/23/2011 15:54,3,373.4,,,,,,,,
14732,8,12/1/2011 14:34,19,5517.1,,,,,,,,
14733,16,11/23/2011 15:39,15,14315.4,,,,,,,,
14734,425,10/10/2010 12:04,4,1056.4,,,,,,,,
14735,3,12/6/2011 12:09,56,12240.2,,,,,,,,
14736,485,8/11/2010 15:21,2,369.5,,,,,,,,
14737,3,12/6/2011 10:16,4,3554.2,,,,,,,,
14738,42,10/28/2011 8:56,9,1813.5,,,,,,,,
14739,4,12/5/2011 16:54,25,11573.6,,,,,,,,
14740,197,5/26/2011 18:17,11,4161.1,,,,,,,,
14741,11,11/28/2011 8:48,7,1713.1,,,,,,,,
14742,435,9/30/2010 14:07,1,579.9,,,,,,,,
14743,592,4/26/2010 10:26,1,50.5,,,,,,,,
14744,16,11/23/2011 12:51,14,3660.1,,,,,,,,
14745,112,8/19/2011 10:05,12,2551.4,,,,,,,,
14746,406,10/29/2010 14:44,4,593.5,,,,,,,,
14747,249,4/4/2011 14:09,1,328.2,,,,,,,,
14748,29,11/10/2011 18:33,10,2681.9,,,,,,,,
14749,479,8/17/2010 12:36,1,310.2,,,,,,,,
14750,736,12/3/2009 17:57,1,112,,,,,,,,
14751,684,1/24/2010 13:37,2,126.5,,,,,,,,
14752,43,10/27/2011 11:55,1,389.6,,,,,,,,
14753,87,9/13/2011 14:50,2,869.5,,,,,,,,
14754,44,10/26/2011 12:01,6,1547.9,,,,,,,,
14755,9,11/30/2011 11:24,25,9972.6,,,,,,,,
14756,15,11/24/2011 18:13,3,2653.8,,,,,,,,
14757,75,9/25/2011 14:36,1,420.5,,,,,,,,
14758,144,7/18/2011 8:21,7,2865,,,,,,,,
14759,4,12/5/2011 12:03,3,1626,,,,,,,,
14760,297,2/15/2011 16:27,1,89.2,,,,,,,,
14761,58,10/12/2011 12:10,3,447.9,,,,,,,,
14762,263,3/21/2011 8:20,2,417.6,,,,,,,,
14764,46,10/24/2011 11:54,1,278.3,,,,,,,,
14765,29,11/10/2011 19:53,3,254.1,,,,,,,,
14766,8,12/1/2011 16:05,11,6375.7,,,,,,,,
14767,474,8/22/2010 14:54,1,382.8,,,,,,,,
14768,17,11/22/2011 12:54,2,192.6,,,,,,,,
14769,2,12/7/2011 10:24,17,15310.3,,,,,,,,
14770,232,4/21/2011 14:21,8,3637.6,,,,,,,,
14771,621,3/28/2010 12:52,2,594.6,,,,,,,,
14772,112,8/19/2011 15:04,1,139.3,,,,,,,,
14773,592,4/26/2010 10:29,1,140.6,,,,,,,,
14774,528,6/29/2010 12:26,1,241.5,,,,,,,,
14775,58,10/12/2011 15:27,3,1011.9,,,,,,,,
14776,51,10/19/2011 15:34,15,3708.3,,,,,,,,
14777,403,11/1/2010 12:50,1,307.6,,,,,,,,
14778,127,8/4/2011 15:23,2,730.9,,,,,,,,
14779,280,3/4/2011 12:42,3,386.2,,,,,,,,
14780,54,10/16/2011 12:46,2,447.7,,,,,,,,
14782,319,1/24/2011 11:12,1,200.1,,,,,,,,
14783,659,2/18/2010 16:16,1,307.3,,,,,,,,
14784,26,11/13/2011 13:30,3,449.9,,,,,,,,
14785,10,11/29/2011 13:21,2,77.4,,,,,,,,
14786,550,6/7/2010 13:42,1,91,,,,,,,,
14787,471,8/25/2010 14:38,1,107.4,,,,,,,,
14788,7,12/2/2011 17:06,3,1156.3,,,,,,,,
14789,28,11/11/2011 8:59,1,197.6,,,,,,,,
14790,16,11/23/2011 9:28,10,2526.6,,,,,,,,
14791,606,4/12/2010 10:24,1,303.6,,,,,,,,
14792,63,10/7/2011 9:19,1,6.2,,,,,,,,
14793,21,11/18/2011 14:50,2,625.9,,,,,,,,
14794,2,12/7/2011 10:11,10,1953.9,,,,,,,,
14795,166,6/26/2011 13:04,1,131.5,,,,,,,,
14796,1,12/8/2011 15:31,27,9992.4,,,,,,,,
14797,507,7/20/2010 14:07,1,300.3,,,,,,,,
14798,52,10/18/2011 10:58,8,724.3,,,,,,,,
14799,51,10/19/2011 16:16,2,338.2,,,,,,,,
14800,47,10/23/2011 12:46,17,7154.1,,,,,,,,
14801,61,10/9/2011 15:24,1,188.1,,,,,,,,
14802,438,9/27/2010 16:34,2,1503,,,,,,,,
14803,162,6/30/2011 13:58,3,549.8,,,,,,,,
14804,8,12/1/2011 11:20,1,353.3,,,,,,,,
14805,15,11/24/2011 16:20,7,1082.6,,,,,,,,
14806,75,9/25/2011 15:32,2,303.4,,,,,,,,
14807,390,11/14/2010 12:47,2,504.1,,,,,,,,
14808,39,10/31/2011 12:21,8,2616.6,,,,,,,,
14809,621,3/28/2010 15:44,2,686.8,,,,,,,,
14810,40,10/30/2011 11:19,13,2311.4,,,,,,,,
14811,387,11/17/2010 13:09,1,170.5,,,,,,,,
14812,598,4/20/2010 12:13,1,178.9,,,,,,,,
14813,369,12/5/2010 11:57,4,807.1,,,,,,,,
14814,581,5/7/2010 14:10,1,149.1,,,,,,,,
14815,36,11/3/2011 11:36,2,778.5,,,,,,,,
14816,197,5/26/2011 13:16,1,271.9,,,,,,,,
14817,200,5/23/2011 13:35,7,3959.9,,,,,,,,
14818,73,9/27/2011 11:01,6,1132.1,,,,,,,,
14819,64,10/6/2011 13:41,4,454.5,,,,,,,,
14820,21,11/18/2011 15:41,9,1274.8,,,,,,,,
14821,366,12/8/2010 8:43,7,1213.7,,,,,,,,
14822,485,8/11/2010 12:52,1,157.7,,,,,,,,
14823,180,6/12/2011 13:12,3,321.4,,,,,,,,
14824,10,11/29/2011 14:20,10,4022.9,,,,,,,,
14825,3,12/6/2011 11:38,24,4710.5,,,,,,,,
14826,581,5/7/2010 9:00,2,385.2,,,,,,,,
14828,196,5/27/2011 10:16,13,9839.5,,,,,,,,
14829,29,11/10/2011 16:16,7,1455.9,,,,,,,,
14830,53,10/17/2011 14:29,1,188.9,,,,,,,,
14831,680,1/28/2010 14:31,3,1676.6,,,,,,,,
14832,630,3/19/2010 15:14,1,322.7,,,,,,,,
14833,498,7/29/2010 10:06,1,94.8,,,,,,,,
14834,17,11/22/2011 10:30,7,2206.2,,,,,,,,
14835,528,6/29/2010 10:08,2,297,,,,,,,,
14836,10,11/29/2011 16:45,3,102.5,,,,,,,,
14837,89,9/11/2011 10:58,9,3460.3,,,,,,,,
14838,423,10/12/2010 15:46,2,769.9,,,,,,,,
14839,418,10/17/2010 13:01,3,915.3,,,,,,,,
14840,267,3/17/2011 12:00,2,362.7,,,,,,,,
14841,53,10/17/2011 15:03,14,7163,,,,,,,,
14842,43,10/27/2011 12:37,4,2824.7,,,,,,,,
14843,436,9/29/2010 12:39,1,211.8,,,,,,,,
14844,63,10/7/2011 10:41,10,6702.4,,,,,,,,
14845,599,4/19/2010 10:19,1,150,,,,,,,,
14846,427,10/8/2010 17:07,1,437.4,,,,,,,,
14847,148,7/14/2011 10:52,3,1349,,,,,,,,
14848,404,10/31/2010 12:22,1,310.6,,,,,,,,
14849,21,11/18/2011 10:58,43,15407.6,,,,,,,,
14850,311,2/1/2011 11:21,7,1592.2,,,,,,,,
14851,23,11/16/2011 14:20,3,829.4,,,,,,,,
14852,58,10/12/2011 13:20,18,6132.4,,,,,,,,
14853,24,11/15/2011 16:56,5,1376.9,,,,,,,,
14854,78,9/22/2011 17:00,11,4303.1,,,,,,,,
14855,119,8/12/2011 14:02,7,6500.8,,,,,,,,
14856,36,11/3/2011 14:53,3,1290.5,,,,,,,,
14857,59,10/11/2011 9:23,7,3651.9,,,,,,,,
14858,505,7/22/2010 10:51,1,180.8,,,,,,,,
14859,12,11/27/2011 11:18,5,1705.6,,,,,,,,
14860,19,11/20/2011 14:17,1,170.3,,,,,,,,
14861,52,10/18/2011 12:54,10,1380.7,,,,,,,,
14862,25,11/14/2011 10:01,2,841.2,,,,,,,,
14863,29,11/10/2011 15:04,1,266.8,,,,,,,,
14865,7,12/2/2011 16:25,4,92.5,,,,,,,,
14866,10,11/29/2011 11:45,19,20746.5,,,,,,,,
14867,185,6/7/2011 11:39,16,2952.1,,,,,,,,
14868,3,12/6/2011 14:49,12,4184,,,,,,,,
14869,8,12/1/2011 12:36,6,2732.5,,,,,,,,
14870,261,3/23/2011 10:51,6,1839,,,,,,,,
14871,3,12/6/2011 13:42,9,1221.6,,,,,,,,
14872,483,8/13/2010 12:34,3,816.6,,,,,,,,
14873,210,5/13/2011 13:52,2,854.1,,,,,,,,
14874,535,6/22/2010 14:58,1,116.2,,,,,,,,
14875,107,8/24/2011 12:20,3,2862.4,,,,,,,,
14876,521,7/6/2010 14:57,2,256.7,,,,,,,,
14877,418,10/17/2010 13:09,2,420,,,,,,,,
14878,12,11/27/2011 11:15,25,4034.2,,,,,,,,
14879,684,1/24/2010 11:35,1,185.1,,,,,,,,
14880,77,9/23/2011 13:42,3,690.6,,,,,,,,
14881,19,11/20/2011 11:06,1,255.4,,,,,,,,
14882,26,11/13/2011 12:47,14,3546.7,,,,,,,,
14883,18,11/21/2011 10:23,6,761.6,,,,,,,,
14884,669,2/8/2010 12:56,1,120.6,,,,,,,,
14885,131,7/31/2011 12:05,3,1598.1,,,,,,,,
14886,252,4/1/2011 8:56,1,364.8,,,,,,,,
14887,79,9/21/2011 15:32,1,1862,,,,,,,,
14888,207,5/16/2011 14:58,1,369.2,,,,,,,,
14889,336,1/7/2011 15:19,1,135.9,,,,,,,,
14890,253,3/31/2011 11:57,3,817.3,,,,,,,,
14891,148,7/14/2011 18:08,4,1106.7,,,,,,,,
14892,690,1/18/2010 8:58,1,202.4,,,,,,,,
14893,9,11/30/2011 12:31,3,1809.6,,,,,,,,
14894,85,9/15/2011 13:51,3,1492.8,,,,,,,,
14895,7,12/2/2011 9:23,38,25117.9,,,,,,,,
14896,204,5/19/2011 10:20,8,1800.8,,,,,,,,
14897,7,12/2/2011 10:32,8,3140.5,,,,,,,,
14898,23,11/16/2011 14:54,14,3293.8,,,,,,,,
14899,395,11/9/2010 15:20,1,1300.3,,,,,,,,
14900,522,7/5/2010 15:09,1,13.9,,,,,,,,
14901,11,11/28/2011 17:09,12,1889.5,,,,,,,,
14902,25,11/14/2011 10:34,3,1035.6,,,,,,,,
14903,21,11/18/2011 16:07,5,2786,,,,,,,,
14904,2,12/7/2011 12:55,4,1622.6,,,,,,,,
14905,157,7/5/2011 12:41,8,1971.4,,,,,,,,
14906,445,9/20/2010 16:30,1,68.4,,,,,,,,
14907,3,12/6/2011 14:14,16,5547.7,,,,,,,,
14908,74,9/26/2011 12:56,2,381.9,,,,,,,,
14909,437,9/28/2010 16:56,3,1404.7,,,,,,,,
14910,2,12/7/2011 10:06,4,434.4,,,,,,,,
14911,1,12/8/2011 15:54,398,291420.8,,,,,,,,
14912,16,11/23/2011 9:20,6,1889.3,,,,,,,,
14913,35,11/4/2011 8:29,8,4073.1,,,,,,,,
14915,91,9/9/2011 13:34,11,1811.3,,,,,,,,
14916,70,9/30/2011 9:20,8,3043,,,,,,,,
14917,596,4/22/2010 11:28,2,1123.8,,,,,,,,
14918,115,8/16/2011 11:50,9,5955.8,,,,,,,,
14919,539,6/18/2010 13:06,1,359.4,,,,,,,,
14920,212,5/11/2011 10:32,3,1607.2,,,,,,,,
14921,30,11/9/2011 13:17,2,1316.1,,,,,,,,
14922,393,11/11/2010 11:14,2,843.7,,,,,,,,
14923,50,10/20/2011 11:51,1,749.1,,,,,,,,
14924,245,4/8/2011 9:25,3,931,,,,,,,,
14926,381,11/23/2010 7:13,2,359.4,,,,,,,,
14927,396,11/8/2010 12:30,1,308.2,,,,,,,,
14928,627,3/22/2010 9:14,1,223.9,,,,,,,,
14929,32,11/7/2011 17:21,2,836.7,,,,,,,,
14930,108,8/23/2011 10:31,6,5236.7,,,,,,,,
14931,4,12/5/2011 10:19,5,1257.7,,,,,,,,
14932,365,12/9/2010 11:48,2,666.1,,,,,,,,
14933,443,9/22/2010 10:47,4,1770,,,,,,,,
14934,81,9/19/2011 10:10,5,3503.5,,,,,,,,
14935,297,2/15/2011 14:44,2,2849.8,,,,,,,,
14936,33,11/6/2011 10:30,12,12410.8,,,,,,,,
14937,56,10/14/2011 12:29,3,1621.9,,,,,,,,
14938,562,5/26/2010 13:38,2,2322.4,,,,,,,,
14940,417,10/18/2010 10:47,2,531.5,,,,,,,,
14941,578,5/10/2010 11:30,1,182.1,,,,,,,,
14942,401,11/3/2010 10:51,4,746.6,,,,,,,,
14943,663,2/14/2010 16:04,1,107.6,,,,,,,,
14944,29,11/10/2011 9:10,19,9784.7,,,,,,,,
14945,413,10/22/2010 11:26,1,179.4,,,,,,,,
14946,14,11/25/2011 13:33,1,100.9,,,,,,,,
14947,72,9/28/2011 15:48,6,1049.8,,,,,,,,
14948,23,11/16/2011 17:16,6,1102,,,,,,,,
14949,469,8/27/2010 15:38,4,515,,,,,,,,
14950,19,11/20/2011 13:48,1,371.2,,,,,,,,
14951,79,9/21/2011 15:15,1,311.7,,,,,,,,
14952,59,10/11/2011 10:33,32,17629.4,,,,,,,,
14953,25,11/14/2011 14:59,4,952.5,,,,,,,,
14954,12,11/27/2011 14:30,2,434.1,,,,,,,,
14955,732,12/7/2009 11:35,1,157.9,,,,,,,,
14956,421,10/14/2010 16:40,1,1325,,,,,,,,
14957,253,3/31/2011 17:59,2,260.6,,,,,,,,
14958,147,7/15/2011 14:20,6,942,,,,,,,,
14959,64,10/6/2011 18:23,4,689.2,,,,,,,,
14960,8,12/1/2011 12:54,2,202.1,,,,,,,,
14961,10,11/29/2011 9:42,22,16410.2,,,,,,,,
14962,270,3/14/2011 9:42,4,366.9,,,,,,,,
14963,9,11/30/2011 12:16,12,3025.8,,,,,,,,
14964,247,4/6/2011 14:13,1,206.2,,,,,,,,
14965,96,9/4/2011 13:20,2,592.8,,,,,,,,
14966,14,11/25/2011 12:20,6,1044.7,,,,,,,,
14967,49,10/21/2011 11:06,6,1982.6,,,,,,,,
14968,30,11/9/2011 13:58,2,501.2,,,,,,,,
14969,703,1/5/2010 12:43,1,906.2,,,,,,,,
14970,68,10/2/2011 13:44,12,4919.4,,,,,,,,
14971,35,11/4/2011 17:07,3,1068,,,,,,,,
14972,128,8/3/2011 14:54,2,145.1,,,,,,,,
14973,107,8/24/2011 15:51,3,1314.5,,,,,,,,
14974,37,11/2/2011 13:01,1,89.9,,,,,,,,
14975,57,10/13/2011 14:08,2,472.4,,,,,,,,
14976,57,10/13/2011 16:37,7,790.9,,,,,,,,
14977,725,12/14/2009 10:37,1,31.9,,,,,,,,
14978,72,9/28/2011 13:07,10,3058.4,,,,,,,,
14979,735,12/4/2009 12:54,1,357.6,,,,,,,,
14980,737,12/2/2009 14:09,1,150.7,,,,,,,,
14981,246,4/7/2011 13:45,2,372.9,,,,,,,,
14982,572,5/16/2010 15:52,1,237.8,,,,,,,,
14983,689,1/19/2010 17:32,1,183.2,,,,,,,,
14984,19,11/20/2011 14:28,6,1260.5,,,,,,,,
14985,198,5/25/2011 14:29,2,288.7,,,,,,,,
14986,376,11/28/2010 15:25,2,546.4,,,,,,,,
14987,15,11/24/2011 9:59,8,1550.7,,,,,,,,
14988,211,5/12/2011 12:05,7,1998.8,,,,,,,,
14989,661,2/16/2010 10:40,1,342.4,,,,,,,,
14990,612,4/6/2010 13:54,2,304.2,,,,,,,,
14991,430,10/5/2010 13:01,1,314.7,,,,,,,,
14992,442,9/23/2010 17:48,1,210.5,,,,,,,,
14993,563,5/25/2010 12:47,1,34.8,,,,,,,,
14994,382,11/22/2010 12:59,5,907.8,,,,,,,,
14995,38,11/1/2011 11:39,2,232,,,,,,,,
14996,481,8/15/2010 13:44,2,424.3,,,,,,,,
14997,46,10/24/2011 13:28,4,776.6,,,,,,,,
14998,170,6/22/2011 17:30,4,738,,,,,,,,
14999,592,4/26/2010 10:47,1,129.5,,,,,,,,
15000,47,10/23/2011 11:42,1,489.7,,,,,,,,
15001,394,11/10/2010 13:51,2,193.6,,,,,,,,
15002,115,8/16/2011 10:44,9,4040.3,,,,,,,,
15003,473,8/23/2010 15:44,6,1022.4,,,,,,,,
15004,147,7/15/2011 14:05,1,1220.8,,,,,,,,
15005,15,11/24/2011 12:25,56,13542.5,,,,,,,,
15006,51,10/19/2011 15:08,2,674.9,,,,,,,,
15007,159,7/3/2011 16:00,1,156.9,,,,,,,,
15008,480,8/16/2010 13:09,2,360,,,,,,,,
15009,12,11/27/2011 13:35,3,1255.2,,,,,,,,
15010,35,11/4/2011 12:42,1,308.9,,,,,,,,
15011,395,11/9/2010 11:10,2,416.6,,,,,,,,
15012,53,10/17/2011 12:22,3,622.9,,,,,,,,
15013,487,8/9/2010 12:05,10,1568.2,,,,,,,,
15014,43,10/27/2011 20:07,2,168.5,,,,,,,,
15015,501,7/26/2010 13:50,13,2336.5,,,,,,,,
15016,172,6/20/2011 12:06,5,615.8,,,,,,,,
15017,33,11/6/2011 10:33,1,125.6,,,,,,,,
15018,38,11/1/2011 12:47,3,496.2,,,,,,,,
15019,266,3/18/2011 12:35,1,235,,,,,,,,
15020,379,11/25/2010 13:29,1,198.5,,,,,,,,
15021,8,12/1/2011 11:53,12,2436.7,,,,,,,,
15022,11,11/28/2011 12:35,5,1100.7,,,,,,,,
15023,3,12/6/2011 17:23,20,11484.9,,,,,,,,
15024,9,11/30/2011 12:06,16,3488.4,,,,,,,,
15025,33,11/6/2011 15:20,2,974.8,,,,,,,,
15026,80,9/20/2011 13:52,5,1039.6,,,,,,,,
15027,30,11/9/2011 10:16,10,3144.6,,,,,,,,
15028,8,12/1/2011 14:06,6,951.7,,,,,,,,
15029,619,3/30/2010 12:16,1,365.1,,,,,,,,
15030,71,9/29/2011 10:50,8,1979.9,,,,,,,,
15031,4,12/5/2011 14:19,14,3007.9,,,,,,,,
15032,256,3/28/2011 15:03,8,11000.2,,,,,,,,
15033,4,12/5/2011 12:40,10,2481.9,,,,,,,,
15034,15,11/24/2011 12:11,14,8164.3,,,,,,,,
15035,89,9/11/2011 11:08,1,241.5,,,,,,,,
15036,72,9/28/2011 15:42,3,420.6,,,,,,,,
15037,376,11/28/2010 13:05,2,384,,,,,,,,
15038,58,10/12/2011 11:33,9,1118.6,,,,,,,,
15039,9,11/30/2011 11:31,93,38709.3,,,,,,,,
15040,541,6/16/2010 11:40,1,7.5,,,,,,,,
15041,170,6/22/2011 16:16,2,254.4,,,,,,,,
15042,199,5/24/2011 16:25,2,315.5,,,,,,,,
15043,31,11/8/2011 14:26,6,2867.8,,,,,,,,
15044,19,11/20/2011 13:20,35,15608.1,,,,,,,,
15045,151,7/11/2011 11:33,2,735.7,,,,,,,,
15046,9,11/30/2011 15:50,25,7612.3,,,,,,,,
15047,269,3/15/2011 10:49,1,343.6,,,,,,,,
15048,65,10/5/2011 14:55,4,381,,,,,,,,
15049,273,3/11/2011 12:13,1,121.2,,,,,,,,
15050,25,11/14/2011 16:17,5,3813.5,,,,,,,,
15051,23,11/16/2011 15:38,9,3860.9,,,,,,,,
15052,319,1/24/2011 15:52,1,204.8,,,,,,,,
15053,4,12/5/2011 12:08,3,684.2,,,,,,,,
15054,12,11/27/2011 15:02,2,300.7,,,,,,,,
15055,474,8/22/2010 11:06,3,530.4,,,,,,,,
15056,520,7/7/2010 15:58,1,113.7,,,,,,,,
15057,275,3/9/2011 15:17,5,3256,,,,,,,,
15058,25,11/14/2011 14:57,16,3322.1,,,,,,,,
15059,40,10/30/2011 11:35,19,3448.6,,,,,,,,
15060,8,12/1/2011 13:47,4,288.5,,,,,,,,
15061,3,12/6/2011 12:06,127,126389,,,,,,,,
15062,71,9/29/2011 16:51,8,2585.6,,,,,,,,
15063,213,5/10/2011 13:25,1,370.8,,,,,,,,
15064,410,10/25/2010 14:32,4,1254.4,,,,,,,,
15065,37,11/2/2011 9:45,5,3326.9,,,,,,,,
15066,53,10/17/2011 13:25,1,893.6,,,,,,,,
15067,78,9/22/2011 13:20,5,3862.9,,,,,,,,
15068,46,10/24/2011 14:47,4,1168.5,,,,,,,,
15069,179,6/13/2011 14:16,1,1109.5,,,,,,,,
15070,372,12/2/2010 11:23,3,737.1,,,,,,,,
15071,93,9/7/2011 11:43,4,1455.6,,,,,,,,
15072,479,8/17/2010 15:46,1,187.5,,,,,,,,
15073,9,11/30/2011 10:44,8,2788,,,,,,,,
15074,105,8/26/2011 14:45,3,1553.1,,,,,,,,
15075,77,9/23/2011 12:27,1,773,,,,,,,,
15076,172,6/20/2011 8:23,3,1447.7,,,,,,,,
15077,494,8/2/2010 11:13,2,2428.1,,,,,,,,
15078,7,12/2/2011 15:41,53,17286.7,,,,,,,,
15079,212,5/11/2011 12:45,11,3625.4,,,,,,,,
15080,427,10/8/2010 11:52,2,546.3,,,,,,,,
15081,22,11/17/2011 17:08,12,1854.6,,,,,,,,
15082,668,2/9/2010 10:23,1,93.4,,,,,,,,
15083,256,3/28/2011 12:18,1,88.2,,,,,,,,
15084,379,11/25/2010 11:58,2,965.2,,,,,,,,
15085,729,12/10/2009 11:47,1,347.5,,,,,,,,
15086,564,5/24/2010 12:27,2,218.5,,,,,,,,
15087,281,3/3/2011 10:34,1,306.9,,,,,,,,
15088,21,11/18/2011 13:14,2,1160.1,,,,,,,,
15089,10,11/29/2011 16:31,6,2420.8,,,,,,,,
15090,308,2/4/2011 14:03,1,381.3,,,,,,,,
15091,67,10/3/2011 12:47,3,1046.6,,,,,,,,
15092,215,5/8/2011 14:10,3,776.5,,,,,,,,
15093,18,11/21/2011 13:09,23,13459,,,,,,,,
15094,463,9/2/2010 16:55,2,83,,,,,,,,
15095,103,8/28/2011 12:01,10,3141.6,,,,,,,,
15096,42,10/28/2011 10:27,1,219.4,,,,,,,,
15097,4,12/5/2011 14:03,3,587.1,,,,,,,,
15098,182,6/10/2011 15:33,3,39916.5,,,,,,,,
15099,84,9/16/2011 13:13,1,410.5,,,,,,,,
15100,333,1/10/2011 10:35,7,2193.9,,,,,,,,
15101,8,12/1/2011 10:18,6,1477.9,,,,,,,,
15102,530,6/27/2010 12:16,2,554.7,,,,,,,,
15103,31,11/8/2011 14:53,2,703.4,,,,,,,,
15104,196,5/27/2011 12:29,2,993.5,,,,,,,,
15105,18,11/21/2011 16:54,9,3094.9,,,,,,,,
15106,17,11/22/2011 9:16,5,1422.5,,,,,,,,
15107,311,2/1/2011 14:46,9,824.4,,,,,,,,
15108,141,7/21/2011 10:24,4,1300.3,,,,,,,,
15109,245,4/8/2011 9:58,3,983.1,,,,,,,,
15110,23,11/16/2011 11:16,6,1505.9,,,,,,,,
15111,29,11/10/2011 16:58,5,2442.4,,,,,,,,
15112,611,4/7/2010 14:17,1,209.4,,,,,,,,
15113,9,11/30/2011 8:23,3,3428.7,,,,,,,,
15114,30,11/9/2011 15:05,12,3400.1,,,,,,,,
15115,18,11/21/2011 14:59,2,531.9,,,,,,,,
15116,17,11/22/2011 12:25,4,1352.8,,,,,,,,
15117,14,11/25/2011 8:12,8,2486,,,,,,,,
15118,134,7/28/2011 14:54,1,244.8,,,,,,,,
15119,245,4/8/2011 9:08,1,266.4,,,,,,,,
15120,133,7/29/2011 9:48,1,358.8,,,,,,,,
15121,50,10/20/2011 14:51,2,457.7,,,,,,,,
15122,114,8/17/2011 16:48,11,4487.3,,,,,,,,
15123,7,12/2/2011 13:12,5,4656.2,,,,,,,,
15124,22,11/17/2011 10:09,4,450.8,,,,,,,,
15125,25,11/14/2011 13:57,24,17024.9,,,,,,,,
15126,536,6/21/2010 12:31,2,449.5,,,,,,,,
15127,65,10/5/2011 10:30,2,711.5,,,,,,,,
15128,60,10/10/2011 13:54,5,1783.7,,,,,,,,
15129,50,10/20/2011 14:40,23,6860.2,,,,,,,,
15130,169,6/23/2011 10:15,1,330.1,,,,,,,,
15131,394,11/10/2010 12:07,1,80.3,,,,,,,,
15132,18,11/21/2011 17:10,5,977.9,,,,,,,,
15133,127,8/4/2011 10:44,5,1806.9,,,,,,,,
15134,14,11/25/2011 8:55,10,1596.3,,,,,,,,
15135,239,4/14/2011 19:16,2,305.7,,,,,,,,
15136,2,12/7/2011 12:26,4,1286.7,,,,,,,,
15137,520,7/7/2010 9:41,2,823.4,,,,,,,,
15138,393,11/11/2010 9:16,1,502.5,,,,,,,,
15139,239,4/14/2011 11:39,2,179,,,,,,,,
15140,52,10/18/2011 14:07,8,3243.7,,,,,,,,
15141,457,9/8/2010 11:33,7,1388.5,,,,,,,,
15142,46,10/24/2011 12:51,6,2619.9,,,,,,,,
15143,225,4/28/2011 12:03,2,563.6,,,,,,,,
15144,8,12/1/2011 15:12,29,12160.3,,,,,,,,
15145,4,12/5/2011 17:21,4,1194.7,,,,,,,,
15146,164,6/28/2011 12:09,2,1327.2,,,,,,,,
15147,240,4/13/2011 15:57,1,623.5,,,,,,,,
15148,10,11/29/2011 8:21,1,301.3,,,,,,,,
15149,133,7/29/2011 10:58,5,1554.6,,,,,,,,
15150,17,11/22/2011 12:52,13,8977.9,,,,,,,,
15151,423,10/12/2010 16:37,2,2085.6,,,,,,,,
15152,9,11/30/2011 12:32,14,5263.8,,,,,,,,
15153,31,11/8/2011 17:09,1,329.3,,,,,,,,
15154,75,9/25/2011 16:05,3,1314.8,,,,,,,,
15155,383,11/21/2010 12:59,1,384,,,,,,,,
15156,1,12/8/2011 18:22,3,961.5,,,,,,,,
15157,3,12/6/2011 11:28,5,2654.1,,,,,,,,
15158,45,10/25/2011 13:53,2,606,,,,,,,,
15159,1,12/8/2011 12:05,34,22116.7,,,,,,,,
15160,357,12/17/2010 14:15,4,589.3,,,,,,,,
15161,388,11/16/2010 16:08,1,119.9,,,,,,,,
15162,731,12/8/2009 13:14,1,312.9,,,,,,,,
15163,18,11/21/2011 13:10,2,304.5,,,,,,,,
15164,68,10/2/2011 12:05,9,1991.3,,,,,,,,
15165,373,12/1/2010 14:03,1,487.8,,,,,,,,
15166,467,8/29/2010 12:31,1,167.2,,,,,,,,
15167,320,1/23/2011 12:41,5,1602.7,,,,,,,,
15168,25,11/14/2011 11:26,1,106.6,,,,,,,,
15169,382,11/22/2010 13:04,2,562.9,,,,,,,,
15170,406,10/29/2010 10:34,1,81.2,,,,,,,,
15171,331,1/12/2011 15:36,1,1289.5,,,,,,,,
15172,8,12/1/2011 11:51,5,1624.1,,,,,,,,
15173,380,11/24/2010 10:21,7,1494.6,,,,,,,,
15174,322,1/21/2011 9:06,2,481.5,,,,,,,,
15175,71,9/29/2011 11:31,1,224.1,,,,,,,,
15176,667,2/10/2010 10:36,1,988,,,,,,,,
15177,425,10/10/2010 12:48,1,948.9,,,,,,,,
15178,260,3/24/2011 15:12,1,40.5,,,,,,,,
15179,18,11/21/2011 12:53,13,7491.9,,,,,,,,
15180,367,12/7/2010 14:57,3,816.9,,,,,,,,
15181,66,10/4/2011 13:58,5,1200.2,,,,,,,,
15182,154,7/8/2011 13:37,11,2999,,,,,,,,
15183,547,6/10/2010 10:43,3,639.9,,,,,,,,
15184,29,11/10/2011 13:41,4,685.4,,,,,,,,
15185,70,9/30/2011 14:06,1,310.6,,,,,,,,
15186,14,11/25/2011 14:58,5,1403.2,,,,,,,,
15187,1,12/8/2011 11:56,16,4777.2,,,,,,,,
15188,725,12/14/2009 13:30,1,310.4,,,,,,,,
15189,1,12/8/2011 13:22,46,17524.4,,,,,,,,
15190,434,10/1/2010 13:09,1,834.4,,,,,,,,
15191,463,9/2/2010 15:37,3,588.1,,,,,,,,
15192,119,8/12/2011 11:41,5,1666.4,,,,,,,,
15193,60,10/10/2011 8:23,1,499.3,,,,,,,,
15194,3,12/6/2011 15:10,28,12021.5,,,,,,,,
15195,2,12/7/2011 12:20,1,3861,,,,,,,,
15196,432,10/3/2010 10:50,2,307.1,,,,,,,,
15197,10,11/29/2011 10:00,6,1877.5,,,,,,,,
15198,92,9/8/2011 14:42,5,571.4,,,,,,,,
15199,59,10/11/2011 15:12,10,3122.4,,,,,,,,
15200,494,8/2/2010 9:38,1,549.1,,,,,,,,
15201,87,9/13/2011 14:53,7,1843,,,,,,,,
15202,420,10/15/2010 13:05,3,6001.5,,,,,,,,
15203,25,11/14/2011 8:16,15,4400.2,,,,,,,,
15204,357,12/17/2010 13:49,1,316.6,,,,,,,,
15205,85,9/15/2011 19:36,2,653.2,,,,,,,,
15206,10,11/29/2011 13:41,4,420.3,,,,,,,,
15207,416,10/19/2010 13:29,3,683.9,,,,,,,,
15208,1,12/8/2011 17:24,6,970.5,,,,,,,,
15209,730,12/9/2009 17:26,1,179,,,,,,,,
15210,225,4/28/2011 16:11,3,1176.2,,,,,,,,
15211,60,10/10/2011 13:31,2,894.4,,,,,,,,
15212,241,4/12/2011 13:45,2,208.3,,,,,,,,
15213,318,1/25/2011 12:21,2,328.4,,,,,,,,
15214,1,12/8/2011 12:07,8,1661.4,,,,,,,,
15215,46,10/24/2011 11:41,7,2422.4,,,,,,,,
15216,87,9/13/2011 11:41,2,486.1,,,,,,,,
15217,563,5/25/2010 13:51,1,426.2,,,,,,,,
15218,10,11/29/2011 11:48,22,11387.4,,,,,,,,
15219,176,6/16/2011 16:57,2,685.5,,,,,,,,
15220,51,10/19/2011 12:39,6,1779,,,,,,,,
15221,366,12/8/2010 13:08,4,2062.2,,,,,,,,
15222,318,1/25/2011 8:03,11,3550.9,,,,,,,,
15223,225,4/28/2011 11:31,5,1418,,,,,,,,
15224,358,12/16/2010 15:02,5,871.4,,,,,,,,
15225,234,4/19/2011 14:51,1,409.4,,,,,,,,
15226,310,2/2/2011 11:41,1,154.4,,,,,,,,
15227,36,11/3/2011 11:59,9,2488.5,,,,,,,,
15228,66,10/4/2011 13:56,6,5580.3,,,,,,,,
15229,586,5/2/2010 13:50,1,160.5,,,,,,,,
15230,239,4/14/2011 14:39,2,429.6,,,,,,,,
15231,621,3/28/2010 15:12,1,250.3,,,,,,,,
15232,113,8/18/2011 16:27,2,612.1,,,,,,,,
15233,401,11/3/2010 13:36,1,59.4,,,,,,,,
15234,276,3/8/2011 8:53,1,197,,,,,,,,
15235,217,5/6/2011 9:44,16,2772.8,,,,,,,,
15236,298,2/14/2011 10:52,1,321.1,,,,,,,,
15237,1,12/8/2011 9:46,4,1412.3,,,,,,,,
15238,29,11/10/2011 14:28,3,1072,,,,,,,,
15239,10,11/29/2011 14:14,2,780.6,,,,,,,,
15240,44,10/26/2011 9:50,12,4460,,,,,,,,
15241,66,10/4/2011 9:05,11,3050.2,,,,,,,,
15242,422,10/13/2010 15:33,1,302,,,,,,,,
15243,74,9/26/2011 14:12,2,927.3,,,,,,,,
15244,65,10/5/2011 13:19,3,912.1,,,,,,,,
15245,134,7/28/2011 18:56,8,4610.8,,,,,,,,
15246,238,4/15/2011 14:45,3,780.4,,,,,,,,
15247,122,8/9/2011 12:52,3,976.1,,,,,,,,
15248,411,10/24/2010 13:09,3,1893.9,,,,,,,,
15249,31,11/8/2011 11:45,18,9266,,,,,,,,
15250,640,3/9/2010 7:35,1,60,,,,,,,,
15251,9,11/30/2011 15:02,21,20324.5,,,,,,,,
15252,36,11/3/2011 13:30,5,2103.4,,,,,,,,
15253,16,11/23/2011 16:22,8,2055.1,,,,,,,,
15254,127,8/4/2011 15:04,3,1088.4,,,,,,,,
15255,66,10/4/2011 12:43,9,3676.3,,,,,,,,
15256,148,7/14/2011 11:47,2,170.4,,,,,,,,
15257,283,3/1/2011 12:58,2,685.9,,,,,,,,
15258,168,6/24/2011 12:30,2,623.2,,,,,,,,
15259,512,7/15/2010 8:47,4,1182.4,,,,,,,,
15260,100,8/31/2011 13:55,25,8767.7,,,,,,,,
15261,135,7/27/2011 15:20,4,1508,,,,,,,,
15262,323,1/20/2011 12:16,3,418.8,,,,,,,,
15263,106,8/25/2011 10:26,1,156.5,,,,,,,,
15264,64,10/6/2011 13:49,2,848.4,,,,,,,,
15265,151,7/11/2011 14:46,4,3345.6,,,,,,,,
15266,338,1/5/2011 13:40,5,852.2,,,,,,,,
15267,22,11/17/2011 15:59,5,1717.4,,,,,,,,
15268,478,8/18/2010 10:33,3,961.9,,,,,,,,
15269,23,11/16/2011 9:32,3,1225.4,,,,,,,,
15270,15,11/24/2011 9:24,21,8361.7,,,,,,,,
15271,7,12/2/2011 14:11,24,4404.9,,,,,,,,
15272,57,10/13/2011 12:59,6,2021.1,,,,,,,,
15273,599,4/19/2010 11:31,1,229,,,,,,,,
15274,4,12/5/2011 16:57,2,716.6,,,,,,,,
15275,37,11/2/2011 11:20,1,615.1,,,,,,,,
15276,66,10/4/2011 16:39,4,593.1,,,,,,,,
15277,46,10/24/2011 10:08,2,476.3,,,,,,,,
15278,561,5/27/2010 10:03,4,496.2,,,,,,,,
15279,354,12/20/2010 10:48,5,1580.5,,,,,,,,
15280,172,6/20/2011 17:14,3,392.5,,,,,,,,
15281,58,10/12/2011 9:10,16,8543.6,,,,,,,,
15282,570,5/18/2010 16:27,1,348.6,,,,,,,,
15283,390,11/14/2010 14:54,3,148.3,,,,,,,,
15284,500,7/27/2010 13:25,1,24.8,,,,,,,,
15285,407,10/28/2010 9:46,1,94.9,,,,,,,,
15286,49,10/21/2011 11:08,1,240.6,,,,,,,,
15287,22,11/17/2011 15:34,5,856,,,,,,,,
15288,43,10/27/2011 16:58,10,3697.2,,,,,,,,
15289,29,11/10/2011 13:49,5,1593.1,,,,,,,,
15290,4,12/5/2011 11:39,26,10496.3,,,,,,,,
15291,25,11/14/2011 11:02,40,13517.8,,,,,,,,
15292,201,5/22/2011 15:00,1,178.4,,,,,,,,
15293,665,2/12/2010 11:54,1,247.5,,,,,,,,
15294,410,10/25/2010 11:45,1,233.4,,,,,,,,
15295,654,2/23/2010 13:03,1,203.6,,,,,,,,
15296,50,10/20/2011 11:47,12,10323,,,,,,,,
15297,10,11/29/2011 16:32,3,641.9,,,,,,,,
15298,2,12/7/2011 17:17,23,9061.8,,,,,,,,
15299,67,10/3/2011 14:19,10,6156.5,,,,,,,,
15300,64,10/6/2011 17:08,1,496.4,,,,,,,,
15301,50,10/20/2011 9:57,17,6909.7,,,,,,,,
15302,730,12/9/2009 13:11,1,308,,,,,,,,
15303,290,2/22/2011 13:59,3,1224.2,,,,,,,,
15304,60,10/10/2011 10:23,9,796.4,,,,,,,,
15305,555,6/2/2010 13:50,1,93.6,,,,,,,,
15306,64,10/6/2011 12:56,9,3484.7,,,,,,,,
15307,95,9/5/2011 11:38,1,205.3,,,,,,,,
15308,274,3/10/2011 13:08,1,310.5,,,,,,,,
15309,610,4/8/2010 11:11,4,798,,,,,,,,
15310,478,8/18/2010 11:38,1,1634.6,,,,,,,,
15311,0,12/9/2011 12:00,208,114874.6,,,,,,,,
15312,75,9/25/2011 13:10,12,2930.2,,,,,,,,
15313,110,8/21/2011 16:02,1,52,,,,,,,,
15314,199,5/24/2011 14:39,3,820.5,,,,,,,,
15315,64,10/6/2011 12:51,2,570.5,,,,,,,,
15316,326,1/17/2011 11:34,1,165,,,,,,,,
15317,677,1/31/2010 15:55,1,129.8,,,,,,,,
15318,3,12/6/2011 11:30,1,312.6,,,,,,,,
15319,283,3/1/2011 12:48,1,204.5,,,,,,,,
15320,44,10/26/2011 13:27,1,267.1,,,,,,,,
15321,70,9/30/2011 9:40,12,6709.7,,,,,,,,
15322,85,9/15/2011 9:34,2,1390.9,,,,,,,,
15323,562,5/26/2010 10:01,3,434.6,,,,,,,,
15324,701,1/7/2010 14:37,1,140.2,,,,,,,,
15325,103,8/28/2011 11:55,8,1593.4,,,,,,,,
15326,333,1/10/2011 11:38,5,1700.5,,,,,,,,
15327,52,10/18/2011 11:55,1,208.8,,,,,,,,
15328,407,10/28/2010 9:05,1,107.2,,,,,,,,
15329,39,10/31/2011 15:36,11,2958.8,,,,,,,,
15330,32,11/7/2011 17:50,2,715,,,,,,,,
15331,499,7/28/2010 9:42,3,767.9,,,,,,,,
15332,366,12/8/2010 14:43,6,4892.7,,,,,,,,
15333,208,5/15/2011 13:27,1,1028.6,,,,,,,,
15334,156,7/6/2011 11:22,3,347.7,,,,,,,,
15335,53,10/17/2011 12:50,1,167.7,,,,,,,,
15336,401,11/3/2010 12:39,1,240.5,,,,,,,,
15337,411,10/24/2010 15:29,1,373,,,,,,,,
15338,677,1/31/2010 14:25,1,272.1,,,,,,,,
15339,66,10/4/2011 12:51,7,1754.9,,,,,,,,
15340,561,5/27/2010 10:27,1,105.5,,,,,,,,
15341,80,9/20/2011 9:40,2,2402.7,,,,,,,,
15342,129,8/2/2011 10:19,1,406.1,,,,,,,,
15343,87,9/13/2011 13:55,1,364.5,,,,,,,,
15344,0,12/9/2011 10:45,3,563.9,,,,,,,,
15345,45,10/25/2011 11:28,1,393.5,,,,,,,,
15346,332,1/11/2011 11:18,3,596.1,,,,,,,,
15347,366,12/8/2010 15:25,4,1162,,,,,,,,
15348,72,9/28/2011 13:17,1,158,,,,,,,,
15349,158,7/4/2011 16:06,2,461.4,,,,,,,,
15350,373,12/1/2010 13:33,2,547.6,,,,,,,,
15351,12,11/27/2011 12:52,10,3311.8,,,,,,,,
15352,548,6/9/2010 11:28,1,111.2,,,,,,,,
15353,254,3/30/2011 12:15,7,2777.6,,,,,,,,
15354,603,4/15/2010 16:24,3,284.4,,,,,,,,
15355,29,11/10/2011 13:44,2,277.1,,,,,,,,
15356,31,11/8/2011 13:11,13,3181,,,,,,,,
15358,4,12/5/2011 9:04,42,16425.9,,,,,,,,
15359,662,2/15/2010 10:47,8,181.4,,,,,,,,
15360,39,10/31/2011 9:35,1,427.9,,,,,,,,
15361,361,12/13/2010 9:52,4,689.1,,,,,,,,
15362,448,9/17/2010 10:37,2,613.1,,,,,,,,
15363,372,12/2/2010 12:28,2,678.1,,,,,,,,
15364,95,9/5/2011 9:46,2,913.2,,,,,,,,
15365,25,11/14/2011 8:29,13,4557.1,,,,,,,,
15366,75,9/25/2011 15:01,7,2389.1,,,,,,,,
15367,57,10/13/2011 14:13,11,5081.3,,,,,,,,
15368,21,11/18/2011 14:42,2,722.7,,,,,,,,
15369,492,8/4/2010 13:54,11,6251.3,,,,,,,,
15370,40,10/30/2011 10:58,8,3476.2,,,,,,,,
15371,662,2/15/2010 13:14,1,59.4,,,,,,,,
15372,137,7/25/2011 16:39,8,6017.1,,,,,,,,
15373,8,12/1/2011 15:05,17,3057.6,,,,,,,,
15374,128,8/3/2011 9:59,2,297.1,,,,,,,,
15375,690,1/18/2010 15:38,1,61,,,,,,,,
15376,40,10/30/2011 15:04,3,1203.9,,,,,,,,
15377,382,11/22/2010 8:55,4,1211.8,,,,,,,,
15378,462,9/3/2010 11:30,2,246.5,,,,,,,,
15379,169,6/23/2011 13:13,8,4877.8,,,,,,,,
15380,8,12/1/2011 12:13,11,3249,,,,,,,,
15381,213,5/10/2011 11:55,5,1890.6,,,,,,,,
15382,14,11/25/2011 10:58,12,13733.6,,,,,,,,
15384,169,6/23/2011 10:57,4,2027.8,,,,,,,,
15385,40,10/30/2011 15:11,3,942.1,,,,,,,,
15386,186,6/6/2011 13:47,1,394.1,,,,,,,,
15387,492,8/4/2010 16:05,1,468.7,,,,,,,,
15388,270,3/14/2011 13:53,1,140.5,,,,,,,,
15389,172,6/20/2011 16:18,5,2733.8,,,,,,,,
15390,396,11/8/2010 15:19,2,1216.7,,,,,,,,
15391,584,5/4/2010 15:04,1,289.9,,,,,,,,
15392,4,12/5/2011 11:01,7,2911.6,,,,,,,,
15393,16,11/23/2011 16:48,5,891.3,,,,,,,,
15394,9,11/30/2011 11:49,11,5286.8,,,,,,,,
15395,325,1/18/2011 12:40,1,107.5,,,,,,,,
15396,112,8/19/2011 10:56,2,796.4,,,,,,,,
15397,289,2/23/2011 9:25,1,94,,,,,,,,
15398,16,11/23/2011 16:47,2,1345.5,,,,,,,,
15399,1,12/8/2011 13:04,3,815.8,,,,,,,,
15400,92,9/8/2011 13:57,8,1302.3,,,,,,,,
15401,452,9/13/2010 13:42,2,217,,,,,,,,
15402,148,7/14/2011 12:17,6,1819.3,,,,,,,,
15403,491,8/5/2010 12:21,2,170.9,,,,,,,,
15404,375,11/29/2010 11:03,1,257.1,,,,,,,,
15405,189,6/3/2011 14:44,2,659.8,,,,,,,,
15406,31,11/8/2011 13:22,4,962.8,,,,,,,,
15407,33,11/6/2011 11:55,4,1042.6,,,,,,,,
15408,264,3/20/2011 15:02,1,267.2,,,,,,,,
15409,721,12/18/2009 15:35,1,131.3,,,,,,,,
15410,84,9/16/2011 14:47,10,4685.7,,,,,,,,
15411,26,11/13/2011 15:19,4,1342.4,,,,,,,,
15412,171,6/21/2011 15:24,1,190.5,,,,,,,,
15413,691,1/17/2010 11:33,5,6798.7,,,,,,,,
15414,9,11/30/2011 9:50,3,774.9,,,,,,,,
15415,313,1/30/2011 14:13,1,554.6,,,,,,,,
15416,64,10/6/2011 9:38,7,4572.8,,,,,,,,
15417,85,9/15/2011 15:26,1,508.8,,,,,,,,
15418,425,10/10/2010 13:38,2,442.5,,,,,,,,
15419,24,11/15/2011 9:23,1,135.9,,,,,,,,
15420,434,10/1/2010 15:46,6,743,,,,,,,,
15421,58,10/12/2011 9:20,10,3790.1,,,,,,,,
15422,323,1/20/2011 16:17,7,1606.6,,,,,,,,
15423,38,11/1/2011 14:01,3,266.9,,,,,,,,
15424,254,3/30/2011 13:02,3,597.8,,,,,,,,
15425,400,11/4/2010 18:13,4,1926.8,,,,,,,,
15426,19,11/20/2011 15:36,9,2092.7,,,,,,,,
15427,33,11/6/2011 14:29,3,1366.1,,,,,,,,
15428,15,11/24/2011 16:54,4,762.8,,,,,,,,
15429,26,11/13/2011 12:28,2,386.1,,,,,,,,
15430,467,8/29/2010 10:42,2,954.8,,,,,,,,
15431,502,7/25/2010 12:44,1,153.2,,,,,,,,
15432,23,11/16/2011 16:30,2,320.8,,,,,,,,
15433,213,5/10/2011 10:45,2,533.3,,,,,,,,
15434,8,12/1/2011 13:33,11,2567.1,,,,,,,,
15435,22,11/17/2011 16:39,1,149.3,,,,,,,,
15436,12,11/27/2011 16:05,3,1013.5,,,,,,,,
15437,262,3/22/2011 13:11,2,392.2,,,,,,,,
15438,131,7/31/2011 14:19,1,156.6,,,,,,,,
15439,404,10/31/2010 10:38,4,1269.1,,,,,,,,
15440,54,10/16/2011 12:16,3,381.4,,,,,,,,
15441,396,11/8/2010 15:50,3,1254.2,,,,,,,,
15442,248,4/5/2011 12:24,1,594,,,,,,,,
15443,1,12/8/2011 10:40,14,4928,,,,,,,,
15444,9,11/30/2011 17:37,2,1398.5,,,,,,,,
15445,264,3/20/2011 15:06,2,284.5,,,,,,,,
15446,376,11/28/2010 11:59,3,380.3,,,,,,,,
15447,330,1/13/2011 11:26,5,492.9,,,,,,,,
15448,312,1/31/2011 10:42,2,788.8,,,,,,,,
15449,26,11/13/2011 15:02,3,974.5,,,,,,,,
15450,30,11/9/2011 17:11,1,429.8,,,,,,,,
15451,434,10/1/2010 13:40,2,226.9,,,,,,,,
15452,29,11/10/2011 12:13,6,1764.8,,,,,,,,
15453,1,12/8/2011 10:59,7,1306.5,,,,,,,,
15454,362,12/12/2010 14:21,2,288.5,,,,,,,,
15455,597,4/21/2010 12:43,1,38.3,,,,,,,,
15456,283,3/1/2011 13:51,10,2091.5,,,,,,,,
15457,262,3/22/2011 15:31,1,228.7,,,,,,,,
15458,25,11/14/2011 13:08,2,370.4,,,,,,,,
15459,417,10/18/2010 15:25,2,202.8,,,,,,,,
15460,354,12/20/2010 16:08,1,199.1,,,,,,,,
15461,460,9/5/2010 12:31,2,429.7,,,,,,,,
15462,94,9/6/2011 13:11,4,737.1,,,,,,,,
15463,29,11/10/2011 12:57,1,126.1,,,,,,,,
15464,338,1/5/2011 15:56,1,1044.7,,,,,,,,
15465,19,11/20/2011 10:11,32,12100.4,,,,,,,,
15466,85,9/15/2011 14:08,4,1542.1,,,,,,,,
15467,9,11/30/2011 14:17,3,522.9,,,,,,,,
15468,51,10/19/2011 13:49,3,1430.5,,,,,,,,
15469,50,10/20/2011 16:21,3,874.3,,,,,,,,
15470,575,5/13/2010 9:35,1,63.4,,,,,,,,
15471,2,12/7/2011 14:12,3,1229.2,,,,,,,,
15472,113,8/18/2011 15:17,1,371.6,,,,,,,,
15473,14,11/25/2011 15:15,8,2046,,,,,,,,
15474,595,4/23/2010 11:14,1,150.4,,,,,,,,
15475,77,9/23/2011 15:20,1,454.1,,,,,,,,
15476,380,11/24/2010 15:17,4,2210,,,,,,,,
15477,649,2/28/2010 10:37,1,368.4,,,,,,,,
15478,40,10/30/2011 14:19,3,1976.7,,,,,,,,
15479,733,12/6/2009 15:08,1,147.4,,,,,,,,
15480,116,8/15/2011 14:32,5,6279,,,,,,,,
15481,401,11/3/2010 14:52,1,1993.3,,,,,,,,
15482,15,11/24/2011 10:46,19,14417.4,,,,,,,,
15483,161,7/1/2011 13:07,10,750.1,,,,,,,,
15484,1,12/8/2011 15:03,6,4652.1,,,,,,,,
15485,30,11/9/2011 14:31,7,4785.4,,,,,,,,
15486,527,6/30/2010 13:15,1,102,,,,,,,,
15487,679,1/29/2010 12:07,1,231.3,,,,,,,,
15488,92,9/8/2011 10:11,5,431.9,,,,,,,,
15489,22,11/17/2011 8:53,8,2419.6,,,,,,,,
15490,430,10/5/2010 13:11,1,158.5,,,,,,,,
15491,95,9/5/2011 15:56,6,3100.1,,,,,,,,
15492,28,11/11/2011 14:53,2,659.5,,,,,,,,
15493,32,11/7/2011 12:04,9,3941.6,,,,,,,,
15494,21,11/18/2011 14:51,5,3659.9,,,,,,,,
15495,379,11/25/2010 13:46,1,246.5,,,,,,,,
15496,631,3/18/2010 13:16,1,146.1,,,,,,,,
15497,17,11/22/2011 11:51,9,8657.4,,,,,,,,
15498,2,12/7/2011 12:48,44,24956.4,,,,,,,,
15499,723,12/16/2009 12:17,1,157,,,,,,,,
15500,8,12/1/2011 13:47,4,1131.6,,,,,,,,
15501,404,10/31/2010 11:15,2,397,,,,,,,,
15502,15,11/24/2011 12:48,14,12790.2,,,,,,,,
15503,362,12/12/2010 10:57,2,256.5,,,,,,,,
15504,81,9/19/2011 13:45,4,337.2,,,,,,,,
15505,52,10/18/2011 7:56,5,3611,,,,,,,,
15506,22,11/17/2011 12:11,6,1948.2,,,,,,,,
15507,171,6/21/2011 11:19,1,414.2,,,,,,,,
15508,189,6/3/2011 15:43,6,1000.3,,,,,,,,
15509,380,11/24/2010 14:48,1,152.4,,,,,,,,
15510,330,1/13/2011 12:10,1,250,,,,,,,,
15511,11,11/28/2011 9:43,5,883.6,,,,,,,,
15512,155,7/7/2011 10:20,4,321.6,,,,,,,,
15513,33,11/6/2011 14:36,35,26437.1,,,,,,,,
15514,12,11/27/2011 14:40,18,6215.2,,,,,,,,
15515,387,11/17/2010 13:39,1,171.8,,,,,,,,
15516,44,10/26/2011 10:51,3,62.4,,,,,,,,
15517,233,4/20/2011 14:02,1,267,,,,,,,,
15518,64,10/6/2011 13:05,15,4136.4,,,,,,,,
15519,383,11/21/2010 14:35,2,344.6,,,,,,,,
15520,1,12/8/2011 10:58,1,343.5,,,,,,,,
15521,40,10/30/2011 13:42,16,7050.5,,,,,,,,
15522,32,11/7/2011 11:26,2,387.5,,,,,,,,
15523,84,9/16/2011 16:29,16,17156.2,,,,,,,,
15524,24,11/15/2011 12:09,2,591.4,,,,,,,,
15525,2,12/7/2011 14:43,4,848.8,,,,,,,,
15526,33,11/6/2011 15:04,2,148.4,,,,,,,,
15527,18,11/21/2011 12:17,23,5457.3,,,,,,,,
15528,254,3/30/2011 16:14,1,229.3,,,,,,,,
15529,22,11/17/2011 11:29,12,4759.7,,,,,,,,
15530,21,11/18/2011 12:25,5,1768.5,,,,,,,,
15531,8,12/1/2011 18:43,2,1959.2,,,,,,,,
15532,25,11/14/2011 14:51,10,3707.9,,,,,,,,
15533,19,11/20/2011 15:35,3,807.6,,,,,,,,
15534,725,12/14/2009 12:48,1,162.3,,,,,,,,
15535,173,6/19/2011 16:02,6,1036.9,,,,,,,,
15536,409,10/26/2010 16:31,1,259.1,,,,,,,,
15537,163,6/29/2011 13:10,1,110.9,,,,,,,,
15538,537,6/20/2010 10:49,6,3358.4,,,,,,,,
15539,7,12/2/2011 13:36,1,538.5,,,,,,,,
15540,11,11/28/2011 13:51,2,460.7,,,,,,,,
15541,114,8/17/2011 14:58,1,85.1,,,,,,,,
15542,512,7/15/2010 13:32,3,854,,,,,,,,
15543,288,2/24/2011 15:26,2,240.6,,,,,,,,
15544,9,11/30/2011 16:43,20,7807.9,,,,,,,,
15545,54,10/16/2011 13:24,2,289,,,,,,,,
15546,606,4/12/2010 11:51,2,1079.1,,,,,,,,
15547,7,12/2/2011 12:52,26,9787.8,,,,,,,,
15548,595,4/23/2010 12:20,1,158.1,,,,,,,,
15549,77,9/23/2011 16:22,8,2276.5,,,,,,,,
15550,4,12/5/2011 15:38,12,2185.1,,,,,,,,
15551,36,11/3/2011 12:37,7,1651.3,,,,,,,,
15552,217,5/6/2011 14:47,2,252.5,,,,,,,,
15553,60,10/10/2011 14:02,1,406.1,,,,,,,,
15554,277,3/7/2011 9:00,1,217.2,,,,,,,,
15555,12,11/27/2011 16:19,36,11104.9,,,,,,,,
15556,24,11/15/2011 16:08,1,279.8,,,,,,,,
15557,28,11/11/2011 12:46,1,407.6,,,,,,,,
15558,639,3/10/2010 15:25,1,202.7,,,,,,,,
15559,568,5/20/2010 14:06,1,1109.4,,,,,,,,
15560,397,11/7/2010 10:15,2,153.5,,,,,,,,
15561,11,11/28/2011 11:07,8,1891.6,,,,,,,,
15562,351,12/23/2010 9:55,3,667.5,,,,,,,,
15563,22,11/17/2011 14:50,7,2846.1,,,,,,,,
15564,463,9/2/2010 15:52,2,70.7,,,,,,,,
15565,50,10/20/2011 14:33,2,173.2,,,,,,,,
15566,392,11/12/2010 12:11,2,227.9,,,,,,,,
15567,18,11/21/2011 10:48,1,186,,,,,,,,
15568,2,12/7/2011 11:27,3,758.3,,,,,,,,
15569,103,8/28/2011 10:15,10,3579.7,,,,,,,,
15570,7,12/2/2011 14:47,25,8479.7,,,,,,,,
15571,11,11/28/2011 10:02,14,3807.2,,,,,,,,
15572,4,12/5/2011 10:09,10,3922.3,,,,,,,,
15573,31,11/8/2011 11:38,5,1126.8,,,,,,,,
15574,177,6/15/2011 12:01,6,1061,,,,,,,,
15575,619,3/30/2010 12:50,1,30.1,,,,,,,,
15576,37,11/2/2011 12:03,1,921.4,,,,,,,,
15577,151,7/11/2011 17:03,5,396,,,,,,,,
15578,162,6/30/2011 13:03,1,127.1,,,,,,,,
15579,68,10/2/2011 12:45,5,1210.1,,,,,,,,
15580,376,11/28/2010 11:00,8,1336.6,,,,,,,,
15581,120,8/11/2011 9:38,37,7143.3,,,,,,,,
15582,24,11/15/2011 9:55,3,682.9,,,,,,,,
15583,376,11/28/2010 15:04,1,92.4,,,,,,,,
15584,23,11/16/2011 10:55,6,1257.3,,,,,,,,
15585,176,6/16/2011 8:38,1,455.3,,,,,,,,
15586,592,4/26/2010 11:00,3,1139.1,,,,,,,,
15587,50,10/20/2011 13:37,7,1522.1,,,,,,,,
15588,677,1/31/2010 12:19,1,579.6,,,,,,,,
15589,255,3/29/2011 9:54,3,478.5,,,,,,,,
15590,382,11/22/2010 14:49,5,1496.6,,,,,,,,
15591,582,5/6/2010 9:23,3,217.9,,,,,,,,
15592,46,10/24/2011 8:59,1,388.6,,,,,,,,
15593,70,9/30/2011 11:46,1,199.8,,,,,,,,
15594,15,11/24/2011 8:53,5,1771.8,,,,,,,,
15595,487,8/9/2010 12:27,1,357.6,,,,,,,,
15596,100,8/31/2011 10:55,9,2727.7,,,,,,,,
15597,35,11/4/2011 13:26,2,563.4,,,,,,,,
15598,53,10/17/2011 16:04,2,548,,,,,,,,
15599,26,11/13/2011 11:44,3,1250.1,,,,,,,,
15600,428,10/7/2010 14:30,4,1199.3,,,,,,,,
15601,11,11/28/2011 15:15,30,14191.7,,,,,,,,
15602,8,12/1/2011 14:14,16,3138,,,,,,,,
15603,78,9/22/2011 10:04,2,88.5,,,,,,,,
15604,52,10/18/2011 14:47,1,216.4,,,,,,,,
15605,36,11/3/2011 14:17,9,1742,,,,,,,,
15606,61,10/9/2011 15:47,17,5231,,,,,,,,
15607,336,1/7/2011 12:44,9,1709,,,,,,,,
15608,28,11/11/2011 13:20,5,1786,,,,,,,,
15609,184,6/8/2011 13:00,1,298.5,,,,,,,,
15610,51,10/19/2011 10:36,1,112.5,,,,,,,,
15611,9,11/30/2011 12:36,26,2997.3,,,,,,,,
15612,36,11/3/2011 14:52,2,195.2,,,,,,,,
15613,610,4/8/2010 12:51,1,433.7,,,,,,,,
15614,437,9/28/2010 10:46,4,3147.4,,,,,,,,
15615,10,11/29/2011 14:42,47,21374,,,,,,,,
15616,438,9/27/2010 13:10,1,317.1,,,,,,,,
15617,396,11/8/2010 16:07,3,828.6,,,,,,,,
15618,32,11/7/2011 8:34,4,776.9,,,,,,,,
15619,10,11/29/2011 8:14,1,336.4,,,,,,,,
15620,56,10/14/2011 12:41,4,1942.4,,,,,,,,
15621,4,12/5/2011 14:01,4,1214.1,,,,,,,,
15622,43,10/27/2011 16:44,17,7852.6,,,,,,,,
15623,141,7/21/2011 17:26,8,2437.1,,,,,,,,
15624,116,8/15/2011 11:38,4,588.1,,,,,,,,
15625,103,8/28/2011 10:21,9,3236.4,,,,,,,,
15626,74,9/26/2011 10:03,3,1067.5,,,,,,,,
15627,457,9/8/2010 14:14,2,566.9,,,,,,,,
15628,4,12/5/2011 10:24,17,5333.1,,,,,,,,
15629,450,9/15/2010 13:46,4,2240.9,,,,,,,,
15630,45,10/25/2011 15:36,3,1481.4,,,,,,,,
15631,642,3/7/2010 14:52,1,596.7,,,,,,,,
15632,15,11/24/2011 9:51,8,3285.3,,,,,,,,
15633,509,7/18/2010 13:54,13,4336,,,,,,,,
15634,17,11/22/2011 16:28,2,554.7,,,,,,,,
15635,395,11/9/2010 8:58,1,100.4,,,,,,,,
15636,89,9/11/2011 11:17,4,1444.6,,,,,,,,
15637,52,10/18/2011 8:28,5,797.6,,,,,,,,
15638,378,11/26/2010 11:52,6,2265.2,,,,,,,,
15639,134,7/28/2011 14:30,3,1060,,,,,,,,
15640,4,12/5/2011 14:35,29,23402.6,,,,,,,,
15641,105,8/26/2011 14:04,12,5345.6,,,,,,,,
15642,729,12/10/2009 11:51,1,105.8,,,,,,,,
15643,191,6/1/2011 7:38,3,664,,,,,,,,
15644,166,6/26/2011 14:54,4,784.2,,,,,,,,
15645,18,11/21/2011 11:55,3,1047.7,,,,,,,,
15646,157,7/5/2011 9:53,5,784.8,,,,,,,,
15647,415,10/20/2010 15:09,1,169,,,,,,,,
15648,204,5/19/2011 15:53,2,639.5,,,,,,,,
15649,336,1/7/2011 13:34,4,1660.4,,,,,,,,
15650,521,7/6/2010 10:41,2,553.9,,,,,,,,
15651,36,11/3/2011 8:41,5,1259.1,,,,,,,,
15652,91,9/9/2011 14:22,5,1405.9,,,,,,,,
15653,92,9/8/2011 10:49,2,877.4,,,,,,,,
15654,9,11/30/2011 13:08,2,922.5,,,,,,,,
15655,243,4/10/2011 15:25,1,560.7,,,,,,,,
15656,45,10/25/2011 14:56,4,748.5,,,,,,,,
15657,22,11/17/2011 12:19,1,30,,,,,,,,
15658,190,6/2/2011 15:22,8,2117.3,,,,,,,,
15659,43,10/27/2011 9:23,3,532.5,,,,,,,,
15660,25,11/14/2011 16:58,15,2603.7,,,,,,,,
15661,317,1/26/2011 13:56,8,1216,,,,,,,,
15662,661,2/16/2010 16:47,2,283.7,,,,,,,,
15663,106,8/25/2011 15:50,1,138.1,,,,,,,,
15664,50,10/20/2011 10:57,4,1254,,,,,,,,
15665,168,6/24/2011 14:57,5,3929.9,,,,,,,,
15666,472,8/24/2010 16:14,2,628.6,,,,,,,,
15667,39,10/31/2011 10:56,1,301.3,,,,,,,,
15668,217,5/6/2011 10:39,1,76.3,,,,,,,,
15669,40,10/30/2011 16:03,4,684.3,,,,,,,,
15670,296,2/16/2011 10:50,2,325.2,,,,,,,,
15671,18,11/21/2011 12:43,7,2657.1,,,,,,,,
15672,725,12/14/2009 16:52,1,45.3,,,,,,,,
15673,88,9/12/2011 16:12,9,5850.5,,,,,,,,
15674,73,9/27/2011 15:17,13,6948.2,,,,,,,,
15675,81,9/19/2011 13:48,4,542,,,,,,,,
15676,18,11/21/2011 12:40,3,3435.8,,,,,,,,
15677,49,10/21/2011 15:36,3,1305.6,,,,,,,,
15678,52,10/18/2011 9:25,3,1734.6,,,,,,,,
15679,24,11/15/2011 16:19,4,781.3,,,,,,,,
15680,9,11/30/2011 13:46,10,4028.7,,,,,,,,
15681,25,11/14/2011 16:30,14,2989.7,,,,,,,,
15682,599,4/19/2010 15:30,2,318.2,,,,,,,,
15683,117,8/14/2011 12:56,2,524.5,,,,,,,,
15684,547,6/10/2010 18:51,3,174,,,,,,,,
15685,450,9/15/2010 13:43,1,56,,,,,,,,
15686,420,10/15/2010 13:50,1,90,,,,,,,,
15687,8,12/1/2011 8:33,9,2993.1,,,,,,,,
15688,418,10/17/2010 12:06,1,187.2,,,,,,,,
15689,119,8/12/2011 9:37,3,521,,,,,,,,
15690,4,12/5/2011 15:59,2,239.8,,,,,,,,
15691,252,4/1/2011 15:13,4,571.3,,,,,,,,
15692,28,11/11/2011 14:12,1,191,,,,,,,,
15693,659,2/18/2010 14:37,1,37.5,,,,,,,,
15694,0,12/9/2011 9:44,24,9978.5,,,,,,,,
15695,266,3/18/2011 8:32,4,1131,,,,,,,,
15696,33,11/6/2011 14:02,13,3842.7,,,,,,,,
15697,689,1/19/2010 9:10,1,246.8,,,,,,,,
15698,624,3/25/2010 17:38,1,46.2,,,,,,,,
15699,17,11/22/2011 8:26,1,309.7,,,,,,,,
15700,172,6/20/2011 16:53,2,692.9,,,,,,,,
15701,2,12/7/2011 14:39,4,1497.4,,,,,,,,
15702,476,8/20/2010 14:50,2,140.4,,,,,,,,
15703,264,3/20/2011 10:51,1,211.5,,,,,,,,
15704,140,7/22/2011 13:35,6,3704.3,,,,,,,,
15705,201,5/22/2011 15:37,1,143.1,,,,,,,,
15706,63,10/7/2011 10:09,4,1060.6,,,,,,,,
15707,35,11/4/2011 14:35,4,888,,,,,,,,
15708,40,10/30/2011 10:54,9,3819.5,,,,,,,,
15709,283,3/1/2011 10:38,2,325.9,,,,,,,,
15710,417,10/18/2010 17:05,1,898.9,,,,,,,,
15711,556,6/1/2010 12:14,2,420.3,,,,,,,,
15712,9,11/30/2011 14:09,12,3472.4,,,,,,,,
15713,143,7/19/2011 13:34,4,839.6,,,,,,,,
15714,11,11/28/2011 11:26,5,784,,,,,,,,
15715,555,6/2/2010 9:56,5,658,,,,,,,,
15716,145,7/17/2011 11:59,11,2420,,,,,,,,
15717,234,4/19/2011 13:21,5,607,,,,,,,,
15718,540,6/17/2010 16:20,1,293.8,,,,,,,,
15719,32,11/7/2011 12:29,31,10163.1,,,,,,,,
15720,24,11/15/2011 14:48,2,739.2,,,,,,,,
15721,11,11/28/2011 12:14,1,451.5,,,,,,,,
15722,35,11/4/2011 11:43,11,5188.5,,,,,,,,
15723,364,12/10/2010 11:12,4,927.4,,,,,,,,
15724,201,5/22/2011 14:40,3,310.9,,,,,,,,
15725,15,11/24/2011 14:51,1,415.3,,,,,,,,
15726,390,11/14/2010 16:12,1,321.9,,,,,,,,
15727,16,11/23/2011 12:36,15,9204.9,,,,,,,,
15728,379,11/25/2010 10:39,2,544.6,,,,,,,,
15729,212,5/11/2011 12:36,3,192.6,,,,,,,,
15730,65,10/5/2011 12:31,5,1726.6,,,,,,,,
15731,553,6/4/2010 10:10,1,125.3,,,,,,,,
15732,212,5/11/2011 14:24,10,1544,,,,,,,,
15733,282,3/2/2011 9:05,1,162.3,,,,,,,,
15734,114,8/17/2011 10:50,4,2263.3,,,,,,,,
15735,421,10/14/2010 13:38,1,327.7,,,,,,,,
15736,435,9/30/2010 14:20,2,1754.4,,,,,,,,
15737,14,11/25/2011 11:21,8,1188.1,,,,,,,,
15738,18,11/21/2011 8:26,41,13033.3,,,,,,,,
15739,66,10/4/2011 13:42,1,449.1,,,,,,,,
15740,49,10/21/2011 14:29,1,154.9,,,,,,,,
15741,458,9/7/2010 16:21,2,208.6,,,,,,,,
15742,619,3/30/2010 15:25,1,156.9,,,,,,,,
15743,16,11/23/2011 17:19,4,772.6,,,,,,,,
15744,77,9/23/2011 9:52,1,34.8,,,,,,,,
15745,19,11/20/2011 13:45,4,1094.6,,,,,,,,
15746,134,7/28/2011 15:21,1,196.9,,,,,,,,
15747,12,11/27/2011 12:26,9,2455.7,,,,,,,,
15748,40,10/30/2011 12:51,3,597.3,,,,,,,,
15749,235,4/18/2011 13:20,3,44534.3,,,,,,,,
15750,2,12/7/2011 12:34,18,6429.6,,,,,,,,
15751,460,9/5/2010 12:44,11,1380.4,,,,,,,,
15752,39,10/31/2011 11:37,9,3888.8,,,,,,,,
15753,304,2/8/2011 12:41,1,79.2,,,,,,,,
15754,51,10/19/2011 14:40,9,3037.6,,,,,,,,
15755,10,11/29/2011 14:57,17,5993.1,,,,,,,,
15756,61,10/9/2011 13:30,4,527.2,,,,,,,,
15757,65,10/5/2011 12:14,6,2940.4,,,,,,,,
15758,24,11/15/2011 10:48,1,205.3,,,,,,,,
15759,218,5/5/2011 15:13,7,830.9,,,,,,,,
15760,630,3/19/2010 11:45,2,13916.3,,,,,,,,
15761,442,9/23/2010 9:33,1,143.1,,,,,,,,
15762,65,10/5/2011 16:15,2,583.8,,,,,,,,
15763,31,11/8/2011 9:44,2,1086.9,,,,,,,,
15764,88,9/12/2011 17:58,8,4503.1,,,,,,,,
15765,666,2/11/2010 10:25,1,370.6,,,,,,,,
15766,64,10/6/2011 17:03,3,831.1,,,,,,,,
15768,115,8/16/2011 10:48,34,15056.3,,,,,,,,
15769,7,12/2/2011 13:52,46,88612.5,,,,,,,,
15770,612,4/6/2010 11:47,1,321.5,,,,,,,,
15771,604,4/14/2010 13:56,3,1006.5,,,,,,,,
15772,418,10/17/2010 13:33,1,280.9,,,,,,,,
15773,5,12/4/2011 12:48,2,774.5,,,,,,,,
15774,68,10/2/2011 12:04,6,1279.5,,,,,,,,
15775,245,4/8/2011 12:56,2,150.5,,,,,,,,
15776,133,7/29/2011 13:46,1,241.6,,,,,,,,
15777,241,4/12/2011 16:43,7,1762.6,,,,,,,,
15778,431,10/4/2010 15:10,1,308,,,,,,,,
15779,463,9/2/2010 16:40,2,124.1,,,,,,,,
15780,183,6/9/2011 12:01,3,475.3,,,,,,,,
15781,25,11/14/2011 14:57,3,345.5,,,,,,,,
15782,9,11/30/2011 10:49,4,4014.1,,,,,,,,
15783,10,11/29/2011 9:50,1,246.3,,,,,,,,
15784,467,8/29/2010 10:38,2,848.3,,,,,,,,
15785,32,11/7/2011 11:33,16,5969.9,,,,,,,,
15786,46,10/24/2011 14:13,5,8501.6,,,,,,,,
15787,26,11/13/2011 14:55,3,919.3,,,,,,,,
15788,508,7/19/2010 12:48,1,221.8,,,,,,,,
15789,358,12/16/2010 14:35,6,1962,,,,,,,,
15790,10,11/29/2011 14:53,1,218.8,,,,,,,,
15791,43,10/27/2011 10:14,5,3608.3,,,,,,,,
15792,399,11/5/2010 8:21,2,933.8,,,,,,,,
15793,14,11/25/2011 9:31,8,2399.6,,,,,,,,
15794,736,12/3/2009 13:04,2,777,,,,,,,,
15795,149,7/13/2011 10:43,8,1979.9,,,,,,,,
15796,1,12/8/2011 19:55,17,5112.9,,,,,,,,
15797,113,8/18/2011 17:04,6,2821.1,,,,,,,,
15798,492,8/4/2010 9:13,3,1535.4,,,,,,,,
15799,75,9/25/2011 12:46,4,1402.3,,,,,,,,
15800,107,8/24/2011 14:23,7,1212,,,,,,,,
15801,46,10/24/2011 13:52,3,1064,,,,,,,,
15802,142,7/20/2011 11:38,1,451.4,,,,,,,,
15803,51,10/19/2011 14:56,4,1929.7,,,,,,,,
15804,0,12/9/2011 12:31,13,4206.4,,,,,,,,
15805,23,11/16/2011 16:32,30,10148.9,,,,,,,,
15806,46,10/24/2011 14:35,3,784.6,,,,,,,,
15807,50,10/20/2011 14:10,5,1817.5,,,,,,,,
15808,306,2/6/2011 14:33,21,16995.8,,,,,,,,
15809,36,11/3/2011 16:40,7,1274.4,,,,,,,,
15810,78,9/22/2011 9:38,8,2999,,,,,,,,
15811,22,11/17/2011 15:31,7,3313.8,,,,,,,,
15812,107,8/24/2011 14:19,12,5200.2,,,,,,,,
15813,207,5/16/2011 8:13,2,1303.9,,,,,,,,
15814,16,11/23/2011 8:17,6,2634.4,,,,,,,,
15815,63,10/7/2011 12:42,5,2100.6,,,,,,,,
15816,542,6/15/2010 13:36,2,144.2,,,,,,,,
15817,420,10/15/2010 11:07,3,2766.4,,,,,,,,
15818,588,4/30/2010 12:58,1,340.5,,,,,,,,
15819,49,10/21/2011 14:50,10,3934.8,,,,,,,,
15820,319,1/24/2011 12:00,1,207,,,,,,,,
15821,44,10/26/2011 15:48,2,571,,,,,,,,
15822,3,12/6/2011 14:50,6,1759.7,,,,,,,,
15823,372,12/2/2010 15:08,3,3882.2,,,,,,,,
15824,453,9/12/2010 13:20,2,890.9,,,,,,,,
15825,172,6/20/2011 13:27,1,532.9,,,,,,,,
15826,56,10/14/2011 16:05,4,2598.3,,,,,,,,
15827,73,9/27/2011 15:35,28,3603.1,,,,,,,,
15828,375,11/29/2010 16:41,1,1108.8,,,,,,,,
15829,99,9/1/2011 16:45,2,636.1,,,,,,,,
15830,37,11/2/2011 10:40,1,576,,,,,,,,
15831,58,10/12/2011 13:14,3,785.3,,,,,,,,
15832,254,3/30/2011 15:29,1,836.8,,,,,,,,
15833,737,12/2/2009 11:59,1,80.4,,,,,,,,
15834,70,9/30/2011 14:41,7,3695.8,,,,,,,,
15835,44,10/26/2011 15:47,4,954.1,,,,,,,,
15836,50,10/20/2011 17:13,1,137.4,,,,,,,,
15837,64,10/6/2011 9:01,2,777,,,,,,,,
15838,11,11/28/2011 14:00,34,72453.1,,,,,,,,
15839,33,11/6/2011 13:54,3,1048.5,,,,,,,,
15840,58,10/12/2011 9:08,2,355.6,,,,,,,,
15841,72,9/28/2011 12:15,9,2742.4,,,,,,,,
15842,393,11/11/2010 14:08,2,548.8,,,,,,,,
15843,303,2/9/2011 10:19,1,119,,,,,,,,
15844,46,10/24/2011 15:19,1,130.7,,,,,,,,
15845,17,11/22/2011 9:42,11,4426.3,,,,,,,,
15846,385,11/19/2010 14:40,1,104.5,,,,,,,,
15847,38,11/1/2011 14:41,5,822.6,,,,,,,,
15848,621,3/28/2010 10:54,1,138,,,,,,,,
15850,19,11/20/2011 14:14,6,960.4,,,,,,,,
15851,526,7/1/2010 12:34,1,109.7,,,,,,,,
15852,186,6/6/2011 11:22,3,257.3,,,,,,,,
15853,51,10/19/2011 10:38,1,100.6,,,,,,,,
15854,4,12/5/2011 13:39,21,5578.3,,,,,,,,
15855,136,7/26/2011 10:20,6,1046.8,,,,,,,,
15856,4,12/5/2011 17:09,52,32060.9,,,,,,,,
15857,18,11/21/2011 12:18,2,570.5,,,,,,,,
15858,15,11/24/2011 12:48,13,3525.7,,,,,,,,
15859,432,10/3/2010 12:52,1,438.5,,,,,,,,
15860,40,10/30/2011 11:25,17,2267.7,,,,,,,,
15861,12,11/27/2011 15:59,12,4342.4,,,,,,,,
15862,8,12/1/2011 13:28,13,2478.2,,,,,,,,
15863,25,11/14/2011 12:49,5,355.1,,,,,,,,
15864,22,11/17/2011 13:32,7,2180.8,,,,,,,,
15865,40,10/30/2011 12:43,5,2241.4,,,,,,,,
15866,101,8/30/2011 14:09,1,211.9,,,,,,,,
15867,5,12/4/2011 13:32,31,8918.4,,,,,,,,
15868,583,5/5/2010 14:11,1,94.5,,,,,,,,
15869,277,3/7/2011 17:23,3,297.8,,,,,,,,
15870,32,11/7/2011 10:58,4,812.2,,,,,,,,
15871,437,9/28/2010 14:16,1,33.1,,,,,,,,
15872,14,11/25/2011 11:55,4,672,,,,,,,,
15873,499,7/28/2010 12:41,4,313.9,,,,,,,,
15874,63,10/7/2011 12:31,21,11161.3,,,,,,,,
15875,646,3/3/2010 16:51,1,85.6,,,,,,,,
15876,409,10/26/2010 18:58,2,1449.1,,,,,,,,
15877,1,12/8/2011 11:53,2,489.1,,,,,,,,
15878,561,5/27/2010 12:17,2,325.7,,,,,,,,
15879,404,10/31/2010 16:21,4,1116.3,,,,,,,,
15880,369,12/5/2010 13:00,1,325.7,,,,,,,,
15881,312,1/31/2011 16:59,5,501.4,,,,,,,,
15882,198,5/25/2011 11:35,8,1124.7,,,,,,,,
15883,2,12/7/2011 17:05,2,396.5,,,,,,,,
15884,432,10/3/2010 15:55,2,244.6,,,,,,,,
15885,92,9/8/2011 10:43,15,1951.8,,,,,,,,
15886,60,10/10/2011 14:25,4,1052.9,,,,,,,,
15887,406,10/29/2010 8:36,3,1027.2,,,,,,,,
15888,80,9/20/2011 12:30,3,424.1,,,,,,,,
15889,156,7/6/2011 11:10,8,1384.7,,,,,,,,
15890,394,11/10/2010 12:46,5,535.7,,,,,,,,
15891,226,4/27/2011 12:35,1,511.7,,,,,,,,
15892,669,2/8/2010 16:23,1,128.2,,,,,,,,
15893,481,8/15/2010 11:12,1,305.3,,,,,,,,
15894,253,3/31/2011 13:50,2,236.4,,,,,,,,
15895,149,7/13/2011 10:27,1,179.2,,,,,,,,
15897,194,5/29/2011 13:50,2,193.7,,,,,,,,
15898,1,12/8/2011 15:23,25,4956.1,,,,,,,,
15899,368,12/6/2010 10:36,1,56.3,,,,,,,,
15900,23,11/16/2011 12:19,4,870.5,,,,,,,,
15901,16,11/23/2011 12:43,7,662,,,,,,,,
15902,380,11/24/2010 16:57,1,145,,,,,,,,
15903,9,11/30/2011 8:08,12,8939.8,,,,,,,,
15904,8,12/1/2011 14:50,1,164.7,,,,,,,,
15905,543,6/14/2010 16:00,1,114.7,,,,,,,,
15906,19,11/20/2011 12:24,10,2514.7,,,,,,,,
15907,3,12/6/2011 12:21,3,717.1,,,,,,,,
15908,490,8/6/2010 11:56,2,749.9,,,,,,,,
15909,173,6/19/2011 10:38,1,191.9,,,,,,,,
15910,0,12/9/2011 10:51,15,2491.2,,,,,,,,
15911,623,3/26/2010 12:06,8,1679.8,,,,,,,,
15912,178,6/14/2011 14:29,9,1048.2,,,,,,,,
15913,534,6/23/2010 16:31,1,6.3,,,,,,,,
15914,378,11/26/2010 16:10,2,206,,,,,,,,
15915,401,11/3/2010 11:13,1,325.8,,,,,,,,
15916,16,11/23/2011 13:46,13,3007.7,,,,,,,,
15917,247,4/6/2011 10:40,5,514.8,,,,,,,,
15918,190,6/2/2011 11:42,3,579.9,,,,,,,,
15919,19,11/20/2011 11:28,2,459.2,,,,,,,,
15920,154,7/8/2011 15:31,9,550.3,,,,,,,,
15921,172,6/20/2011 11:03,4,770.3,,,,,,,,
15922,373,12/1/2010 13:51,1,369.5,,,,,,,,
15923,372,12/2/2010 12:16,1,127.1,,,,,,,,
15924,731,12/8/2009 15:00,1,90.9,,,,,,,,
15925,194,5/29/2011 15:35,1,207.2,,,,,,,,
15926,542,6/15/2010 15:23,1,134.4,,,,,,,,
15927,647,3/2/2010 13:25,1,94.7,,,,,,,,
15928,656,2/21/2010 15:16,1,293.5,,,,,,,,
15929,644,3/5/2010 14:56,1,594,,,,,,,,
15930,67,10/3/2011 14:52,1,426.6,,,,,,,,
15931,428,10/7/2010 16:46,1,239.9,,,,,,,,
15932,4,12/5/2011 17:13,8,2495.9,,,,,,,,
15933,21,11/18/2011 13:14,3,1107.5,,,,,,,,
15934,417,10/18/2010 10:13,2,2190.7,,,,,,,,
15935,239,4/14/2011 13:27,2,416.9,,,,,,,,
15936,379,11/25/2010 16:39,2,282.8,,,,,,,,
15937,64,10/6/2011 15:48,1,145.4,,,,,,,,
15938,112,8/19/2011 12:56,9,734.8,,,,,,,,
15939,89,9/11/2011 11:30,16,8455.4,,,,,,,,
15940,311,2/1/2011 16:18,1,35.8,,,,,,,,
15941,637,3/12/2010 14:45,1,405,,,,,,,,
15942,133,7/29/2011 9:01,1,337.4,,,,,,,,
15943,649,2/28/2010 12:49,2,271.3,,,,,,,,
15944,276,3/8/2011 10:33,4,2164.2,,,,,,,,
15945,365,12/9/2010 13:14,4,646.3,,,,,,,,
15946,502,7/25/2010 12:18,3,2304.2,,,,,,,,
15947,82,9/18/2011 10:46,1,1708.2,,,,,,,,
15948,8,12/1/2011 15:32,3,1509.1,,,,,,,,
15949,16,11/23/2011 9:09,2,364.7,,,,,,,,
15950,31,11/8/2011 11:09,10,7033.9,,,,,,,,
15951,8,12/1/2011 8:34,3,1013.2,,,,,,,,
15952,33,11/6/2011 11:18,4,781.9,,,,,,,,
15953,15,11/24/2011 15:32,18,3440.3,,,,,,,,
15954,589,4/29/2010 13:35,1,190.8,,,,,,,,
15955,24,11/15/2011 14:15,22,8086,,,,,,,,
15956,551,6/6/2010 13:06,2,617.6,,,,,,,,
15957,31,11/8/2011 12:14,3,813.3,,,,,,,,
15958,74,9/26/2011 13:41,4,428,,,,,,,,
15959,682,1/26/2010 16:38,3,542.9,,,,,,,,
15960,374,11/30/2010 15:57,4,411,,,,,,,,
15961,379,11/25/2010 15:59,1,451.3,,,,,,,,
15962,449,9/16/2010 13:48,1,233.1,,,,,,,,
15963,19,11/20/2011 11:33,2,470.8,,,,,,,,
15964,663,2/14/2010 15:30,1,269.2,,,,,,,,
15965,17,11/22/2011 16:44,13,2549.7,,,,,,,,
15966,450,9/15/2010 10:44,1,426.5,,,,,,,,
15967,23,11/16/2011 15:41,12,2881.3,,,,,,,,
15968,388,11/16/2010 13:04,1,339.4,,,,,,,,
15969,2,12/7/2011 11:06,5,1127.1,,,,,,,,
15970,303,2/9/2011 12:08,2,1017.3,,,,,,,,
15971,17,11/22/2011 12:50,18,5698.8,,,,,,,,
15972,456,9/9/2010 13:20,5,1668.4,,,,,,,,
15973,366,12/8/2010 11:42,3,680.6,,,,,,,,
15974,39,10/31/2011 13:13,7,3442.2,,,,,,,,
15975,84,9/16/2011 13:33,1,371,,,,,,,,
15976,165,6/27/2011 13:00,6,1624.8,,,,,,,,
15977,17,11/22/2011 13:29,2,1009.7,,,,,,,,
15978,77,9/23/2011 15:21,3,3279.4,,,,,,,,
15979,602,4/16/2010 11:35,1,329.2,,,,,,,,
15980,88,9/12/2011 9:41,7,6528.7,,,,,,,,
15981,24,11/15/2011 8:00,21,9362.8,,,,,,,,
15982,605,4/13/2010 15:47,1,324.5,,,,,,,,
15983,22,11/17/2011 17:34,8,2996.9,,,,,,,,
15984,2,12/7/2011 12:16,30,7861.1,,,,,,,,
15985,123,8/8/2011 16:31,7,2715.3,,,,,,,,
15986,30,11/9/2011 15:17,2,354.4,,,,,,,,
15987,12,11/27/2011 15:38,8,1508.7,,,,,,,,
15988,19,11/20/2011 13:23,3,738.9,,,,,,,,
15989,375,11/29/2010 12:03,2,361.2,,,,,,,,
15990,44,10/26/2011 15:58,7,1997.8,,,,,,,,
15991,534,6/23/2010 15:50,1,150.6,,,,,,,,
15992,3,12/6/2011 11:00,3,896.6,,,,,,,,
15993,8,12/1/2011 10:45,7,2727.6,,,,,,,,
15994,54,10/16/2011 12:28,3,1109.5,,,,,,,,
15995,414,10/21/2010 13:57,1,689.3,,,,,,,,
15996,88,9/12/2011 15:14,7,1358.2,,,,,,,,
15998,36,11/3/2011 12:45,16,8181.7,,,,,,,,
15999,735,12/4/2009 12:31,1,20.4,,,,,,,,
16000,2,12/7/2011 12:17,3,12393.7,,,,,,,,
16001,381,11/23/2010 17:10,1,583.4,,,,,,,,
16002,625,3/24/2010 13:08,1,169.2,,,,,,,,
16003,29,11/10/2011 9:57,10,5613.8,,,,,,,,
16004,474,8/22/2010 11:48,5,2146.4,,,,,,,,
16005,12,11/27/2011 13:47,10,2331.4,,,,,,,,
16006,211,5/12/2011 13:12,2,315.7,,,,,,,,
16007,47,10/23/2011 11:05,7,3011.3,,,,,,,,
16008,23,11/16/2011 10:32,15,5339.1,,,,,,,,
16009,22,11/17/2011 16:51,4,961.2,,,,,,,,
16010,245,4/8/2011 10:14,11,1646.6,,,,,,,,
16011,8,12/1/2011 16:31,29,5557.6,,,,,,,,
16012,35,11/4/2011 13:25,5,2957,,,,,,,,
16013,3,12/6/2011 10:36,84,54428.4,,,,,,,,
16014,37,11/2/2011 12:04,5,1092.2,,,,,,,,
16015,3,12/6/2011 10:58,3,683.7,,,,,,,,
16016,3,12/6/2011 14:35,11,2017.1,,,,,,,,
16017,47,10/23/2011 12:56,5,1495.5,,,,,,,,
16018,39,10/31/2011 14:13,4,698.1,,,,,,,,
16019,46,10/24/2011 11:51,27,17329.2,,,,,,,,
16020,16,11/23/2011 11:18,3,851,,,,,,,,
16021,395,11/9/2010 14:48,2,469.3,,,,,,,,
16022,260,3/24/2011 13:16,1,586.4,,,,,,,,
16023,46,10/24/2011 16:34,3,719.8,,,,,,,,
16024,12,11/27/2011 13:26,3,476.7,,,,,,,,
16025,29,11/10/2011 11:45,1,439.7,,,,,,,,
16026,43,10/27/2011 13:53,1,226.6,,,,,,,,
16027,91,9/9/2011 10:47,15,2048.4,,,,,,,,
16028,595,4/23/2010 11:45,1,82.2,,,,,,,,
16029,38,11/1/2011 10:27,107,117526,,,,,,,,
16030,309,2/3/2011 11:28,1,312.6,,,,,,,,
16031,92,9/8/2011 13:07,2,541.7,,,,,,,,
16032,456,9/9/2010 18:00,6,1920.5,,,,,,,,
16033,5,12/4/2011 12:44,27,10554.1,,,,,,,,
16034,196,5/27/2011 16:17,6,905,,,,,,,,
16035,560,5/28/2010 15:09,1,217.7,,,,,,,,
16036,87,9/13/2011 14:53,4,2556.8,,,,,,,,
16037,269,3/15/2011 9:13,5,1509.3,,,,,,,,
16038,7,12/2/2011 12:40,3,471.8,,,,,,,,
16039,423,10/12/2010 10:44,2,456.4,,,,,,,,
16040,65,10/5/2011 13:47,7,2416.9,,,,,,,,
16041,30,11/9/2011 12:25,3,3166.4,,,,,,,,
16042,22,11/17/2011 17:50,8,2245.3,,,,,,,,
16043,37,11/2/2011 12:50,8,1856.6,,,,,,,,
16044,435,9/30/2010 18:12,1,340.8,,,,,,,,
16045,119,8/12/2011 12:41,8,3434.9,,,,,,,,
16046,562,5/26/2010 13:18,1,235.8,,,,,,,,
16047,682,1/26/2010 16:34,1,107.1,,,,,,,,
16048,373,12/1/2010 15:28,4,818.8,,,,,,,,
16049,40,10/30/2011 13:19,6,1779.3,,,,,,,,
16050,173,6/19/2011 11:44,3,300.7,,,,,,,,
16051,681,1/27/2010 9:38,1,188.4,,,,,,,,
16052,54,10/16/2011 15:13,1,362.1,,,,,,,,
16053,32,11/7/2011 11:21,6,3618.3,,,,,,,,
16054,145,7/17/2011 13:08,4,2111.9,,,,,,,,
16055,220,5/3/2011 9:26,1,134.8,,,,,,,,
16056,45,10/25/2011 15:19,1,650.8,,,,,,,,
16057,16,11/23/2011 15:23,10,3854.9,,,,,,,,
16058,406,10/29/2010 16:48,1,62.7,,,,,,,,
16059,65,10/5/2011 9:56,12,3034,,,,,,,,
16060,400,11/4/2010 12:10,3,542,,,,,,,,
16061,431,10/4/2010 15:29,1,89.7,,,,,,,,
16062,9,11/30/2011 12:15,8,2863.5,,,,,,,,
16063,260,3/24/2011 14:56,1,335.3,,,,,,,,
16064,725,12/14/2009 16:11,1,109.3,,,,,,,,
16065,365,12/9/2010 13:03,8,1935.4,,,,,,,,
16066,16,11/23/2011 11:54,5,1516.7,,,,,,,,
16067,562,5/26/2010 12:33,3,3230.3,,,,,,,,
16068,593,4/25/2010 11:52,1,112.4,,,,,,,,
16069,417,10/18/2010 10:32,1,457.7,,,,,,,,
16070,22,11/17/2011 15:50,2,852.2,,,,,,,,
16071,44,10/26/2011 11:14,4,1076.8,,,,,,,,
16072,288,2/24/2011 14:32,4,4012.8,,,,,,,,
16073,297,2/15/2011 15:41,1,122.4,,,,,,,,
16074,390,11/14/2010 13:19,1,241.6,,,,,,,,
16075,502,7/25/2010 11:31,2,736.9,,,,,,,,
16076,3,12/6/2011 14:59,10,2214.3,,,,,,,,
16077,625,3/24/2010 10:42,1,2300.4,,,,,,,,
16078,283,3/1/2011 9:47,2,363,,,,,,,,
16079,16,11/23/2011 12:48,3,1352,,,,,,,,
16080,81,9/19/2011 10:42,4,602.6,,,,,,,,
16081,56,10/14/2011 13:06,8,4259.3,,,,,,,,
16082,670,2/7/2010 15:16,1,106.8,,,,,,,,
16083,100,8/31/2011 10:47,4,2351.4,,,,,,,,
16084,299,2/13/2011 16:05,1,436.2,,,,,,,,
16085,23,11/16/2011 13:24,12,2333.9,,,,,,,,
16086,59,10/11/2011 13:09,10,2687.7,,,,,,,,
16087,389,11/15/2010 16:44,5,1739.9,,,,,,,,
16088,575,5/13/2010 10:16,2,1437.4,,,,,,,,
16089,386,11/18/2010 13:51,2,259.7,,,,,,,,
16090,624,3/25/2010 13:05,1,180.6,,,,,,,,
16091,154,7/8/2011 8:45,2,315.1,,,,,,,,
16092,114,8/17/2011 10:46,6,1587.9,,,,,,,,
16093,106,8/25/2011 11:09,1,17,,,,,,,,
16094,11,11/28/2011 12:45,11,3695.6,,,,,,,,
16095,456,9/9/2010 16:54,1,447.1,,,,,,,,
16096,264,3/20/2011 13:38,4,1585,,,,,,,,
16097,240,4/13/2011 13:47,1,185.1,,,,,,,,
16098,87,9/13/2011 9:59,14,3965.7,,,,,,,,
16099,50,10/20/2011 13:13,7,1573.2,,,,,,,,
16100,462,9/3/2010 11:39,1,582.6,,,,,,,,
16101,70,9/30/2011 10:18,4,3229.2,,,,,,,,
16102,42,10/28/2011 13:19,3,1842.1,,,,,,,,
16103,7,12/2/2011 14:16,22,6191.7,,,,,,,,
16104,61,10/9/2011 10:23,9,2771.6,,,,,,,,
16105,248,4/5/2011 10:13,5,2386.2,,,,,,,,
16106,65,10/5/2011 10:37,1,108.4,,,,,,,,
16107,17,11/22/2011 9:40,7,3204.2,,,,,,,,
16108,84,9/16/2011 11:48,4,2235.9,,,,,,,,
16109,218,5/5/2011 9:17,3,939.5,,,,,,,,
16110,45,10/25/2011 14:35,4,1738.3,,,,,,,,
16111,428,10/7/2010 19:51,1,545.6,,,,,,,,
16112,143,7/19/2011 14:28,4,195.7,,,,,,,,
16113,183,6/9/2011 16:16,1,161.4,,,,,,,,
16114,170,6/22/2011 10:13,1,135.8,,,,,,,,
16115,9,11/30/2011 11:32,12,2514,,,,,,,,
16116,211,5/12/2011 12:01,1,612.8,,,,,,,,
16117,189,6/3/2011 11:42,3,654.4,,,,,,,,
16118,652,2/25/2010 9:40,1,4376.3,,,,,,,,
16119,8,12/1/2011 15:11,8,1720.8,,,,,,,,
16120,59,10/11/2011 14:22,6,2885.4,,,,,,,,
16121,57,10/13/2011 12:59,5,1279.6,,,,,,,,
16122,73,9/27/2011 15:34,6,895.6,,,,,,,,
16123,51,10/19/2011 9:18,1,307.8,,,,,,,,
16124,317,1/26/2011 14:45,4,1772.5,,,,,,,,
16125,367,12/7/2010 15:48,14,4220.2,,,,,,,,
16126,29,11/10/2011 16:03,15,14597.2,,,,,,,,
16127,39,10/31/2011 13:58,2,801.3,,,,,,,,
16128,17,11/22/2011 11:14,11,3801.1,,,,,,,,
16129,407,10/28/2010 14:29,3,1396.1,,,,,,,,
16130,422,10/13/2010 15:14,4,987.5,,,,,,,,
16131,51,10/19/2011 11:53,12,9957.4,,,,,,,,
16132,544,6/13/2010 13:49,2,664.2,,,,,,,,
16133,3,12/6/2011 11:24,56,22992.3,,,,,,,,
16134,21,11/18/2011 10:05,5,2145.3,,,,,,,,
16135,262,3/22/2011 12:30,2,819.5,,,,,,,,
16136,59,10/11/2011 9:10,4,946.8,,,,,,,,
16137,680,1/28/2010 15:04,1,422.7,,,,,,,,
16138,378,11/26/2010 12:13,3,910.4,,,,,,,,
16139,18,11/21/2011 8:37,5,1111.2,,,,,,,,
16140,65,10/5/2011 12:15,3,1433.5,,,,,,,,
16141,88,9/12/2011 13:11,2,955.9,,,,,,,,
16142,249,4/4/2011 10:16,1,535.3,,,,,,,,
16143,3,12/6/2011 14:13,12,4555.1,,,,,,,,
16144,246,4/7/2011 10:09,1,175.2,,,,,,,,
16145,8,12/1/2011 10:33,19,6805.4,,,,,,,,
16146,157,7/5/2011 14:20,4,946.4,,,,,,,,
16147,133,7/29/2011 9:57,5,2398.9,,,,,,,,
16148,296,2/16/2011 14:01,2,386.6,,,,,,,,
16149,4,12/5/2011 11:29,3,422.2,,,,,,,,
16150,42,10/28/2011 12:39,10,4002.2,,,,,,,,
16152,268,3/16/2011 9:47,1,1829,,,,,,,,
16153,49,10/21/2011 10:50,11,5133.5,,,,,,,,
16155,381,11/23/2010 12:03,5,796.9,,,,,,,,
16156,8,12/1/2011 12:42,20,6128.8,,,,,,,,
16157,15,11/24/2011 11:41,3,656.7,,,,,,,,
16158,522,7/5/2010 13:55,9,628.3,,,,,,,,
16159,281,3/3/2011 12:27,4,1232.8,,,,,,,,
16160,65,10/5/2011 14:19,2,1025.4,,,,,,,,
16161,1,12/8/2011 12:10,43,12515.3,,,,,,,,
16162,252,4/1/2011 15:03,1,37.4,,,,,,,,
16163,232,4/21/2011 15:15,6,2408,,,,,,,,
16164,17,11/22/2011 15:04,3,769.4,,,,,,,,
16165,505,7/22/2010 14:17,1,79.9,,,,,,,,
16166,428,10/7/2010 15:44,2,435.8,,,,,,,,
16167,414,10/21/2010 15:33,5,1386.1,,,,,,,,
16168,10,11/29/2011 12:45,66,10360.7,,,,,,,,
16169,8,12/1/2011 15:28,4,1823,,,,,,,,
16170,50,10/20/2011 8:21,20,6869,,,,,,,,
16171,59,10/11/2011 14:51,1,73.2,,,,,,,,
16172,95,9/5/2011 13:22,8,1884.6,,,,,,,,
16173,15,11/24/2011 10:53,6,1418.3,,,,,,,,
16174,126,8/5/2011 13:26,7,2246.8,,,,,,,,
16175,94,9/6/2011 14:32,7,1836.4,,,,,,,,
16176,421,10/14/2010 13:54,4,2052.7,,,,,,,,
16177,50,10/20/2011 12:57,8,2247.3,,,,,,,,
16178,138,7/24/2011 16:05,2,612.6,,,,,,,,
16179,60,10/10/2011 9:41,1,215.8,,,,,,,,
16180,100,8/31/2011 16:28,13,16249.9,,,,,,,,
16181,73,9/27/2011 13:38,1,305.5,,,,,,,,
16182,72,9/28/2011 13:23,9,9971.7,,,,,,,,
16183,67,10/3/2011 14:59,4,1077.8,,,,,,,,
16184,64,10/6/2011 17:43,6,1158.8,,,,,,,,
16185,16,11/23/2011 9:41,3,644.7,,,,,,,,
16186,22,11/17/2011 12:43,26,8718.4,,,,,,,,
16187,31,11/8/2011 9:50,15,6911.4,,,,,,,,
16188,44,10/26/2011 12:19,5,1087.7,,,,,,,,
16189,15,11/24/2011 11:47,2,215.5,,,,,,,,
16190,40,10/30/2011 15:59,8,2723.6,,,,,,,,
16191,2,12/7/2011 11:26,24,15642.4,,,,,,,,
16192,735,12/4/2009 12:28,1,351.3,,,,,,,,
16193,236,4/17/2011 11:45,2,630.4,,,,,,,,
16194,375,11/29/2010 13:28,1,308.6,,,,,,,,
16195,723,12/16/2009 14:09,1,323.3,,,,,,,,
16196,488,8/8/2010 11:40,1,93.3,,,,,,,,
16197,469,8/27/2010 12:56,9,2016.7,,,,,,,,
16198,75,9/25/2011 14:58,2,1030,,,,,,,,
16199,392,11/12/2010 12:55,7,942.8,,,,,,,,
16200,4,12/5/2011 14:40,12,5435.4,,,,,,,,
16201,3,12/6/2011 16:02,5,2112.1,,,,,,,,
16202,360,12/14/2010 10:43,9,2502,,,,,,,,
16203,58,10/12/2011 12:31,6,943.8,,,,,,,,
16204,23,11/16/2011 13:40,3,896.3,,,,,,,,
16205,30,11/9/2011 9:32,7,1752.4,,,,,,,,
16206,54,10/16/2011 10:41,13,2584.5,,,,,,,,
16207,25,11/14/2011 13:51,1,394.4,,,,,,,,
16208,44,10/26/2011 11:36,10,3409.8,,,,,,,,
16209,88,9/12/2011 11:58,9,4146.8,,,,,,,,
16210,1,12/8/2011 12:36,35,33751,,,,,,,,
16211,88,9/12/2011 12:11,3,1090.6,,,,,,,,
16212,19,11/20/2011 13:00,4,1293.7,,,,,,,,
16213,78,9/22/2011 10:03,1,159,,,,,,,,
16214,170,6/22/2011 11:30,4,2038.3,,,,,,,,
16215,80,9/20/2011 10:18,1,242.4,,,,,,,,
16216,267,3/17/2011 15:34,1,914.9,,,,,,,,
16217,235,4/18/2011 13:31,2,304.3,,,,,,,,
16218,29,11/10/2011 9:59,13,3968.7,,,,,,,,
16219,500,7/27/2010 11:44,1,40.8,,,,,,,,
16221,36,11/3/2011 11:43,9,2006.3,,,,,,,,
16222,318,1/25/2011 13:38,2,1262,,,,,,,,
16223,374,11/30/2010 11:50,2,1085.1,,,,,,,,
16224,57,10/13/2011 17:51,5,1616.5,,,,,,,,
16225,44,10/26/2011 8:30,15,2840.2,,,,,,,,
16226,203,5/20/2011 14:41,5,672.2,,,,,,,,
16227,225,4/28/2011 13:33,3,1027.2,,,,,,,,
16228,385,11/19/2010 14:20,3,882,,,,,,,,
16229,87,9/13/2011 17:16,6,2867.9,,,,,,,,
16230,189,6/3/2011 10:06,2,542,,,,,,,,
16231,379,11/25/2010 15:00,4,1063.8,,,,,,,,
16232,43,10/27/2011 12:16,7,2713,,,,,,,,
16233,71,9/29/2011 17:27,9,1818.3,,,,,,,,
16234,476,8/20/2010 14:33,3,333.2,,,,,,,,
16235,40,10/30/2011 10:56,9,2053.7,,,,,,,,
16236,78,9/22/2011 14:10,1,432.2,,,,,,,,
16237,437,9/28/2010 17:02,1,136.7,,,,,,,,
16238,422,10/13/2010 12:36,1,63.7,,,,,,,,
16239,56,10/14/2011 8:29,6,1492.2,,,,,,,,
16240,24,11/15/2011 14:30,2,3718.8,,,,,,,,
16241,9,11/30/2011 11:08,16,3931,,,,,,,,
16242,8,12/1/2011 15:12,14,7276.2,,,,,,,,
16243,33,11/6/2011 12:32,2,409.1,,,,,,,,
16244,211,5/12/2011 10:18,2,1522.8,,,,,,,,
16245,23,11/16/2011 10:14,3,1413.7,,,,,,,,
16246,459,9/6/2010 12:04,2,799.9,,,,,,,,
16247,170,6/22/2011 14:23,1,114.6,,,,,,,,
16248,61,10/9/2011 11:32,1,152.9,,,,,,,,
16249,52,10/18/2011 10:07,5,1800.1,,,,,,,,
16250,261,3/23/2011 15:07,3,565.2,,,,,,,,
16251,512,7/15/2010 14:55,1,128.3,,,,,,,,
16252,382,11/22/2010 11:57,1,295.1,,,,,,,,
16253,66,10/4/2011 9:09,7,7202.3,,,,,,,,
16254,378,11/26/2010 13:22,3,967.4,,,,,,,,
16255,16,11/23/2011 12:40,15,4508.2,,,,,,,,
16256,266,3/18/2011 12:18,3,1629.4,,,,,,,,
16257,176,6/16/2011 10:11,1,47,,,,,,,,
16258,45,10/25/2011 13:30,15,11942.5,,,,,,,,
16259,410,10/25/2010 14:27,3,330.4,,,,,,,,
16260,50,10/20/2011 9:40,1,1035.5,,,,,,,,
16261,17,11/22/2011 17:23,6,1032.1,,,,,,,,
16262,378,11/26/2010 13:22,1,755.2,,,,,,,,
16263,423,10/12/2010 14:52,1,280.8,,,,,,,,
16264,438,9/27/2010 15:00,2,823.5,,,,,,,,
16265,9,11/30/2011 16:41,12,6935.2,,,,,,,,
16266,73,9/27/2011 12:08,14,1750.7,,,,,,,,
16267,591,4/27/2010 14:10,1,186.7,,,,,,,,
16268,71,9/29/2011 18:30,2,667.7,,,,,,,,
16269,437,9/28/2010 11:50,1,717.6,,,,,,,,
16270,353,12/21/2010 14:26,1,1141.2,,,,,,,,
16271,2,12/7/2011 12:45,10,3277.4,,,,,,,,
16272,116,8/15/2011 10:54,1,411.7,,,,,,,,
16273,648,3/1/2010 13:24,2,318.3,,,,,,,,
16274,373,12/1/2010 15:35,1,332.8,,,,,,,,
16275,196,5/27/2011 12:41,3,2151.1,,,,,,,,
16276,176,6/16/2011 9:34,3,2629.4,,,,,,,,
16277,733,12/6/2009 11:27,1,188.7,,,,,,,,
16278,100,8/31/2011 17:12,3,1117.8,,,,,,,,
16279,21,11/18/2011 15:00,9,5684.8,,,,,,,,
16280,725,12/14/2009 15:49,1,238.1,,,,,,,,
16281,72,9/28/2011 14:57,3,3424,,,,,,,,
16282,339,1/4/2011 11:42,3,1307.6,,,,,,,,
16283,5,12/4/2011 12:08,8,4184.4,,,,,,,,
16284,31,11/8/2011 16:12,3,954.4,,,,,,,,
16285,646,3/3/2010 16:03,1,176.9,,,,,,,,
16286,477,8/19/2010 14:48,2,329,,,,,,,,
16287,169,6/23/2011 9:08,5,1007,,,,,,,,
16288,470,8/26/2010 14:45,1,129.9,,,,,,,,
16289,462,9/3/2010 14:02,1,136.3,,,,,,,,
16290,464,9/1/2010 11:52,4,1902.2,,,,,,,,
16291,682,1/26/2010 16:26,1,117.7,,,,,,,,
16292,121,8/10/2011 12:24,5,1253.8,,,,,,,,
16293,21,11/18/2011 9:58,15,4279.2,,,,,,,,
16294,476,8/20/2010 12:01,1,126.1,,,,,,,,
16295,9,11/30/2011 8:17,4,1328.6,,,,,,,,
16296,626,3/23/2010 13:11,4,1313.7,,,,,,,,
16297,268,3/16/2011 8:29,1,301.9,,,,,,,,
16298,22,11/17/2011 11:59,7,1085.7,,,,,,,,
16299,477,8/19/2010 17:46,1,193.7,,,,,,,,
16300,430,10/5/2010 13:14,3,1335.6,,,,,,,,
16301,736,12/3/2009 10:20,1,107.3,,,,,,,,
16302,126,8/5/2011 9:44,1,233.2,,,,,,,,
16303,25,11/14/2011 10:49,7,7928.3,,,,,,,,
16304,694,1/14/2010 8:30,1,381.7,,,,,,,,
16305,138,7/24/2011 12:18,1,361.2,,,,,,,,
16306,213,5/10/2011 12:12,7,1124.7,,,,,,,,
16307,429,10/6/2010 14:31,3,1194.9,,,,,,,,
16308,37,11/2/2011 11:24,7,5120,,,,,,,,
16309,106,8/25/2011 15:35,2,706.6,,,,,,,,
16310,414,10/21/2010 14:47,2,460.1,,,,,,,,
16311,17,11/22/2011 8:54,2,616.3,,,,,,,,
16312,432,10/3/2010 14:15,1,171.2,,,,,,,,
16313,3,12/6/2011 13:02,2,274.2,,,,,,,,
16314,389,11/15/2010 12:06,3,1491.4,,,,,,,,
16315,330,1/13/2011 11:57,2,402.7,,,,,,,,
16316,64,10/6/2011 13:48,13,5744.9,,,,,,,,
16317,119,8/12/2011 12:46,5,2192.5,,,,,,,,
16318,35,11/4/2011 13:05,1,328.2,,,,,,,,
16319,217,5/6/2011 11:27,1,404.4,,,,,,,,
16320,172,6/20/2011 15:25,6,5629,,,,,,,,
16321,72,9/28/2011 14:55,7,604.6,,,,,,,,
16322,1,12/8/2011 15:41,2,321.3,,,,,,,,
16323,196,5/27/2011 14:48,2,353.7,,,,,,,,
16324,128,8/3/2011 12:58,3,398.9,,,,,,,,
16325,46,10/24/2011 8:48,12,3597.5,,,,,,,,
16326,5,12/4/2011 10:11,24,4563.2,,,,,,,,
16327,14,11/25/2011 13:23,16,10083.7,,,,,,,,
16328,563,5/25/2010 14:02,1,310.8,,,,,,,,
16329,427,10/8/2010 12:44,4,1477.9,,,,,,,,
16330,17,11/22/2011 12:24,7,590.7,,,,,,,,
16331,432,10/3/2010 13:47,6,2037.7,,,,,,,,
16332,28,11/11/2011 14:22,11,1981.9,,,,,,,,
16333,7,12/2/2011 12:19,22,26626.8,,,,,,,,
16334,492,8/4/2010 16:38,1,263.7,,,,,,,,
16335,551,6/6/2010 11:35,7,2744.8,,,,,,,,
16336,420,10/15/2010 12:32,4,3517.7,,,,,,,,
16337,36,11/3/2011 10:03,1,151.1,,,,,,,,
16338,157,7/5/2011 13:56,1,214.8,,,,,,,,
16339,284,2/28/2011 13:41,1,91.2,,,,,,,,
16340,107,8/24/2011 14:53,3,1313.2,,,,,,,,
16341,24,11/15/2011 9:12,7,3850.8,,,,,,,,
16342,75,9/25/2011 14:36,4,322.4,,,,,,,,
16343,16,11/23/2011 17:45,3,529.8,,,,,,,,
16344,158,7/4/2011 15:50,4,777,,,,,,,,
16345,44,10/26/2011 16:03,2,1143.9,,,,,,,,
16346,385,11/19/2010 15:55,1,224.5,,,,,,,,
16347,11,11/28/2011 13:14,11,3268.4,,,,,,,,
16348,32,11/7/2011 15:44,8,1718.7,,,,,,,,
16349,290,2/22/2011 12:40,1,53.5,,,,,,,,
16350,21,11/18/2011 15:53,9,2253.9,,,,,,,,
16351,332,1/11/2011 10:26,13,3330,,,,,,,,
16352,17,11/22/2011 10:32,2,494.4,,,,,,,,
16353,3,12/6/2011 12:23,38,9795.5,,,,,,,,
16354,63,10/7/2011 14:28,5,1079.3,,,,,,,,
16355,375,11/29/2010 14:21,1,411.3,,,,,,,,
16356,197,5/26/2011 11:51,6,389.5,,,,,,,,
16357,33,11/6/2011 16:04,4,868.4,,,,,,,,
16358,1,12/8/2011 15:09,5,2919.7,,,,,,,,
16359,7,12/2/2011 17:04,16,2697.8,,,,,,,,
16360,4,12/5/2011 12:16,6,3258.9,,,,,,,,
16361,9,11/30/2011 12:32,4,876.5,,,,,,,,
16362,32,11/7/2011 13:01,6,909.4,,,,,,,,
16363,53,10/17/2011 14:14,1,109.4,,,,,,,,
16364,11,11/28/2011 11:27,2,705.8,,,,,,,,
16365,17,11/22/2011 11:24,15,3167.3,,,,,,,,
16366,18,11/21/2011 8:19,4,1548.1,,,,,,,,
16367,37,11/2/2011 13:13,3,1263.5,,,,,,,,
16368,2,12/7/2011 13:12,3,554.9,,,,,,,,
16369,18,11/21/2011 16:25,7,2654.9,,,,,,,,
16370,82,9/18/2011 15:55,4,1263.6,,,,,,,,
16371,448,9/17/2010 12:09,1,157.2,,,,,,,,
16372,33,11/6/2011 13:08,5,1214.9,,,,,,,,
16373,382,11/22/2010 15:50,2,294.5,,,,,,,,
16374,66,10/4/2011 15:21,5,1693.6,,,,,,,,
16375,470,8/26/2010 14:25,2,104,,,,,,,,
16376,8,12/1/2011 11:38,2,909,,,,,,,,
16377,267,3/17/2011 15:41,2,1308.5,,,,,,,,
16378,247,4/6/2011 15:07,3,363,,,,,,,,
16379,4,12/5/2011 15:38,4,2157.4,,,,,,,,
16380,61,10/9/2011 15:40,1,1627,,,,,,,,
16381,395,11/9/2010 9:56,2,246.2,,,,,,,,
16382,408,10/27/2010 16:23,2,353.1,,,,,,,,
16383,74,9/26/2011 12:45,7,2725,,,,,,,,
16384,89,9/11/2011 11:19,4,1359,,,,,,,,
16385,60,10/10/2011 13:12,5,881.4,,,,,,,,
16386,28,11/11/2011 12:28,3,1024.2,,,,,,,,
16387,322,1/21/2011 11:34,5,869,,,,,,,,
16388,653,2/24/2010 10:20,1,186.1,,,,,,,,
16389,53,10/17/2011 14:41,4,1382.1,,,,,,,,
16390,536,6/21/2010 10:11,3,467.5,,,,,,,,
16391,400,11/4/2010 12:27,4,1016.6,,,,,,,,
16392,269,3/15/2011 12:11,3,735.5,,,,,,,,
16393,2,12/7/2011 12:51,23,5124.5,,,,,,,,
16394,56,10/14/2011 9:48,5,1555.3,,,,,,,,
16395,60,10/10/2011 12:50,14,3432.3,,,,,,,,
16396,476,8/20/2010 14:17,1,137.8,,,,,,,,
16397,628,3/21/2010 15:36,1,123.1,,,,,,,,
16398,154,7/8/2011 15:16,2,1705.8,,,,,,,,
16399,19,11/20/2011 16:12,3,610.1,,,,,,,,
16400,94,9/6/2011 12:27,9,3022.5,,,,,,,,
16401,1,12/8/2011 18:15,23,6825.7,,,,,,,,
16402,264,3/20/2011 12:25,2,290.5,,,,,,,,
16403,312,1/31/2011 13:39,1,177.5,,,,,,,,
16404,70,9/30/2011 14:55,1,443.1,,,,,,,,
16405,302,2/10/2011 15:24,2,167.3,,,,,,,,
16406,18,11/21/2011 11:57,3,501.4,,,,,,,,
16407,12,11/27/2011 11:05,14,2711.3,,,,,,,,
16408,591,4/27/2010 14:08,1,231.9,,,,,,,,
16409,36,11/3/2011 16:45,12,5564.5,,,,,,,,
16410,734,12/5/2009 14:51,1,130.3,,,,,,,,
16411,19,11/20/2011 13:23,4,745.9,,,,,,,,
16412,53,10/17/2011 12:35,5,552.4,,,,,,,,
16413,56,10/14/2011 12:08,2,486,,,,,,,,
16414,21,11/18/2011 9:42,5,542.4,,,,,,,,
16415,44,10/26/2011 13:35,3,663.6,,,,,,,,
16416,26,11/13/2011 12:50,9,2915.6,,,,,,,,
16417,492,8/4/2010 9:08,1,35.7,,,,,,,,
16418,44,10/26/2011 12:39,5,999.9,,,,,,,,
16419,112,8/19/2011 12:33,8,1448.7,,,,,,,,
16420,396,11/8/2010 15:15,1,75,,,,,,,,
16421,376,11/28/2010 13:31,3,526.3,,,,,,,,
16422,17,11/22/2011 14:00,109,61920.9,,,,,,,,
16423,24,11/15/2011 9:21,1,346.1,,,,,,,,
16424,191,6/1/2011 13:40,2,443.1,,,,,,,,
16425,302,2/10/2011 14:30,1,302.7,,,,,,,,
16426,2,12/7/2011 14:01,10,1824.7,,,,,,,,
16427,263,3/21/2011 17:10,2,241.1,,,,,,,,
16428,413,10/22/2010 12:22,3,608.5,,,,,,,,
16429,106,8/25/2011 13:54,1,284.6,,,,,,,,
16430,57,10/13/2011 14:47,7,1117.9,,,,,,,,
16431,213,5/10/2011 14:09,3,570.1,,,,,,,,
16432,64,10/6/2011 13:59,1,287.4,,,,,,,,
16433,28,11/11/2011 14:09,2,384.5,,,,,,,,
16434,29,11/10/2011 14:28,12,2658.2,,,,,,,,
16435,512,7/15/2010 18:22,3,1000.6,,,,,,,,
16436,668,2/9/2010 13:19,3,319.1,,,,,,,,
16437,381,11/23/2010 16:59,2,301.3,,,,,,,,
16438,5,12/4/2011 10:51,5,795.9,,,,,,,,
16439,722,12/17/2009 14:22,1,310.7,,,,,,,,
16440,7,12/2/2011 12:02,6,3838.7,,,,,,,,
16441,67,10/3/2011 17:48,5,1005.3,,,,,,,,
16442,1,12/8/2011 11:43,5,882.1,,,,,,,,
16443,520,7/7/2010 11:57,1,162.2,,,,,,,,
16444,46,10/24/2011 13:50,17,3588.6,,,,,,,,
16445,33,11/6/2011 12:32,4,572.9,,,,,,,,
16446,0,12/9/2011 9:15,2,168472.5,,,,,,,,
16447,135,7/27/2011 12:45,3,712.1,,,,,,,,
16448,198,5/25/2011 16:28,2,361.1,,,,,,,,
16449,197,5/26/2011 10:25,2,707.7,,,,,,,,
16450,149,7/13/2011 11:47,3,1505.7,,,,,,,,
16451,87,9/13/2011 9:17,3,1013.2,,,,,,,,
16452,630,3/19/2010 12:39,2,332.2,,,,,,,,
16453,530,6/27/2010 12:46,2,251.7,,,,,,,,
16454,44,10/26/2011 11:40,4,31,,,,,,,,
16455,63,10/7/2011 12:17,11,3977.8,,,,,,,,
16456,99,9/1/2011 13:50,13,5972,,,,,,,,
16457,218,5/5/2011 13:19,1,208.4,,,,,,,,
16458,2,12/7/2011 9:34,30,5682.4,,,,,,,,
16459,729,12/10/2009 12:42,1,71.8,,,,,,,,
16460,28,11/11/2011 13:46,3,808.7,,,,,,,,
16461,177,6/15/2011 12:07,3,1503.8,,,,,,,,
16462,73,9/27/2011 10:24,3,136,,,,,,,,
16463,21,11/18/2011 14:01,4,1422.4,,,,,,,,
16464,19,11/20/2011 12:11,3,1230,,,,,,,,
16465,420,10/15/2010 9:27,2,746.2,,,,,,,,
16466,33,11/6/2011 11:35,15,3626.8,,,,,,,,
16467,508,7/19/2010 11:49,7,2869.2,,,,,,,,
16468,74,9/26/2011 14:13,3,787.5,,,,,,,,
16469,23,11/16/2011 12:25,5,789.6,,,,,,,,
16470,51,10/19/2011 12:11,11,2318.8,,,,,,,,
16471,274,3/10/2011 9:41,4,1190,,,,,,,,
16472,434,10/1/2010 13:56,2,789.6,,,,,,,,
16473,164,6/28/2011 9:10,4,470.8,,,,,,,,
16474,7,12/2/2011 13:02,7,1706.9,,,,,,,,
16475,88,9/12/2011 14:37,4,544.3,,,,,,,,
16476,431,10/4/2010 10:29,1,350.4,,,,,,,,
16477,63,10/7/2011 9:44,11,4094.4,,,,,,,,
16478,25,11/14/2011 15:51,3,331,,,,,,,,
16479,10,11/29/2011 13:40,2,300.8,,,,,,,,
16480,75,9/25/2011 11:40,1,766.9,,,,,,,,
16481,682,1/26/2010 13:09,1,453.4,,,,,,,,
16482,15,11/24/2011 12:33,1,220.6,,,,,,,,
16483,192,5/31/2011 13:08,1,139.4,,,,,,,,
16484,173,6/19/2011 12:06,2,404.3,,,,,,,,
16485,77,9/23/2011 15:50,5,2281.2,,,,,,,,
16486,537,6/20/2010 12:16,1,134.4,,,,,,,,
16487,577,5/11/2010 13:38,2,209.4,,,,,,,,
16488,33,11/6/2011 13:42,3,498.8,,,,,,,,
16489,380,11/24/2010 14:40,2,303.7,,,,,,,,
16490,436,9/29/2010 16:30,1,205.4,,,,,,,,
16491,46,10/24/2011 10:18,2,1533.2,,,,,,,,
16492,540,6/17/2010 8:20,1,385.6,,,,,,,,
16493,79,9/21/2011 11:10,7,2129.1,,,,,,,,
16494,296,2/16/2011 12:49,1,809.3,,,,,,,,
16495,3,12/6/2011 13:20,3,566.7,,,,,,,,
16496,8,12/1/2011 10:31,6,2330.8,,,,,,,,
16497,49,10/21/2011 10:55,23,6695.3,,,,,,,,
16498,161,7/1/2011 15:07,2,101,,,,,,,,
16499,360,12/14/2010 13:31,8,2578.3,,,,,,,,
16500,4,12/5/2011 12:04,9,843.9,,,,,,,,
16501,383,11/21/2010 14:10,1,1032.5,,,,,,,,
16502,620,3/29/2010 13:44,2,258.6,,,,,,,,
16503,106,8/25/2011 11:46,11,3614.3,,,,,,,,
16504,25,11/14/2011 15:18,1,449.3,,,,,,,,
16505,31,11/8/2011 12:14,1,777.6,,,,,,,,
16506,19,11/20/2011 12:17,2,90.3,,,,,,,,
16507,572,5/16/2010 12:56,1,141.9,,,,,,,,
16508,630,3/19/2010 13:41,1,236,,,,,,,,
16509,296,2/16/2011 9:25,1,363.7,,,,,,,,
16510,372,12/2/2010 13:39,6,1769.7,,,,,,,,
16511,21,11/18/2011 10:41,6,1695.1,,,,,,,,
16513,4,12/5/2011 10:18,4,874.6,,,,,,,,
16515,52,10/18/2011 13:10,10,3132.8,,,,,,,,
16516,30,11/9/2011 14:59,1,101.7,,,,,,,,
16517,277,3/7/2011 13:50,1,162.7,,,,,,,,
16518,61,10/9/2011 15:04,4,959.4,,,,,,,,
16519,25,11/14/2011 15:41,4,439.1,,,,,,,,
16520,186,6/6/2011 13:24,6,2145.9,,,,,,,,
16521,415,10/20/2010 13:09,3,1127.9,,,,,,,,
16522,435,9/30/2010 10:54,2,433.4,,,,,,,,
16523,1,12/8/2011 9:06,28,11916.3,,,,,,,,
16524,446,9/19/2010 13:37,2,306.2,,,,,,,,
16525,2,12/7/2011 15:07,48,24151.3,,,,,,,,
16526,171,6/21/2011 12:02,2,717.2,,,,,,,,
16527,81,9/19/2011 16:21,2,1225,,,,,,,,
16528,3,12/6/2011 12:45,1,244.4,,,,,,,,
16529,190,6/2/2011 17:23,4,1986.8,,,,,,,,
16530,668,2/9/2010 15:30,1,48.4,,,,,,,,
16531,22,11/17/2011 16:29,11,2298.3,,,,,,,,
16532,17,11/22/2011 11:08,5,8756.6,,,,,,,,
16533,19,11/20/2011 13:08,3,1078.3,,,,,,,,
16534,642,3/7/2010 15:47,1,635.9,,,,,,,,
16535,5,12/4/2011 15:18,3,925.2,,,,,,,,
16536,110,8/21/2011 15:54,1,490.4,,,,,,,,
16537,641,3/8/2010 13:41,1,18.6,,,,,,,,
16538,541,6/16/2010 16:59,3,305.7,,,,,,,,
16539,2,12/7/2011 8:41,10,3289.7,,,,,,,,
16540,414,10/21/2010 17:22,1,196.1,,,,,,,,
16541,735,12/4/2009 13:22,1,424,,,,,,,,
16542,53,10/17/2011 10:47,2,257.3,,,,,,,,
16543,591,4/27/2010 11:38,1,292.2,,,,,,,,
16544,519,7/8/2010 11:11,4,358,,,,,,,,
16545,164,6/28/2011 10:37,2,689.8,,,,,,,,
16546,290,2/22/2011 11:20,5,5307.1,,,,,,,,
16547,546,6/11/2010 13:02,1,104.3,,,,,,,,
16548,599,4/19/2010 16:15,1,30.2,,,,,,,,
16549,10,11/29/2011 15:06,34,12016.8,,,,,,,,
16550,108,8/23/2011 11:12,18,8775.9,,,,,,,,
16551,95,9/5/2011 9:38,7,2237.1,,,,,,,,
16552,242,4/11/2011 10:04,2,379.7,,,,,,,,
16553,163,6/29/2011 15:42,33,16584,,,,,,,,
16554,42,10/28/2011 14:51,8,2841.7,,,,,,,,
16555,35,11/4/2011 14:31,6,1915.7,,,,,,,,
16556,66,10/4/2011 11:36,17,8012.6,,,,,,,,
16557,24,11/15/2011 14:04,2,281.9,,,,,,,,
16558,0,12/9/2011 10:20,38,13300.4,,,,,,,,
16559,397,11/7/2010 13:52,1,175,,,,,,,,
16560,26,11/13/2011 10:35,8,3048.4,,,,,,,,
16561,5,12/4/2011 11:50,2,511.1,,,,,,,,
16562,476,8/20/2010 11:45,1,223.9,,,,,,,,
16563,53,10/17/2011 11:51,6,4412.6,,,,,,,,
16564,569,5/19/2010 14:41,1,87.8,,,,,,,,
16565,364,12/10/2010 15:21,4,773.1,,,,,,,,
16566,15,11/24/2011 16:34,5,614.7,,,,,,,,
16567,194,5/29/2011 13:57,2,865.6,,,,,,,,
16568,427,10/8/2010 10:54,2,1020.9,,,,,,,,
16569,3,12/6/2011 15:32,5,1455.2,,,,,,,,
16570,15,11/24/2011 17:02,20,7434.3,,,,,,,,
16571,26,11/13/2011 11:46,10,4248.7,,,,,,,,
16572,127,8/4/2011 16:34,3,1009.6,,,,,,,,
16573,84,9/16/2011 9:13,2,663.6,,,,,,,,
16574,71,9/29/2011 13:39,3,1301.8,,,,,,,,
16576,420,10/15/2010 13:37,2,540.9,,,,,,,,
16577,666,2/11/2010 9:45,1,380,,,,,,,,
16578,626,3/23/2010 15:11,1,156.6,,,,,,,,
16579,425,10/10/2010 11:58,1,295.1,,,,,,,,
16581,182,6/10/2011 10:05,1,105.8,,,,,,,,
16582,113,8/18/2011 17:02,1,313.6,,,,,,,,
16583,373,12/1/2010 12:03,2,298,,,,,,,,
16584,80,9/20/2011 13:45,5,3156.2,,,,,,,,
16585,593,4/25/2010 10:34,2,341.6,,,,,,,,
16586,248,4/5/2011 9:32,3,1462.8,,,,,,,,
16587,232,4/21/2011 15:51,1,225.2,,,,,,,,
16588,386,11/18/2010 17:56,4,1361.3,,,,,,,,
16589,71,9/29/2011 14:50,4,612.4,,,,,,,,
16590,400,11/4/2010 9:06,2,605.9,,,,,,,,
16591,68,10/2/2011 10:43,1,213.5,,,,,,,,
16592,4,12/5/2011 13:49,28,7807.9,,,,,,,,
16593,50,10/20/2011 12:41,8,1063.2,,,,,,,,
16594,75,9/25/2011 14:08,1,181.1,,,,,,,,
16595,61,10/9/2011 13:15,5,1735.5,,,,,,,,
16596,15,11/24/2011 10:02,4,459,,,,,,,,
16597,4,12/5/2011 15:44,1,90,,,,,,,,
16598,285,2/27/2011 11:42,1,145.1,,,,,,,,
16599,385,11/19/2010 12:45,1,172.8,,,,,,,,
16600,4,12/5/2011 16:00,13,2153.4,,,,,,,,
16601,40,10/30/2011 11:09,3,670.3,,,,,,,,
16602,36,11/3/2011 15:54,2,763.3,,,,,,,,
16603,74,9/26/2011 10:06,2,482.5,,,,,,,,
16604,562,5/26/2010 9:10,2,432.5,,,,,,,,
16605,724,12/15/2009 19:03,1,60.5,,,,,,,,
16606,404,10/31/2010 13:57,2,357.7,,,,,,,,
16607,17,11/22/2011 10:24,25,5706.9,,,,,,,,
16608,453,9/12/2010 11:44,2,1232.9,,,,,,,,
16609,15,11/24/2011 13:32,7,5493.5,,,,,,,,
16610,219,5/4/2011 13:13,1,75.7,,,,,,,,
16611,186,6/6/2011 15:46,6,1776.8,,,,,,,,
16612,32,11/7/2011 7:38,9,3245.4,,,,,,,,
16613,70,9/30/2011 15:52,1,618.6,,,,,,,,
16614,182,6/10/2011 11:36,3,1179.8,,,,,,,,
16615,626,3/23/2010 15:13,1,291.5,,,,,,,,
16616,15,11/24/2011 16:31,2,500.4,,,,,,,,
16617,235,4/18/2011 10:35,1,151.9,,,,,,,,
16618,31,11/8/2011 13:52,5,2647.6,,,,,,,,
16619,263,3/21/2011 8:18,4,1938.3,,,,,,,,
16620,3,12/6/2011 12:19,6,1758.9,,,,,,,,
16621,51,10/19/2011 11:38,4,813.5,,,,,,,,
16622,543,6/14/2010 10:44,1,225.4,,,,,,,,
16623,245,4/8/2011 10:09,4,1015.2,,,,,,,,
16624,80,9/20/2011 12:39,2,791.9,,,,,,,,
16625,274,3/10/2011 12:50,5,1654,,,,,,,,
16626,0,12/9/2011 11:56,17,4413.1,,,,,,,,
16627,79,9/21/2011 14:38,1,322.8,,,,,,,,
16628,29,11/10/2011 12:45,7,2318.1,,,,,,,,
16629,73,9/27/2011 10:34,2,408.6,,,,,,,,
16630,407,10/28/2010 14:30,1,106.8,,,,,,,,
16631,481,8/15/2010 11:20,7,1892.5,,,,,,,,
16632,485,8/11/2010 11:39,2,406.4,,,,,,,,
16633,17,11/22/2011 13:41,6,2883.1,,,,,,,,
16634,222,5/1/2011 12:09,6,1649.8,,,,,,,,
16635,406,10/29/2010 9:41,1,473,,,,,,,,
16636,438,9/27/2010 13:13,4,3802,,,,,,,,
16637,32,11/7/2011 13:17,4,1154.5,,,,,,,,
16638,22,11/17/2011 11:09,15,2380.1,,,,,,,,
16639,31,11/8/2011 13:20,4,1748,,,,,,,,
16640,397,11/7/2010 10:48,1,179.4,,,,,,,,
16641,105,8/26/2011 12:49,2,554.5,,,,,,,,
16642,4,12/5/2011 11:31,3,1077.5,,,,,,,,
16643,245,4/8/2011 8:24,2,923.1,,,,,,,,
16644,177,6/15/2011 12:39,2,833.8,,,,,,,,
16645,735,12/4/2009 9:49,1,160.4,,,,,,,,
16646,449,9/16/2010 13:28,1,678.8,,,,,,,,
16647,169,6/23/2011 11:47,4,541.9,,,,,,,,
16648,42,10/28/2011 8:58,3,672.8,,,,,,,,
16649,520,7/7/2010 15:41,1,306.6,,,,,,,,
16650,71,9/29/2011 9:51,7,1916.1,,,,,,,,
16651,586,5/2/2010 11:46,1,136.2,,,,,,,,
16652,58,10/12/2011 9:38,16,17550.4,,,,,,,,
16653,16,11/23/2011 14:51,2,1212.7,,,,,,,,
16654,141,7/21/2011 15:23,8,1484.1,,,,,,,,
16655,17,11/22/2011 11:25,13,6255.9,,,,,,,,
16656,22,11/17/2011 14:43,30,16833.2,,,,,,,,
16657,9,11/30/2011 11:48,4,864.8,,,,,,,,
16658,368,12/6/2010 13:47,6,687.9,,,,,,,,
16659,189,6/3/2011 15:03,1,39.1,,,,,,,,
16660,16,11/23/2011 14:53,7,1624.9,,,,,,,,
16661,540,6/17/2010 15:24,4,924.4,,,,,,,,
16662,394,11/10/2010 16:56,1,151.1,,,,,,,,
16663,729,12/10/2009 13:12,1,165,,,,,,,,
16664,569,5/19/2010 17:11,1,109.2,,,,,,,,
16665,362,12/12/2010 14:03,1,135.4,,,,,,,,
16666,19,11/20/2011 14:01,2,205.8,,,,,,,,
16667,68,10/2/2011 15:26,2,567.2,,,,,,,,
16668,15,11/24/2011 17:43,13,862.4,,,,,,,,
16669,23,11/16/2011 12:26,3,1323.1,,,,,,,,
16670,16,11/23/2011 9:34,20,8030.2,,,,,,,,
16671,28,11/11/2011 13:40,3,1692.3,,,,,,,,
16672,2,12/7/2011 16:29,20,8134.9,,,,,,,,
16673,679,1/29/2010 14:22,1,171.1,,,,,,,,
16674,54,10/16/2011 11:31,2,304.2,,,,,,,,
16675,441,9/24/2010 12:15,2,602.3,,,,,,,,
16676,33,11/6/2011 12:01,6,2361.9,,,,,,,,
16677,411,10/24/2010 14:53,2,880.6,,,,,,,,
16678,2,12/7/2011 12:17,12,3110,,,,,,,,
16679,366,12/8/2010 13:51,3,663.3,,,,,,,,
16680,43,10/27/2011 17:35,3,631.5,,,,,,,,
16681,72,9/28/2011 11:11,7,1921.8,,,,,,,,
16682,4,12/5/2011 12:13,5,1028,,,,,,,,
16683,533,6/24/2010 10:36,1,320.3,,,,,,,,
16684,4,12/5/2011 14:06,55,147142.8,,,,,,,,
16685,61,10/9/2011 13:58,2,322.7,,,,,,,,
16686,47,10/23/2011 13:49,16,4784.7,,,,,,,,
16687,390,11/14/2010 11:46,1,157.6,,,,,,,,
16688,1,12/8/2011 15:24,4,1260.9,,,,,,,,
16689,75,9/25/2011 11:39,2,422.6,,,,,,,,
16690,72,9/28/2011 15:02,4,353,,,,,,,,
16691,418,10/17/2010 15:03,2,178.8,,,,,,,,
16692,256,3/28/2011 14:46,4,1914.7,,,,,,,,
16693,68,10/2/2011 11:10,5,1153.9,,,,,,,,
16694,723,12/16/2009 15:45,1,98.3,,,,,,,,
16695,561,5/27/2010 12:36,2,176.3,,,,,,,,
16696,135,7/27/2011 14:23,4,657.9,,,,,,,,
16697,241,4/12/2011 17:12,1,108.3,,,,,,,,
16698,226,4/27/2011 10:52,2,1998,,,,,,,,
16699,380,11/24/2010 14:38,7,957.9,,,,,,,,
16700,8,12/1/2011 11:00,25,8830.8,,,,,,,,
16701,8,12/1/2011 11:10,26,9909.2,,,,,,,,
16702,415,10/20/2010 14:10,4,1110.8,,,,,,,,
16704,618,3/31/2010 14:02,2,641.3,,,,,,,,
16705,0,12/9/2011 12:08,42,43515.1,,,,,,,,
16706,37,11/2/2011 13:50,3,519.5,,,,,,,,
16707,400,11/4/2010 14:39,4,533.4,,,,,,,,
16708,45,10/25/2011 12:20,1,656.6,,,,,,,,
16709,84,9/16/2011 10:56,14,8990.2,,,,,,,,
16710,19,11/20/2011 14:50,22,5852.7,,,,,,,,
16711,3,12/6/2011 16:32,9,2868.5,,,,,,,,
16712,9,11/30/2011 13:48,13,4135,,,,,,,,
16713,18,11/21/2011 12:36,32,14097.1,,,,,,,,
16714,218,5/5/2011 11:09,4,1417.6,,,,,,,,
16715,78,9/22/2011 18:15,2,625.5,,,,,,,,
16716,266,3/18/2011 10:03,3,2149.7,,,,,,,,
16717,23,11/16/2011 12:16,14,6663.7,,,,,,,,
16718,369,12/5/2010 13:03,5,2840.7,,,,,,,,
16719,14,11/25/2011 9:27,14,3484.6,,,,,,,,
16720,26,11/13/2011 16:22,3,753.7,,,,,,,,
16721,262,3/22/2011 16:08,1,292.5,,,,,,,,
16722,17,11/22/2011 13:28,22,8189.6,,,,,,,,
16723,91,9/9/2011 13:01,4,1119.4,,,,,,,,
16724,404,10/31/2010 11:40,1,147.4,,,,,,,,
16725,302,2/10/2011 16:52,14,1610.1,,,,,,,,
16726,26,11/13/2011 14:53,7,1912.9,,,,,,,,
16727,364,12/10/2010 13:48,4,1339.4,,,,,,,,
16728,46,10/24/2011 14:36,4,1032.7,,,,,,,,
16729,38,11/1/2011 14:29,21,7156.2,,,,,,,,
16730,52,10/18/2011 14:11,3,713.4,,,,,,,,
16731,648,3/1/2010 15:05,1,163.8,,,,,,,,
16732,31,11/8/2011 9:54,4,4387.6,,,,,,,,
16733,529,6/28/2010 10:12,1,259.7,,,,,,,,
16734,52,10/18/2011 13:44,3,616.1,,,,,,,,
16735,78,9/22/2011 11:49,14,6177.6,,,,,,,,
16736,505,7/22/2010 10:09,5,2956.6,,,,,,,,
16737,53,10/17/2011 13:03,2,835.2,,,,,,,,
16738,297,2/15/2011 9:46,1,3.8,,,,,,,,
16739,176,6/16/2011 9:17,2,786.4,,,,,,,,
16740,395,11/9/2010 13:34,1,206.5,,,,,,,,
16741,625,3/24/2010 15:15,1,173.1,,,,,,,,
16742,46,10/24/2011 12:02,14,2588.1,,,,,,,,
16743,29,11/10/2011 13:13,14,4197.1,,,,,,,,
16744,11,11/28/2011 13:06,7,1291.5,,,,,,,,
16745,86,9/14/2011 11:58,17,7158.3,,,,,,,,
16746,4,12/5/2011 12:33,42,18019,,,,,,,,
16747,37,11/2/2011 11:37,2,836.1,,,,,,,,
16748,17,11/22/2011 10:17,14,3637.3,,,,,,,,
16749,591,4/27/2010 13:06,2,4127.9,,,,,,,,
16750,44,10/26/2011 12:48,5,623.9,,,,,,,,
16751,30,11/9/2011 10:48,1,1619.7,,,,,,,,
16752,372,12/2/2010 12:18,1,207.5,,,,,,,,
16753,58,10/12/2011 13:14,1,223.9,,,,,,,,
16754,372,12/2/2010 17:38,29,65500.1,,,,,,,,
16755,114,8/17/2011 13:21,7,2858.4,,,,,,,,
16756,214,5/9/2011 9:33,7,1312.4,,,,,,,,
16757,318,1/25/2011 11:59,2,270.5,,,,,,,,
16758,65,10/5/2011 14:47,1,369.3,,,,,,,,
16759,7,12/2/2011 12:42,3,789.8,,,,,,,,
16760,430,10/5/2010 15:55,1,228,,,,,,,,
16761,96,9/4/2011 11:15,1,316.6,,,,,,,,
16762,19,11/20/2011 11:43,3,1207.2,,,,,,,,
16763,198,5/25/2011 11:52,2,964.7,,,,,,,,
16764,3,12/6/2011 11:41,13,2755.9,,,,,,,,
16765,294,2/18/2011 15:41,2,454.8,,,,,,,,
16766,273,3/11/2011 15:22,2,1145.6,,,,,,,,
16767,30,11/9/2011 9:42,15,8023.5,,,,,,,,
16768,47,10/23/2011 10:38,9,1658.3,,,,,,,,
16769,260,3/24/2011 13:41,4,1062.2,,,,,,,,
16770,57,10/13/2011 12:21,9,1751.3,,,,,,,,
16771,33,11/6/2011 13:28,10,3909,,,,,,,,
16772,423,10/12/2010 13:19,3,3698.1,,,,,,,,
16773,57,10/13/2011 14:37,3,395.2,,,,,,,,
16774,67,10/3/2011 12:41,8,1549.8,,,,,,,,
16775,10,11/29/2011 15:22,16,2817.9,,,,,,,,
16776,60,10/10/2011 13:04,2,535.2,,,,,,,,
16777,80,9/20/2011 13:41,5,1278.8,,,,,,,,
16778,74,9/26/2011 13:48,2,245.9,,,,,,,,
16779,2,12/7/2011 14:54,53,32655.1,,,,,,,,
16780,100,8/31/2011 16:09,3,584.2,,,,,,,,
16781,372,12/2/2010 14:26,2,623,,,,,,,,
16782,10,11/29/2011 13:20,38,9275.9,,,,,,,,
16783,436,9/29/2010 11:53,1,392,,,,,,,,
16784,19,11/20/2011 12:20,5,884.1,,,,,,,,
16785,409,10/26/2010 10:36,1,533.8,,,,,,,,
16786,393,11/11/2010 8:25,1,51.8,,,,,,,,
16787,397,11/7/2010 11:01,4,1017.5,,,,,,,,
16788,123,8/8/2011 14:53,5,1903.5,,,,,,,,
16789,8,12/1/2011 15:12,1,80.8,,,,,,,,
16790,3,12/6/2011 11:53,6,1545.6,,,,,,,,
16791,29,11/10/2011 19:12,15,3938.5,,,,,,,,
16792,282,3/2/2011 14:41,5,597.4,,,,,,,,
16793,57,10/13/2011 15:08,1,243.8,,,,,,,,
16794,1,12/8/2011 17:54,15,2017,,,,,,,,
16795,365,12/9/2010 14:08,3,2008.1,,,,,,,,
16796,89,9/11/2011 14:01,1,305.6,,,,,,,,
16797,393,11/11/2010 19:14,5,1799.5,,,,,,,,
16798,554,6/3/2010 19:01,3,832.3,,,,,,,,
16799,432,10/3/2010 14:28,2,432.4,,,,,,,,
16800,11,11/28/2011 14:06,1,1117.5,,,,,,,,
16801,163,6/29/2011 15:33,4,1594.2,,,,,,,,
16802,679,1/29/2010 13:44,2,563.9,,,,,,,,
16803,65,10/5/2011 14:28,1,332.3,,,,,,,,
16804,23,11/16/2011 16:43,3,537,,,,,,,,
16805,173,6/19/2011 11:23,5,1083.9,,,,,,,,
16806,103,8/28/2011 15:27,4,760.2,,,,,,,,
16807,142,7/20/2011 12:00,6,2123.9,,,,,,,,
16808,99,9/1/2011 19:34,2,288.4,,,,,,,,
16809,23,11/16/2011 15:45,9,1712.5,,,,,,,,
16810,192,5/31/2011 15:32,2,842,,,,,,,,
16811,4,12/5/2011 11:39,2,547.1,,,,,,,,
16812,360,12/14/2010 12:35,4,2392,,,,,,,,
16813,8,12/1/2011 14:03,10,1627.3,,,,,,,,
16814,14,11/25/2011 13:27,36,11906.3,,,,,,,,
16815,453,9/12/2010 10:59,2,401.8,,,,,,,,
16816,103,8/28/2011 14:16,4,417.1,,,,,,,,
16817,2,12/7/2011 11:03,13,2560.7,,,,,,,,
16818,10,11/29/2011 10:41,11,3349.6,,,,,,,,
16819,465,8/31/2010 17:37,2,182.6,,,,,,,,
16820,95,9/5/2011 12:06,1,497.6,,,,,,,,
16821,381,11/23/2010 10:04,1,113.4,,,,,,,,
16822,686,1/22/2010 14:22,1,181.4,,,,,,,,
16823,227,4/26/2011 15:00,7,2199.7,,,,,,,,
16824,15,11/24/2011 12:38,3,686.2,,,,,,,,
16825,38,11/1/2011 11:51,5,1826.9,,,,,,,,
16826,51,10/19/2011 14:05,1,341.7,,,,,,,,
16827,393,11/11/2010 14:04,5,310.8,,,,,,,,
16828,93,9/7/2011 15:10,2,128.5,,,,,,,,
16829,156,7/6/2011 10:48,2,513.3,,,,,,,,
16830,38,11/1/2011 11:35,4,1207.5,,,,,,,,
16831,564,5/24/2010 9:08,1,91.8,,,,,,,,
16832,184,6/8/2011 15:36,5,417.6,,,,,,,,
16833,1,12/8/2011 14:39,6,2409,,,,,,,,
16834,227,4/26/2011 9:37,2,899,,,,,,,,
16835,128,8/3/2011 13:50,6,1456.7,,,,,,,,
16836,39,10/31/2011 10:05,4,782.4,,,,,,,,
16837,31,11/8/2011 14:27,11,3171,,,,,,,,
16838,197,5/26/2011 13:13,4,1159.6,,,,,,,,
16839,8,12/1/2011 9:03,44,21758.3,,,,,,,,
16840,603,4/15/2010 15:48,2,139.9,,,,,,,,
16841,36,11/3/2011 11:51,12,4006.1,,,,,,,,
16842,100,8/31/2011 10:42,3,1264.2,,,,,,,,
16843,42,10/28/2011 9:06,35,19571.4,,,,,,,,
16844,562,5/26/2010 10:29,2,614.3,,,,,,,,
16845,618,3/31/2010 13:09,1,253.9,,,,,,,,
16846,50,10/20/2011 13:55,3,842.4,,,,,,,,
16847,43,10/27/2011 13:29,2,614.9,,,,,,,,
16848,52,10/18/2011 8:42,4,1411.6,,,,,,,,
16849,186,6/6/2011 9:16,1,124.6,,,,,,,,
16850,333,1/10/2011 11:09,1,332.4,,,,,,,,
16851,4,12/5/2011 13:32,3,342.5,,,,,,,,
16852,10,11/29/2011 13:22,2,144.9,,,,,,,,
16854,417,10/18/2010 16:31,2,1409,,,,,,,,
16855,23,11/16/2011 12:03,2,328.4,,,,,,,,
16856,14,11/25/2011 8:59,3,358.5,,,,,,,,
16857,442,9/23/2010 10:49,1,352.8,,,,,,,,
16858,368,12/6/2010 9:52,10,4262.6,,,,,,,,
16859,144,7/18/2011 12:19,7,1932.4,,,,,,,,
16860,452,9/13/2010 10:05,3,1610.6,,,,,,,,
16861,59,10/11/2011 9:05,5,946.6,,,,,,,,
16862,547,6/10/2010 13:05,4,662.3,,,,,,,,
16863,31,11/8/2011 15:26,3,834.3,,,,,,,,
16864,434,10/1/2010 16:16,2,409.3,,,,,,,,
16865,401,11/3/2010 11:34,1,111.5,,,,,,,,
16866,140,7/22/2011 10:06,3,207.7,,,,,,,,
16867,689,1/19/2010 9:11,1,76.7,,,,,,,,
16868,394,11/10/2010 13:17,3,365.9,,,,,,,,
16869,22,11/17/2011 12:02,4,808.8,,,,,,,,
16870,469,8/27/2010 13:53,1,450.2,,,,,,,,
16871,22,11/17/2011 19:27,6,2812.3,,,,,,,,
16872,77,9/23/2011 16:05,6,1213.1,,,,,,,,
16873,4,12/5/2011 12:05,12,14617.4,,,,,,,,
16874,379,11/25/2010 13:08,1,209.9,,,,,,,,
16875,67,10/3/2011 13:39,11,4234.5,,,,,,,,
16876,403,11/1/2010 11:59,1,136,,,,,,,,
16877,12,11/27/2011 13:47,6,844.1,,,,,,,,
16878,84,9/16/2011 17:39,1,13.3,,,,,,,,
16880,30,11/9/2011 11:33,8,1772.4,,,,,,,,
16881,66,10/4/2011 10:33,1,432,,,,,,,,
16882,66,10/4/2011 10:42,3,705.1,,,,,,,,
16883,187,6/5/2011 12:51,19,2198.6,,,,,,,,
16884,37,11/2/2011 11:52,4,1045.8,,,,,,,,
16885,15,11/24/2011 13:40,4,642.2,,,,,,,,
16886,456,9/9/2010 15:08,1,134,,,,,,,,
16887,35,11/4/2011 14:07,3,632.7,,,,,,,,
16888,400,11/4/2010 12:39,3,433,,,,,,,,
16889,194,5/29/2011 11:05,6,2523.8,,,,,,,,
16890,476,8/20/2010 11:23,3,285.4,,,,,,,,
16891,1,12/8/2011 11:15,11,1691.1,,,,,,,,
16892,1,12/8/2011 13:18,7,750.2,,,,,,,,
16893,366,12/8/2010 12:06,2,242.3,,,,,,,,
16894,502,7/25/2010 15:43,3,1307,,,,,,,,
16895,64,10/6/2011 12:15,5,1081,,,,,,,,
16896,555,6/2/2010 15:40,1,104,,,,,,,,
16897,299,2/13/2011 15:02,2,289.8,,,,,,,,
16898,26,11/13/2011 15:44,5,858.8,,,,,,,,
16899,7,12/2/2011 12:03,8,1678.1,,,,,,,,
16900,16,11/23/2011 10:32,3,887.1,,,,,,,,
16901,729,12/10/2009 16:30,1,204.3,,,,,,,,
16902,116,8/15/2011 14:17,1,1679.4,,,,,,,,
16903,29,11/10/2011 15:32,3,963.4,,,,,,,,
16904,4,12/5/2011 13:10,21,4635.5,,,,,,,,
16905,5,12/4/2011 14:01,17,4407.6,,,,,,,,
16906,81,9/19/2011 11:49,7,1382,,,,,,,,
16907,29,11/10/2011 18:04,9,1470.9,,,,,,,,
16908,722,12/17/2009 13:35,1,252.6,,,,,,,,
16909,72,9/28/2011 16:45,1,379.1,,,,,,,,
16910,4,12/5/2011 12:51,8,1509,,,,,,,,
16911,635,3/14/2010 12:18,2,255.3,,,,,,,,
16912,28,11/11/2011 12:18,15,4460.5,,,,,,,,
16913,290,2/22/2011 12:56,3,423.9,,,,,,,,
16914,36,11/3/2011 15:27,1,167.1,,,,,,,,
16915,9,11/30/2011 16:39,11,1543.2,,,,,,,,
16916,23,11/16/2011 12:08,4,875.9,,,,,,,,
16917,276,3/8/2011 11:55,2,1774.1,,,,,,,,
16918,49,10/21/2011 12:50,16,3132.7,,,,,,,,
16919,156,7/6/2011 13:35,24,4909.7,,,,,,,,
16920,411,10/24/2010 14:07,1,355.5,,,,,,,,
16921,61,10/9/2011 16:22,3,344.4,,,,,,,,
16922,572,5/16/2010 11:24,1,611.1,,,,,,,,
16923,12,11/27/2011 13:00,32,12832.4,,,,,,,,
16924,21,11/18/2011 12:53,3,825.3,,,,,,,,
16925,540,6/17/2010 15:03,1,125.7,,,,,,,,
16926,371,12/3/2010 13:42,5,1158.2,,,,,,,,
16927,115,8/16/2011 11:10,3,543.1,,,,,,,,
16928,80,9/20/2011 15:10,29,3741.4,,,,,,,,
16929,3,12/6/2011 8:37,7,1295.4,,,,,,,,
16930,26,11/13/2011 16:13,3,378.9,,,,,,,,
16931,5,12/4/2011 13:15,23,5004.5,,,,,,,,
16932,53,10/17/2011 14:12,3,373.9,,,,,,,,
16933,1,12/8/2011 12:54,9,3043.6,,,,,,,,
16934,54,10/16/2011 12:40,6,2057.6,,,,,,,,
16935,381,11/23/2010 9:16,3,518.8,,,,,,,,
16936,25,11/14/2011 11:04,2,542.3,,,,,,,,
16937,499,7/28/2010 17:56,1,196.3,,,,,,,,
16938,8,12/1/2011 10:20,9,6962.5,,,,,,,,
16939,488,8/8/2010 12:24,3,421.4,,,,,,,,
16940,52,10/18/2011 13:15,8,6373.3,,,,,,,,
16941,611,4/7/2010 11:13,1,33,,,,,,,,
16942,12,11/27/2011 12:40,9,1888.8,,,,,,,,
16943,211,5/12/2011 11:57,5,1299.5,,,,,,,,
16944,609,4/9/2010 11:03,1,101.4,,,,,,,,
16945,21,11/18/2011 11:39,33,8548.2,,,,,,,,
16946,383,11/21/2010 14:06,5,1222,,,,,,,,
16947,235,4/18/2011 9:38,5,955.2,,,,,,,,
16948,138,7/24/2011 12:46,7,868.8,,,,,,,,
16949,3,12/6/2011 11:07,6,1286.3,,,,,,,,
16950,56,10/14/2011 9:06,10,3526.3,,,,,,,,
16951,134,7/28/2011 12:05,3,1277.8,,,,,,,,
16952,109,8/22/2011 13:03,5,779.4,,,,,,,,
16953,30,11/9/2011 15:54,1,20.8,,,,,,,,
16954,0,12/9/2011 9:46,20,6081.9,,,,,,,,
16955,184,6/8/2011 10:36,6,1120.3,,,,,,,,
16956,17,11/22/2011 8:56,1,308.7,,,,,,,,
16957,239,4/14/2011 13:56,2,416.6,,,,,,,,
16958,435,9/30/2010 14:25,1,776.8,,,,,,,,
16959,87,9/13/2011 15:03,1,117.4,,,,,,,,
16960,38,11/1/2011 11:35,8,1901.5,,,,,,,,
16961,116,8/15/2011 13:46,3,794.6,,,,,,,,
16962,409,10/26/2010 11:36,1,251,,,,,,,,
16963,187,6/5/2011 13:48,1,110.6,,,,,,,,
16964,733,12/6/2009 12:53,2,207.9,,,,,,,,
16965,226,4/27/2011 12:08,1,201.2,,,,,,,,
16966,8,12/1/2011 13:40,7,2155,,,,,,,,
16967,189,6/3/2011 14:24,1,319,,,,,,,,
16968,4,12/5/2011 15:02,2,439.4,,,,,,,,
16969,39,10/31/2011 13:12,3,650.4,,,,,,,,
16970,626,3/23/2010 13:50,1,71.4,,,,,,,,
16971,38,11/1/2011 15:06,1,355.5,,,,,,,,
16972,382,11/22/2010 10:59,2,675.9,,,,,,,,
16973,386,11/18/2010 13:56,1,127,,,,,,,,
16974,522,7/5/2010 10:18,2,365.5,,,,,,,,
16975,423,10/12/2010 17:53,3,926.1,,,,,,,,
16976,267,3/17/2011 16:33,1,251.5,,,,,,,,
16977,395,11/9/2010 13:17,4,496,,,,,,,,
16978,77,9/23/2011 12:50,3,768.9,,,,,,,,
16979,3,12/6/2011 12:21,9,2852.3,,,,,,,,
16980,255,3/29/2011 16:36,3,1393.6,,,,,,,,
16982,60,10/10/2011 12:28,1,384.1,,,,,,,,
16983,12,11/27/2011 12:10,11,3483.9,,,,,,,,
16984,88,9/12/2011 13:43,9,9927.8,,,,,,,,
16985,17,11/22/2011 13:33,23,10923.2,,,,,,,,
16986,29,11/10/2011 11:55,11,4888.8,,,,,,,,
16987,3,12/6/2011 17:26,11,2467.6,,,,,,,,
16988,5,12/4/2011 16:02,2,382.7,,,,,,,,
16989,7,12/2/2011 16:39,6,1133.3,,,,,,,,
16990,218,5/5/2011 8:30,2,344,,,,,,,,
16991,421,10/14/2010 14:08,1,1041.2,,,,,,,,
16992,10,11/29/2011 11:50,13,5476.5,,,,,,,,
16993,463,9/2/2010 12:16,2,1951,,,,,,,,
16996,30,11/9/2011 16:43,9,2123.6,,,,,,,,
16997,288,2/24/2011 17:28,3,702,,,,,,,,
16998,149,7/13/2011 9:44,5,402,,,,,,,,
16999,23,11/16/2011 13:53,2,484.8,,,,,,,,
17000,396,11/8/2010 13:35,2,403.4,,,,,,,,
17001,0,12/9/2011 9:38,19,6640.8,,,,,,,,
17002,85,9/15/2011 12:40,7,2571.6,,,,,,,,
17003,402,11/2/2010 13:15,4,828.2,,,,,,,,
17004,46,10/24/2011 14:25,4,2324.4,,,,,,,,
17005,470,8/26/2010 10:57,2,611.9,,,,,,,,
17006,4,12/5/2011 12:09,8,1631.5,,,,,,,,
17007,50,10/20/2011 10:47,7,1120.1,,,,,,,,
17008,429,10/6/2010 15:19,1,81.4,,,,,,,,
17009,551,6/6/2010 16:01,1,235.1,,,,,,,,
17010,18,11/21/2011 14:49,1,195.4,,,,,,,,
17011,30,11/9/2011 13:30,3,671.7,,,,,,,,
17012,725,12/14/2009 17:34,1,352.4,,,,,,,,
17014,8,12/1/2011 14:09,3,578.5,,,,,,,,
17015,28,11/11/2011 10:45,3,1834.9,,,,,,,,
17016,576,5/12/2010 12:32,1,552.4,,,,,,,,
17017,2,12/7/2011 9:32,29,12577,,,,,,,,
17018,40,10/30/2011 11:42,6,2287.7,,,,,,,,
17019,11,11/28/2011 13:06,11,3457.7,,,,,,,,
17020,542,6/15/2010 13:06,2,935.6,,,,,,,,
17021,442,9/23/2010 20:01,6,1182.2,,,,,,,,
17022,31,11/8/2011 17:09,2,260,,,,,,,,
17023,417,10/18/2010 15:37,3,800.2,,,,,,,,
17024,45,10/25/2011 13:47,3,95.9,,,,,,,,
17025,60,10/10/2011 9:06,5,1349.7,,,,,,,,
17026,185,6/7/2011 14:28,3,175.8,,,,,,,,
17027,78,9/22/2011 12:24,9,1272.7,,,,,,,,
17028,581,5/7/2010 15:33,3,1593.8,,,,,,,,
17029,110,8/21/2011 11:06,7,2137.3,,,,,,,,
17030,63,10/7/2011 8:49,1,146.9,,,,,,,,
17031,11,11/28/2011 10:23,6,2773.9,,,,,,,,
17032,547,6/10/2010 12:16,8,2974.9,,,,,,,,
17033,86,9/14/2011 14:34,4,1332.8,,,,,,,,
17034,16,11/23/2011 15:14,5,1276.4,,,,,,,,
17035,245,4/8/2011 11:23,4,613.6,,,,,,,,
17036,383,11/21/2010 14:26,1,176.9,,,,,,,,
17037,87,9/13/2011 12:49,1,1267.3,,,,,,,,
17038,30,11/9/2011 13:50,2,743.2,,,,,,,,
17039,604,4/14/2010 12:56,1,1955,,,,,,,,
17040,137,7/25/2011 10:19,2,463.3,,,,,,,,
17041,26,11/13/2011 11:21,6,1633.1,,,,,,,,
17042,2,12/7/2011 12:26,5,1036.6,,,,,,,,
17043,32,11/7/2011 15:33,8,2565.6,,,,,,,,
17044,25,11/14/2011 14:28,12,11962.3,,,,,,,,
17045,113,8/18/2011 17:09,5,821.7,,,,,,,,
17046,157,7/5/2011 14:24,5,1906.1,,,,,,,,
17047,85,9/15/2011 13:27,6,2289.2,,,,,,,,
17048,117,8/14/2011 11:49,7,2071.7,,,,,,,,
17049,2,12/7/2011 10:48,19,9927.5,,,,,,,,
17050,96,9/4/2011 13:48,11,4371.4,,,,,,,,
17051,194,5/29/2011 14:13,4,692.9,,,,,,,,
17052,28,11/11/2011 14:50,1,349.9,,,,,,,,
17053,130,8/1/2011 10:23,1,498.5,,,,,,,,
17054,28,11/11/2011 12:56,5,1356.3,,,,,,,,
17055,445,9/20/2010 12:21,1,227.5,,,,,,,,
17056,738,12/1/2009 12:55,1,128.6,,,,,,,,
17057,596,4/22/2010 19:21,1,288.9,,,,,,,,
17058,81,9/19/2011 10:13,3,1179.9,,,,,,,,
17059,29,11/10/2011 12:27,9,4804.3,,,,,,,,
17060,266,3/18/2011 13:27,1,234.2,,,,,,,,
17061,73,9/27/2011 11:24,11,5232.2,,,,,,,,
17062,313,1/30/2011 11:01,6,874.6,,,,,,,,
17063,21,11/18/2011 16:19,13,3638.5,,,,,,,,
17064,58,10/12/2011 10:18,3,852.5,,,,,,,,
17065,637,3/12/2010 11:41,2,194.7,,,,,,,,
17066,726,12/13/2009 13:24,1,215.6,,,,,,,,
17067,724,12/15/2009 8:39,3,454.5,,,,,,,,
17068,12,11/27/2011 13:14,47,8964.2,,,,,,,,
17069,28,11/11/2011 17:13,14,5517.2,,,,,,,,
17070,114,8/17/2011 17:01,2,437.4,,,,,,,,
17071,28,11/11/2011 16:31,13,3793.7,,,,,,,,
17072,625,3/24/2010 16:33,1,269.5,,,,,,,,
17073,17,11/22/2011 11:47,4,1428,,,,,,,,
17074,562,5/26/2010 12:04,1,203.1,,,,,,,,
17075,17,11/22/2011 11:58,10,2216.7,,,,,,,,
17076,36,11/3/2011 17:53,6,1242.8,,,,,,,,
17077,578,5/10/2010 16:36,1,306,,,,,,,,
17078,36,11/3/2011 19:17,2,378.2,,,,,,,,
17079,78,9/22/2011 15:34,1,118.8,,,,,,,,
17080,22,11/17/2011 12:59,7,957.5,,,,,,,,
17081,25,11/14/2011 12:56,6,946.9,,,,,,,,
17082,33,11/6/2011 15:17,6,4732,,,,,,,,
17083,109,8/22/2011 15:43,9,4049.8,,,,,,,,
17084,35,11/4/2011 14:54,3,4965.9,,,,,,,,
17085,123,8/8/2011 14:15,28,7741.5,,,,,,,,
17086,7,12/2/2011 13:54,6,2050.1,,,,,,,,
17087,737,12/2/2009 10:41,1,221.5,,,,,,,,
17088,28,11/11/2011 14:23,4,1991,,,,,,,,
17089,386,11/18/2010 15:33,1,128.5,,,,,,,,
17090,4,12/5/2011 13:44,13,3074.3,,,,,,,,
17091,2,12/7/2011 10:43,19,7481.5,,,,,,,,
17092,50,10/20/2011 19:51,11,5401.8,,,,,,,,
17093,592,4/26/2010 10:22,1,235.9,,,,,,,,
17094,322,1/21/2011 13:09,2,402.2,,,,,,,,
17095,22,11/17/2011 12:21,7,2572.3,,,,,,,,
17096,15,11/24/2011 15:01,11,3665.4,,,,,,,,
17097,2,12/7/2011 17:05,9,1129.8,,,,,,,,
17098,381,11/23/2010 12:13,3,591.1,,,,,,,,
17099,533,6/24/2010 16:25,1,582.2,,,,,,,,
17100,18,11/21/2011 16:36,2,971.7,,,,,,,,
17101,10,11/29/2011 13:57,7,2507.1,,,,,,,,
17102,261,3/23/2011 10:08,1,25.5,,,,,,,,
17103,722,12/17/2009 14:08,1,424.3,,,,,,,,
17104,423,10/12/2010 12:21,1,474,,,,,,,,
17105,159,7/3/2011 15:53,2,665.8,,,,,,,,
17106,389,11/15/2010 14:11,1,481.6,,,,,,,,
17107,33,11/6/2011 14:14,10,15912.4,,,,,,,,
17108,663,2/14/2010 12:22,1,175,,,,,,,,
17109,29,11/10/2011 16:59,8,1247.6,,,,,,,,
17110,165,6/27/2011 12:58,3,494.1,,,,,,,,
17111,47,10/23/2011 15:59,2,459.6,,,,,,,,
17112,502,7/25/2010 11:14,1,189.7,,,,,,,,
17113,574,5/14/2010 13:59,6,2262.2,,,,,,,,
17114,5,12/4/2011 12:17,8,793.7,,,,,,,,
17115,8,12/1/2011 14:30,7,2761.5,,,,,,,,
17116,648,3/1/2010 16:29,1,389.8,,,,,,,,
17117,288,2/24/2011 13:54,1,116.2,,,,,,,,
17118,317,1/26/2011 12:19,1,157,,,,,,,,
17119,3,12/6/2011 14:40,2,606.9,,,,,,,,
17120,233,4/20/2011 15:21,1,307.5,,,,,,,,
17121,402,11/2/2010 11:47,1,314.7,,,,,,,,
17122,119,8/12/2011 14:33,4,570.5,,,,,,,,
17123,161,7/1/2011 10:47,3,977.2,,,,,,,,
17124,185,6/7/2011 14:02,1,294.2,,,,,,,,
17125,50,10/20/2011 14:41,1,211.8,,,,,,,,
17126,152,7/10/2011 13:52,9,1955.7,,,,,,,,
17127,428,10/7/2010 9:54,5,1155,,,,,,,,
17128,334,1/9/2011 12:02,1,157.1,,,,,,,,
17129,520,7/7/2010 13:46,1,31.9,,,,,,,,
17131,5,12/4/2011 12:52,5,2295.7,,,,,,,,
17132,452,9/13/2010 16:31,2,1206.1,,,,,,,,
17133,15,11/24/2011 12:27,12,14622.3,,,,,,,,
17134,106,8/25/2011 9:53,3,625.3,,,,,,,,
17135,16,11/23/2011 16:48,10,1707.3,,,,,,,,
17136,662,2/15/2010 13:13,1,231.7,,,,,,,,
17137,416,10/19/2010 14:51,6,1095.8,,,,,,,,
17138,275,3/9/2011 11:54,7,4417.3,,,,,,,,
17139,15,11/24/2011 10:12,25,19566.8,,,,,,,,
17140,247,4/6/2011 13:33,1,441.5,,,,,,,,
17141,418,10/17/2010 14:54,4,723.8,,,,,,,,
17142,239,4/14/2011 18:22,4,1275.3,,,,,,,,
17143,417,10/18/2010 15:27,2,833.2,,,,,,,,
17144,1,12/8/2011 17:57,2,984.6,,,,,,,,
17145,512,7/15/2010 9:02,4,3120.9,,,,,,,,
17146,105,8/26/2011 12:44,13,5842.4,,,,,,,,
17147,22,11/17/2011 12:32,9,3200,,,,,,,,
17148,51,10/19/2011 9:59,1,124.9,,,,,,,,
17149,451,9/14/2010 14:56,1,143.1,,,,,,,,
17150,376,11/28/2010 11:27,6,1358,,,,,,,,
17151,735,12/4/2009 14:56,1,231.9,,,,,,,,
17152,194,5/29/2011 12:19,4,2016.5,,,,,,,,
17153,24,11/15/2011 13:42,1,213.8,,,,,,,,
17154,75,9/25/2011 13:42,1,329.3,,,,,,,,
17155,17,11/22/2011 12:38,7,831,,,,,,,,
17156,491,8/5/2010 11:30,1,591.9,,,,,,,,
17157,7,12/2/2011 9:10,19,5151.9,,,,,,,,
17158,32,11/7/2011 15:15,5,1980,,,,,,,,
17159,21,11/18/2011 10:52,5,2099.6,,,,,,,,
17160,31,11/8/2011 14:05,17,10209.2,,,,,,,,
17161,444,9/21/2010 16:44,1,856,,,,,,,,
17162,28,11/11/2011 11:34,10,1715.5,,,,,,,,
17163,21,11/18/2011 8:57,4,699.8,,,,,,,,
17164,32,11/7/2011 9:14,7,2467.4,,,,,,,,
17165,284,2/28/2011 16:39,6,1794.3,,,,,,,,
17166,38,11/1/2011 9:46,2,206.3,,,,,,,,
17167,379,11/25/2010 10:05,3,864.2,,,,,,,,
17168,498,7/29/2010 12:33,1,400.2,,,,,,,,
17169,57,10/13/2011 10:25,3,1156.7,,,,,,,,
17170,374,11/30/2010 15:55,2,178.7,,,,,,,,
17171,289,2/23/2011 16:37,2,384.6,,,,,,,,
17172,78,9/22/2011 9:36,3,956.6,,,,,,,,
17173,5,12/4/2011 14:40,8,3766.6,,,,,,,,
17174,217,5/6/2011 11:47,1,59.9,,,,,,,,
17175,44,10/26/2011 15:31,4,1443.7,,,,,,,,
17176,201,5/22/2011 12:41,3,902.3,,,,,,,,
17177,505,7/22/2010 14:53,1,119.5,,,,,,,,
17178,731,12/8/2009 16:20,1,433,,,,,,,,
17179,178,6/14/2011 16:48,6,1474.8,,,,,,,,
17180,56,10/14/2011 15:46,11,2203.2,,,,,,,,
17181,57,10/13/2011 14:48,3,309.9,,,,,,,,
17182,422,10/13/2010 10:09,2,321.3,,,,,,,,
17183,7,12/2/2011 10:07,6,3347.3,,,,,,,,
17184,569,5/19/2010 14:24,2,198.4,,,,,,,,
17185,591,4/27/2010 12:15,3,229.5,,,,,,,,
17186,46,10/24/2011 10:20,2,144,,,,,,,,
17187,226,4/27/2011 12:39,2,467.7,,,,,,,,
17188,11,11/28/2011 13:53,13,4592.9,,,,,,,,
17189,106,8/25/2011 19:39,5,947.4,,,,,,,,
17190,58,10/12/2011 11:33,7,1697.4,,,,,,,,
17191,28,11/11/2011 16:58,15,4222.2,,,,,,,,
17192,536,6/21/2010 16:07,1,75.3,,,,,,,,
17193,35,11/4/2011 12:47,9,2310,,,,,,,,
17194,273,3/11/2011 12:05,3,776.3,,,,,,,,
17195,655,2/22/2010 13:05,1,563,,,,,,,,
17196,427,10/8/2010 11:31,1,291.6,,,,,,,,
17197,29,11/10/2011 10:32,1,1013,,,,,,,,
17198,23,11/16/2011 10:39,3,669.1,,,,,,,,
17199,582,5/6/2010 13:53,1,135,,,,,,,,
17200,387,11/17/2010 13:04,4,356.7,,,,,,,,
17201,53,10/17/2011 11:55,4,1059.9,,,,,,,,
17202,420,10/15/2010 11:25,1,160.7,,,,,,,,
17203,35,11/4/2011 12:27,10,5557.8,,,,,,,,
17204,175,6/17/2011 14:46,9,5504.7,,,,,,,,
17205,53,10/17/2011 12:46,3,999.4,,,,,,,,
17206,53,10/17/2011 13:25,1,204.2,,,,,,,,
17207,652,2/25/2010 19:08,1,259.4,,,,,,,,
17208,395,11/9/2010 12:50,1,93.5,,,,,,,,
17209,649,2/28/2010 16:01,3,592,,,,,,,,
17210,392,11/12/2010 12:15,1,212.3,,,,,,,,
17211,26,11/13/2011 12:03,13,3756.4,,,,,,,,
17212,253,3/31/2011 19:42,3,794.4,,,,,,,,
17213,40,10/30/2011 14:53,13,4869.4,,,,,,,,
17214,60,10/10/2011 13:17,6,1046.7,,,,,,,,
17215,464,9/1/2010 13:39,1,186.2,,,,,,,,
17216,554,6/3/2010 13:03,1,63.6,,,,,,,,
17217,234,4/19/2011 17:19,2,210.1,,,,,,,,
17218,4,12/5/2011 13:52,18,3846.1,,,,,,,,
17219,31,11/8/2011 11:25,2,256.6,,,,,,,,
17220,24,11/15/2011 13:47,21,4397.4,,,,,,,,
17221,7,12/2/2011 13:35,5,962.9,,,,,,,,
17222,65,10/5/2011 13:58,6,1558.4,,,,,,,,
17223,310,2/2/2011 15:57,3,544.5,,,,,,,,
17224,501,7/26/2010 13:30,1,100.9,,,,,,,,
17225,581,5/7/2010 11:38,1,131.2,,,,,,,,
17226,308,2/4/2011 11:52,3,891.3,,,,,,,,
17227,18,11/21/2011 10:51,12,1803.6,,,,,,,,
17228,15,11/24/2011 10:24,13,2808.4,,,,,,,,
17229,96,9/4/2011 13:56,2,318.8,,,,,,,,
17230,264,3/20/2011 16:12,18,9388.5,,,,,,,,
17231,12,11/27/2011 15:18,25,6887.1,,,,,,,,
17232,2,12/7/2011 12:21,2,417.8,,,,,,,,
17233,35,11/4/2011 14:06,3,560.9,,,,,,,,
17234,182,6/10/2011 11:20,1,149.9,,,,,,,,
17235,25,11/14/2011 15:51,8,1563,,,,,,,,
17236,12,11/27/2011 12:00,12,1918.9,,,,,,,,
17237,11,11/28/2011 15:02,4,987.3,,,,,,,,
17238,2,12/7/2011 11:35,32,7021.8,,,,,,,,
17239,312,1/31/2011 9:41,4,1189.5,,,,,,,,
17240,596,4/22/2010 15:44,1,130.6,,,,,,,,
17241,385,11/19/2010 13:01,12,2736.6,,,,,,,,
17242,108,8/23/2011 14:55,5,2889.3,,,,,,,,
17243,1,12/8/2011 13:26,69,19827.1,,,,,,,,
17244,53,10/17/2011 15:19,5,1816,,,,,,,,
17245,204,5/19/2011 10:43,2,340.1,,,,,,,,
17246,546,6/11/2010 12:36,2,38.9,,,,,,,,
17247,15,11/24/2011 15:21,1,275.9,,,,,,,,
17248,120,8/11/2011 13:34,2,484,,,,,,,,
17249,428,10/7/2010 11:33,1,68,,,,,,,,
17250,3,12/6/2011 12:15,2,381.3,,,,,,,,
17251,362,12/12/2010 11:06,3,787.7,,,,,,,,
17252,116,8/15/2011 9:45,2,348.9,,,,,,,,
17253,18,11/21/2011 12:59,1,178.3,,,,,,,,
17254,4,12/5/2011 12:46,3,469.5,,,,,,,,
17255,40,10/30/2011 12:18,4,734.6,,,,,,,,
17256,107,8/24/2011 13:30,5,481.1,,,,,,,,
17257,436,9/29/2010 12:51,2,189.8,,,,,,,,
17258,396,11/8/2010 12:37,2,413,,,,,,,,
17259,148,7/14/2011 15:01,6,1426.6,,,,,,,,
17260,411,10/24/2010 13:21,1,121,,,,,,,,
17261,509,7/18/2010 11:49,1,221.6,,,,,,,,
17262,52,10/18/2011 12:56,11,2488.8,,,,,,,,
17263,208,5/15/2011 14:32,1,63.4,,,,,,,,
17264,424,10/11/2010 12:52,1,250.5,,,,,,,,
17265,138,7/24/2011 10:49,2,538.8,,,,,,,,
17266,2,12/7/2011 14:12,5,467.7,,,,,,,,
17267,127,8/4/2011 17:22,2,317.2,,,,,,,,
17268,107,8/24/2011 10:06,11,1733.9,,,,,,,,
17269,385,11/19/2010 11:12,1,419.2,,,,,,,,
17270,469,8/27/2010 14:09,2,594,,,,,,,,
17271,736,12/3/2009 13:49,1,201.9,,,,,,,,
17272,42,10/28/2011 16:37,4,2148.6,,,,,,,,
17273,424,10/11/2010 15:57,1,141.1,,,,,,,,
17274,35,11/4/2011 13:16,2,568.7,,,,,,,,
17275,383,11/21/2010 13:26,1,114.1,,,,,,,,
17276,402,11/2/2010 16:20,1,472.4,,,,,,,,
17277,227,4/26/2011 12:47,2,1065.4,,,,,,,,
17278,241,4/12/2011 13:10,2,271.2,,,,,,,,
17279,57,10/13/2011 11:58,1,181.9,,,,,,,,
17280,438,9/27/2010 16:46,1,118.9,,,,,,,,
17281,374,11/30/2010 18:05,6,797.9,,,,,,,,
17282,130,8/1/2011 14:29,5,2291.3,,,,,,,,
17283,378,11/26/2010 11:53,1,188.5,,,,,,,,
17284,60,10/10/2011 14:38,8,2769.6,,,,,,,,
17285,628,3/21/2010 13:38,2,404.6,,,,,,,,
17286,21,11/18/2011 12:47,3,389.2,,,,,,,,
17287,26,11/13/2011 13:27,21,3804.1,,,,,,,,
17288,9,11/30/2011 16:09,11,2416.3,,,,,,,,
17289,31,11/8/2011 12:01,9,1947.2,,,,,,,,
17290,3,12/6/2011 12:38,8,1368.8,,,,,,,,
17291,308,2/4/2011 13:04,1,550.8,,,,,,,,
17292,472,8/24/2010 17:14,2,267.5,,,,,,,,
17293,8,12/1/2011 14:37,17,3689.1,,,,,,,,
17294,669,2/8/2010 16:12,2,467.8,,,,,,,,
17295,28,11/11/2011 10:49,3,547,,,,,,,,
17296,730,12/9/2009 14:01,1,335.6,,,,,,,,
17297,17,11/22/2011 14:43,1,128.2,,,,,,,,
17298,101,8/30/2011 16:43,5,954.3,,,,,,,,
17299,11,11/28/2011 12:01,6,965.6,,,,,,,,
17300,390,11/14/2010 10:56,2,388.7,,,,,,,,
17301,21,11/18/2011 13:43,2,288,,,,,,,,
17302,14,11/25/2011 9:36,5,1135.6,,,,,,,,
17303,361,12/13/2010 13:32,1,250,,,,,,,,
17304,534,6/23/2010 16:23,1,111.5,,,,,,,,
17305,648,3/1/2010 12:47,1,2135.5,,,,,,,,
17306,10,11/29/2011 12:14,21,9782.4,,,,,,,,
17307,395,11/9/2010 13:40,11,3999.9,,,,,,,,
17308,393,11/11/2010 13:19,2,4511.8,,,,,,,,
17309,95,9/5/2011 15:20,3,309.1,,,,,,,,
17310,387,11/17/2010 16:00,2,1025.1,,,,,,,,
17311,78,9/22/2011 14:11,6,3566.6,,,,,,,,
17312,138,7/24/2011 11:52,3,644.3,,,,,,,,
17313,31,11/8/2011 15:45,1,2328.8,,,,,,,,
17314,24,11/15/2011 9:41,17,4904.4,,,,,,,,
17315,1,12/8/2011 12:15,43,9526,,,,,,,,
17316,420,10/15/2010 14:35,1,124.5,,,,,,,,
17317,46,10/24/2011 17:19,3,2600.3,,,,,,,,
17318,725,12/14/2009 13:11,1,157.3,,,,,,,,
17319,669,2/8/2010 15:47,1,29.1,,,,,,,,
17320,100,8/31/2011 13:31,6,2444.9,,,,,,,,
17321,8,12/1/2011 13:41,6,1610.9,,,,,,,,
17322,376,11/28/2010 14:41,5,880.9,,,,,,,,
17323,15,11/24/2011 17:29,12,1545.6,,,,,,,,
17324,17,11/22/2011 10:34,12,2150.7,,,,,,,,
17325,280,3/4/2011 13:09,3,609.6,,,,,,,,
17326,408,10/27/2010 15:38,2,307.9,,,,,,,,
17327,409,10/26/2010 9:54,2,152.4,,,,,,,,
17328,673,2/4/2010 17:11,1,104.7,,,,,,,,
17329,14,11/25/2011 14:24,5,998.5,,,,,,,,
17330,22,11/17/2011 8:56,4,423.8,,,,,,,,
17331,123,8/8/2011 11:55,1,175.2,,,,,,,,
17332,528,6/29/2010 16:10,5,828.1,,,,,,,,
17333,85,9/15/2011 10:11,1,494.3,,,,,,,,
17334,302,2/10/2011 14:59,3,635.2,,,,,,,,
17335,383,11/21/2010 10:17,2,469.2,,,,,,,,
17336,472,8/24/2010 15:37,1,81.1,,,,,,,,
17337,151,7/11/2011 14:55,4,1947.5,,,,,,,,
17338,17,11/22/2011 14:23,17,11458,,,,,,,,
17339,94,9/6/2011 13:29,3,302.4,,,,,,,,
17340,29,11/10/2011 10:45,18,19534.2,,,,,,,,
17341,156,7/6/2011 12:33,5,1247.2,,,,,,,,
17342,379,11/25/2010 11:07,4,1227.5,,,,,,,,
17343,355,12/19/2010 15:07,6,1226.5,,,,,,,,
17344,46,10/24/2011 12:56,2,457.4,,,,,,,,
17345,15,11/24/2011 15:03,10,1541.9,,,,,,,,
17346,3,12/6/2011 12:18,26,4869.5,,,,,,,,
17347,86,9/14/2011 13:12,1,229,,,,,,,,
17348,14,11/25/2011 11:25,9,2323.2,,,,,,,,
17349,179,6/13/2011 14:29,5,730.4,,,,,,,,
17350,8,12/1/2011 15:47,7,1859.3,,,,,,,,
17351,36,11/3/2011 18:45,12,1988.2,,,,,,,,
17352,696,1/12/2010 16:13,1,36.3,,,,,,,,
17353,129,8/2/2011 17:19,4,3242,,,,,,,,
17354,50,10/20/2011 10:34,4,2956,,,,,,,,
17355,386,11/18/2010 13:18,1,192.4,,,,,,,,
17356,311,2/1/2011 11:07,5,946.5,,,,,,,,
17357,24,11/15/2011 16:30,2,372.4,,,,,,,,
17358,303,2/9/2011 16:57,5,851.3,,,,,,,,
17359,11,11/28/2011 14:37,2,240.9,,,,,,,,
17360,17,11/22/2011 13:11,6,1151.1,,,,,,,,
17361,49,10/21/2011 15:43,5,848.1,,,,,,,,
17362,239,4/14/2011 14:43,7,1016.5,,,,,,,,
17363,395,11/9/2010 17:11,3,920.5,,,,,,,,
17364,0,12/9/2011 9:00,28,11809.8,,,,,,,,
17365,12,11/27/2011 12:13,15,7873.4,,,,,,,,
17366,432,10/3/2010 16:04,2,991.9,,,,,,,,
17367,238,4/15/2011 14:21,1,167.6,,,,,,,,
17368,23,11/16/2011 15:26,14,2461.3,,,,,,,,
17369,455,9/10/2010 9:49,1,979.2,,,,,,,,
17370,72,9/28/2011 10:14,4,446.2,,,,,,,,
17371,17,11/22/2011 13:30,6,639.4,,,,,,,,
17372,40,10/30/2011 11:37,28,4269.8,,,,,,,,
17373,40,10/30/2011 15:28,7,1167.5,,,,,,,,
17374,218,5/5/2011 9:05,3,727.1,,,,,,,,
17375,199,5/24/2011 15:45,4,660.6,,,,,,,,
17376,70,9/30/2011 12:36,4,453.6,,,,,,,,
17377,23,11/16/2011 11:17,78,17375.6,,,,,,,,
17378,374,11/30/2010 18:46,1,11,,,,,,,,
17379,11,11/28/2011 13:56,1,339.3,,,,,,,,
17380,434,10/1/2010 16:42,3,645,,,,,,,,
17381,8,12/1/2011 11:59,38,36398.7,,,,,,,,
17382,65,10/5/2011 13:05,8,902.3,,,,,,,,
17383,4,12/5/2011 17:36,2,304.1,,,,,,,,
17384,19,11/20/2011 15:48,3,507.6,,,,,,,,
17385,14,11/25/2011 11:02,1,250.3,,,,,,,,
17386,7,12/2/2011 11:28,7,2812.8,,,,,,,,
17387,19,11/20/2011 11:00,2,730.3,,,,,,,,
17388,77,9/23/2011 10:31,11,2587.7,,,,,,,,
17389,0,12/9/2011 9:38,61,57215.3,,,,,,,,
17390,420,10/15/2010 11:29,1,149.3,,,,,,,,
17391,163,6/29/2011 9:58,2,508.8,,,,,,,,
17392,306,2/6/2011 12:48,3,567,,,,,,,,
17393,410,10/25/2010 11:10,2,286,,,,,,,,
17394,219,5/4/2011 13:22,1,203.9,,,,,,,,
17395,508,7/19/2010 15:34,1,97.5,,,,,,,,
17396,39,10/31/2011 14:12,14,8409.6,,,,,,,,
17397,22,11/17/2011 14:08,3,1197,,,,,,,,
17398,114,8/17/2011 9:48,3,653.4,,,,,,,,
17400,126,8/5/2011 15:38,8,4546.9,,,,,,,,
17401,541,6/16/2010 16:54,1,111.1,,,,,,,,
17402,4,12/5/2011 10:15,23,4635.6,,,,,,,,
17403,36,11/3/2011 15:18,2,382.9,,,,,,,,
17404,4,12/5/2011 16:26,23,47781.1,,,,,,,,
17405,1,12/8/2011 17:12,3,1031.4,,,,,,,,
17406,333,1/10/2011 15:07,13,4155.5,,,,,,,,
17407,411,10/24/2010 11:57,1,552.9,,,,,,,,
17408,163,6/29/2011 12:53,3,316.1,,,,,,,,
17409,184,6/8/2011 10:36,10,7793.5,,,,,,,,
17410,16,11/23/2011 15:46,5,1214.7,,,,,,,,
17411,12,11/27/2011 14:25,5,1425.4,,,,,,,,
17412,2,12/7/2011 11:36,16,4219.4,,,,,,,,
17413,404,10/31/2010 12:33,2,560.1,,,,,,,,
17414,43,10/27/2011 12:13,6,2249.5,,,,,,,,
17415,79,9/21/2011 12:50,1,507.8,,,,,,,,
17416,29,11/10/2011 12:47,22,17298.5,,,,,,,,
17417,548,6/9/2010 10:00,1,164.2,,,,,,,,
17418,42,10/28/2011 13:00,3,670.1,,,,,,,,
17419,11,11/28/2011 13:47,18,6126.3,,,,,,,,
17420,50,10/20/2011 14:52,6,953.6,,,,,,,,
17421,386,11/18/2010 16:57,3,1059.4,,,,,,,,
17422,16,11/23/2011 13:27,11,3594.8,,,,,,,,
17423,46,10/24/2011 13:36,3,1119,,,,,,,,
17425,19,11/20/2011 15:30,2,759.2,,,,,,,,
17426,8,12/1/2011 18:07,13,8077.8,,,,,,,,
17427,71,9/29/2011 11:29,1,100.8,,,,,,,,
17428,0,12/9/2011 9:45,45,31466.8,,,,,,,,
17429,128,8/3/2011 13:22,5,1357.5,,,,,,,,
17430,32,11/7/2011 9:24,4,622.6,,,,,,,,
17431,313,1/30/2011 14:36,1,400.1,,,,,,,,
17432,18,11/21/2011 17:33,9,1729,,,,,,,,
17433,88,9/12/2011 14:24,2,566.7,,,,,,,,
17434,2,12/7/2011 13:16,7,2373.8,,,,,,,,
17435,411,10/24/2010 13:55,1,331.4,,,,,,,,
17436,1,12/8/2011 12:30,5,534.1,,,,,,,,
17437,529,6/28/2010 11:11,1,369.7,,,,,,,,
17438,253,3/31/2011 10:26,5,1422.8,,,,,,,,
17439,655,2/22/2010 12:48,1,325.7,,,,,,,,
17440,156,7/6/2011 11:54,4,323.6,,,,,,,,
17441,732,12/7/2009 13:32,1,293.4,,,,,,,,
17442,36,11/3/2011 9:17,15,4620.3,,,,,,,,
17443,219,5/4/2011 10:47,1,534.2,,,,,,,,
17444,147,7/15/2011 12:05,3,2940,,,,,,,,
17446,176,6/16/2011 10:42,2,120.9,,,,,,,,
17447,40,10/30/2011 14:18,2,541.5,,,,,,,,
17448,497,7/30/2010 14:07,46,14523.7,,,,,,,,
17449,2,12/7/2011 16:56,13,4796.4,,,,,,,,
17450,8,12/1/2011 13:29,51,244784.3,,,,,,,,
17451,1,12/8/2011 15:02,7,1721.4,,,,,,,,
17453,17,11/22/2011 9:42,2,486.7,,,,,,,,
17454,192,5/31/2011 13:58,10,1547.9,,,,,,,,
17455,203,5/20/2011 12:31,1,131.7,,,,,,,,
17456,365,12/9/2010 15:23,2,975.6,,,,,,,,
17457,126,8/5/2011 12:48,14,5984.8,,,,,,,,
17458,15,11/24/2011 13:01,2,524.6,,,,,,,,
17459,43,10/27/2011 13:25,2,649.4,,,,,,,,
17460,94,9/6/2011 15:04,16,2158,,,,,,,,
17461,22,11/17/2011 10:21,3,735.8,,,,,,,,
17462,60,10/10/2011 13:56,2,675.7,,,,,,,,
17463,16,11/23/2011 13:40,7,2500,,,,,,,,
17464,158,7/4/2011 13:19,3,907.1,,,,,,,,
17465,425,10/10/2010 11:56,7,2542.8,,,,,,,,
17466,10,11/29/2011 13:15,2,763.3,,,,,,,,
17467,395,11/9/2010 12:58,1,102.6,,,,,,,,
17468,10,11/29/2011 15:33,3,194.8,,,,,,,,
17469,16,11/23/2011 13:15,17,5051.3,,,,,,,,
17470,44,10/26/2011 12:42,11,2626.5,,,,,,,,
17471,474,8/22/2010 11:53,1,321.7,,,,,,,,
17472,191,6/1/2011 14:57,4,901.3,,,,,,,,
17473,408,10/27/2010 11:45,2,607,,,,,,,,
17474,599,4/19/2010 10:43,1,1047,,,,,,,,
17475,79,9/21/2011 14:55,1,194.4,,,,,,,,
17476,395,11/9/2010 10:21,2,489.9,,,,,,,,
17477,612,4/6/2010 10:06,2,1144.3,,,,,,,,
17478,408,10/27/2010 15:01,2,1272.8,,,,,,,,
17479,632,3/17/2010 9:26,1,389.3,,,,,,,,
17480,77,9/23/2011 11:39,2,882.2,,,,,,,,
17481,3,12/6/2011 12:28,4,1255.6,,,,,,,,
17482,487,8/9/2010 15:33,2,762.7,,,,,,,,
17483,65,10/5/2011 13:10,4,591.7,,,,,,,,
17484,576,5/12/2010 15:41,2,209.6,,,,,,,,
17486,261,3/23/2011 14:00,1,396.9,,,,,,,,
17487,728,12/11/2009 15:06,1,160.6,,,,,,,,
17488,641,3/8/2010 14:07,1,336.5,,,,,,,,
17489,58,10/12/2011 8:56,2,376.6,,,,,,,,
17490,0,12/9/2011 9:08,9,2750.5,,,,,,,,
17491,1,12/8/2011 16:18,17,5653.7,,,,,,,,
17492,248,4/5/2011 15:21,3,1122.4,,,,,,,,
17493,385,11/19/2010 16:57,1,100.9,,,,,,,,
17494,501,7/26/2010 10:06,1,54.7,,,,,,,,
17495,7,12/2/2011 12:08,3,806.7,,,,,,,,
17496,358,12/16/2010 8:39,4,1412.9,,,,,,,,
17497,390,11/14/2010 14:17,2,287.3,,,,,,,,
17498,75,9/25/2011 12:25,1,272.2,,,,,,,,
17499,289,2/23/2011 9:14,2,1341.4,,,,,,,,
17500,17,11/22/2011 14:25,3,1138,,,,,,,,
17501,220,5/3/2011 9:47,2,288.6,,,,,,,,
17502,9,11/30/2011 13:13,4,689.1,,,,,,,,
17503,2,12/7/2011 9:18,2,559,,,,,,,,
17504,206,5/17/2011 12:59,18,9490.2,,,,,,,,
17505,161,7/1/2011 12:50,5,2435.5,,,,,,,,
17506,75,9/25/2011 11:39,1,302.2,,,,,,,,
17507,261,3/23/2011 11:48,2,598.1,,,,,,,,
17508,280,3/4/2011 8:10,8,4579.2,,,,,,,,
17509,57,10/13/2011 10:26,8,6083.6,,,,,,,,
17510,24,11/15/2011 10:00,2,514.6,,,,,,,,
17511,2,12/7/2011 10:12,60,172132.9,,,,,,,,
17512,28,11/11/2011 12:11,18,5467.8,,,,,,,,
17513,72,9/28/2011 16:42,3,1158.8,,,,,,,,
17514,128,8/3/2011 15:45,2,518.2,,,,,,,,
17515,31,11/8/2011 14:04,9,1596.3,,,,,,,,
17516,15,11/24/2011 16:51,6,935.2,,,,,,,,
17517,308,2/4/2011 11:48,1,153.9,,,,,,,,
17518,425,10/10/2010 12:40,2,328.3,,,,,,,,
17519,17,11/22/2011 16:43,15,4774.2,,,,,,,,
17520,53,10/17/2011 12:04,1,546.8,,,,,,,,
17521,29,11/10/2011 11:22,5,1278.1,,,,,,,,
17522,1,12/8/2011 12:31,5,1058.9,,,,,,,,
17523,11,11/28/2011 13:20,4,646.5,,,,,,,,
17524,361,12/13/2010 14:32,3,539.1,,,,,,,,
17525,359,12/15/2010 12:05,3,1161.9,,,,,,,,
17526,4,12/5/2011 11:05,12,3939.2,,,,,,,,
17527,53,10/17/2011 12:32,4,939.4,,,,,,,,
17528,1,12/8/2011 13:27,8,3619.1,,,,,,,,
17529,610,4/8/2010 17:51,2,1240.3,,,,,,,,
17530,1,12/8/2011 18:42,12,2747.1,,,,,,,,
17531,190,6/2/2011 19:17,3,1266.8,,,,,,,,
17532,385,11/19/2010 8:13,1,65.3,,,,,,,,
17533,434,10/1/2010 9:14,1,34.8,,,,,,,,
17534,53,10/17/2011 12:47,5,1668.8,,,,,,,,
17535,280,3/4/2011 15:20,1,164.4,,,,,,,,
17536,177,6/15/2011 13:23,3,364.8,,,,,,,,
17537,29,11/10/2011 10:56,2,887.7,,,,,,,,
17538,25,11/14/2011 12:12,1,98.4,,,,,,,,
17539,617,4/1/2010 12:07,4,1155,,,,,,,,
17540,24,11/15/2011 11:56,6,1590.6,,,,,,,,
17541,509,7/18/2010 11:36,1,119.9,,,,,,,,
17542,269,3/15/2011 11:45,3,318.4,,,,,,,,
17543,549,6/8/2010 12:41,1,120.1,,,,,,,,
17544,390,11/14/2010 15:08,3,842.4,,,,,,,,
17545,43,10/27/2011 14:04,6,1370,,,,,,,,
17547,375,11/29/2010 9:41,2,727.9,,,,,,,,
17548,233,4/20/2011 12:01,4,731.3,,,,,,,,
17549,23,11/16/2011 9:59,2,148.9,,,,,,,,
17550,197,5/26/2011 14:09,9,2432.9,,,,,,,,
17551,359,12/15/2010 14:12,1,290.3,,,,,,,,
17552,60,10/10/2011 17:00,12,2786.8,,,,,,,,
17553,129,8/2/2011 10:00,4,3757.6,,,,,,,,
17554,1,12/8/2011 14:15,5,1927,,,,,,,,
17555,19,11/20/2011 12:22,5,1032.3,,,,,,,,
17556,205,5/18/2011 10:48,2,300.7,,,,,,,,
17557,14,11/25/2011 12:57,4,575.5,,,,,,,,
17558,393,11/11/2010 14:36,1,259.2,,,,,,,,
17559,512,7/15/2010 12:02,1,167.6,,,,,,,,
17560,94,9/6/2011 9:18,8,1895.8,,,,,,,,
17561,19,11/20/2011 12:53,4,683.5,,,,,,,,
17562,14,11/25/2011 14:21,7,1122.4,,,,,,,,
17563,578,5/10/2010 14:54,2,392.4,,,,,,,,
17564,24,11/15/2011 13:27,3,454,,,,,,,,
17565,586,5/2/2010 11:54,1,131.8,,,,,,,,
17566,8,12/1/2011 19:54,2,786.6,,,,,,,,
17567,7,12/2/2011 15:48,9,4838.1,,,,,,,,
17568,633,3/16/2010 16:45,1,373.6,,,,,,,,
17569,332,1/11/2011 14:15,1,344.1,,,,,,,,
17570,381,11/23/2010 11:56,1,100,,,,,,,,
17571,50,10/20/2011 15:57,5,1534.4,,,,,,,,
17572,71,9/29/2011 17:53,10,652.2,,,,,,,,
17573,29,11/10/2011 13:01,3,380.6,,,,,,,,
17574,242,4/11/2011 9:47,1,185.7,,,,,,,,
17575,667,2/10/2010 13:48,1,171.7,,,,,,,,
17576,8,12/1/2011 17:56,41,8624.2,,,,,,,,
17577,645,3/4/2010 13:01,2,348.8,,,,,,,,
17578,218,5/5/2011 18:38,7,1041.5,,,,,,,,
17579,4,12/5/2011 12:28,4,736.8,,,,,,,,
17580,252,4/1/2011 12:41,5,541,,,,,,,,
17581,0,12/9/2011 12:21,43,17951.2,,,,,,,,
17582,236,4/17/2011 13:18,5,1432.5,,,,,,,,
17583,560,5/28/2010 14:24,1,136,,,,,,,,
17584,7,12/2/2011 17:12,6,5309.4,,,,,,,,
17585,109,8/22/2011 13:30,7,2051.4,,,,,,,,
17586,619,3/30/2010 13:12,1,167.4,,,,,,,,
17587,628,3/21/2010 14:16,1,176.7,,,,,,,,
17588,100,8/31/2011 13:37,7,2939.6,,,,,,,,
17589,60,10/10/2011 16:58,18,13300,,,,,,,,
17590,2,12/7/2011 12:55,3,1430,,,,,,,,
17591,73,9/27/2011 13:42,8,2305,,,,,,,,
17592,738,12/1/2009 10:49,1,148.3,,,,,,,,
17593,3,12/6/2011 10:30,11,8046.5,,,,,,,,
17594,85,9/15/2011 16:34,4,2497.9,,,,,,,,
17595,12,11/27/2011 16:08,2,386.7,,,,,,,,
17596,23,11/16/2011 14:11,13,4338.9,,,,,,,,
17597,213,5/10/2011 11:54,5,3484.1,,,,,,,,
17598,381,11/23/2010 17:43,1,410,,,,,,,,
17599,477,8/19/2010 12:50,1,52.1,,,,,,,,
17600,17,11/22/2011 9:43,1,161.7,,,,,,,,
17601,239,4/14/2011 18:02,2,398.8,,,,,,,,
17602,2,12/7/2011 13:53,14,7138.8,,,,,,,,
17603,78,9/22/2011 14:18,4,1782.5,,,,,,,,
17604,217,5/6/2011 13:43,6,939,,,,,,,,
17605,590,4/28/2010 14:45,1,160.8,,,,,,,,
17606,737,12/2/2009 13:32,1,87.3,,,,,,,,
17607,376,11/28/2010 13:11,1,333.8,,,,,,,,
17608,33,11/6/2011 13:06,4,469.3,,,,,,,,
17609,40,10/30/2011 12:28,11,1827.9,,,,,,,,
17610,540,6/17/2010 16:34,5,1480.3,,,,,,,,
17611,7,12/2/2011 13:29,28,8314.7,,,,,,,,
17612,53,10/17/2011 14:59,18,5394.9,,,,,,,,
17613,22,11/17/2011 10:51,14,4511.6,,,,,,,,
17614,57,10/13/2011 16:01,1,385.5,,,,,,,,
17615,130,8/1/2011 14:06,6,676.3,,,,,,,,
17616,173,6/19/2011 10:11,4,734.4,,,,,,,,
17617,558,5/30/2010 12:48,1,385.2,,,,,,,,
17618,5,12/4/2011 11:50,11,3904.1,,,,,,,,
17619,312,1/31/2011 14:18,1,210.4,,,,,,,,
17620,59,10/11/2011 12:08,1,81.4,,,,,,,,
17621,21,11/18/2011 17:11,6,3175.1,,,,,,,,
17622,597,4/21/2010 12:36,2,1130.2,,,,,,,,
17623,32,11/7/2011 11:32,7,2355.8,,,,,,,,
17624,14,11/25/2011 10:52,4,1568.6,,,,,,,,
17625,18,11/21/2011 13:36,8,5823.3,,,,,,,,
17626,602,4/16/2010 12:15,1,254,,,,,,,,
17627,478,8/18/2010 11:27,1,296.4,,,,,,,,
17628,81,9/19/2011 15:21,1,75.8,,,,,,,,
17629,5,12/4/2011 10:56,10,2455.5,,,,,,,,
17630,169,6/23/2011 11:58,2,503.6,,,,,,,,
17631,1,12/8/2011 9:47,7,998.5,,,,,,,,
17633,31,11/8/2011 13:25,7,2057.4,,,,,,,,
17634,36,11/3/2011 13:09,9,2358.6,,,,,,,,
17635,424,10/11/2010 15:12,3,1265.6,,,,,,,,
17636,19,11/20/2011 14:40,1,285.6,,,,,,,,
17637,31,11/8/2011 12:51,2,547.1,,,,,,,,
17638,647,3/2/2010 14:32,2,842.4,,,,,,,,
17639,276,3/8/2011 15:22,6,615.2,,,,,,,,
17640,86,9/14/2011 9:13,6,3168.9,,,,,,,,
17642,119,8/12/2011 9:11,5,1824.5,,,,,,,,
17643,373,12/1/2010 14:38,2,439.7,,,,,,,,
17644,1,12/8/2011 13:43,20,6028.6,,,,,,,,
17646,219,5/4/2011 13:17,12,3898.8,,,,,,,,
17647,65,10/5/2011 15:38,3,331.7,,,,,,,,
17648,60,10/10/2011 9:41,5,2216.4,,,,,,,,
17649,138,7/24/2011 15:53,3,1578.9,,,,,,,,
17650,21,11/18/2011 14:52,1,166.1,,,,,,,,
17651,11,11/28/2011 10:29,16,5703.5,,,,,,,,
17652,25,11/14/2011 12:55,12,4867.7,,,,,,,,
17653,36,11/3/2011 12:46,4,1207.6,,,,,,,,
17654,277,3/7/2011 13:17,1,117.6,,,,,,,,
17655,10,11/29/2011 11:34,9,2976.4,,,,,,,,
17656,73,9/27/2011 13:04,5,1674.7,,,,,,,,
17657,430,10/5/2010 14:52,1,126,,,,,,,,
17658,25,11/14/2011 12:07,2,595.4,,,,,,,,
17659,17,11/22/2011 13:29,14,3587,,,,,,,,
17660,141,7/21/2011 13:37,2,334.7,,,,,,,,
17662,661,2/16/2010 9:38,2,412.9,,,,,,,,
17663,25,11/14/2011 8:56,17,5175.8,,,,,,,,
17664,18,11/21/2011 11:29,4,1166.2,,,,,,,,
17665,493,8/3/2010 13:12,1,563.1,,,,,,,,
17666,3,12/6/2011 9:06,5,2047.8,,,,,,,,
17667,66,10/4/2011 14:32,9,3950.7,,,,,,,,
17668,1,12/8/2011 13:25,2,347.8,,,,,,,,
17669,42,10/28/2011 8:53,10,6142.4,,,,,,,,
17670,227,4/26/2011 9:12,1,205.7,,,,,,,,
17671,15,11/24/2011 12:21,5,2009.2,,,,,,,,
17672,50,10/20/2011 14:18,7,5778.6,,,,,,,,
17673,1,12/8/2011 12:50,13,4136,,,,,,,,
17674,74,9/26/2011 13:35,2,551,,,,,,,,
17675,1,12/8/2011 18:03,70,37642.5,,,,,,,,
17676,4,12/5/2011 15:16,10,2448.6,,,,,,,,
17677,1,12/8/2011 9:56,54,35058.5,,,,,,,,
17678,263,3/21/2011 11:52,2,599.8,,,,,,,,
17679,52,10/18/2011 7:43,7,3577.6,,,,,,,,
17680,23,11/16/2011 12:42,3,497.5,,,,,,,,
17681,597,4/21/2010 17:22,5,731.2,,,,,,,,
17682,10,11/29/2011 15:59,11,4065.3,,,,,,,,
17683,385,11/19/2010 10:11,3,819,,,,,,,,
17684,43,10/27/2011 11:10,1,239.4,,,,,,,,
17685,16,11/23/2011 11:36,12,5416.8,,,,,,,,
17686,7,12/2/2011 15:39,9,8296.8,,,,,,,,
17687,420,10/15/2010 12:30,1,432.7,,,,,,,,
17688,393,11/11/2010 10:41,1,304.2,,,,,,,,
17689,388,11/16/2010 13:22,2,317.1,,,,,,,,
17690,30,11/9/2011 15:17,20,6941,,,,,,,,
17691,358,12/16/2010 17:20,4,637.6,,,,,,,,
17692,127,8/4/2011 14:01,12,2975.8,,,,,,,,
17693,137,7/25/2011 15:48,1,200.5,,,,,,,,
17694,141,7/21/2011 12:00,3,1696,,,,,,,,
17695,131,7/31/2011 10:40,5,1746,,,,,,,,
17696,38,11/1/2011 13:43,27,7679.6,,,,,,,,
17697,236,4/17/2011 15:40,1,339,,,,,,,,
17698,260,3/24/2011 11:34,1,155,,,,,,,,
17699,476,8/20/2010 9:39,2,442,,,,,,,,
17700,16,11/23/2011 11:51,14,6680,,,,,,,,
17701,252,4/1/2011 12:25,1,418,,,,,,,,
17702,30,11/9/2011 16:03,6,3144,,,,,,,,
17703,35,11/4/2011 15:51,4,1094.8,,,,,,,,
17704,168,6/24/2011 9:40,2,885.2,,,,,,,,
17705,3,12/6/2011 13:45,11,2083.9,,,,,,,,
17706,4,12/5/2011 13:34,31,20269.6,,,,,,,,
17707,185,6/7/2011 15:03,8,609.3,,,,,,,,
17708,187,6/5/2011 10:12,4,884.2,,,,,,,,
17709,169,6/23/2011 11:55,5,671,,,,,,,,
17710,423,10/12/2010 7:49,1,293.5,,,,,,,,
17711,10,11/29/2011 11:40,2,385.1,,,,,,,,
17712,44,10/26/2011 12:28,1,522.9,,,,,,,,
17713,382,11/22/2010 16:50,4,1198.1,,,,,,,,
17714,320,1/23/2011 10:32,5,1410.2,,,,,,,,
17715,200,5/23/2011 12:32,2,489.6,,,,,,,,
17716,22,11/17/2011 12:00,24,15957,,,,,,,,
17717,421,10/14/2010 12:54,1,376.9,,,,,,,,
17718,232,4/21/2011 13:39,2,439.2,,,,,,,,
17719,37,11/2/2011 10:36,15,5396,,,,,,,,
17720,26,11/13/2011 15:04,10,2666.9,,,,,,,,
17721,659,2/18/2010 15:18,1,307.2,,,,,,,,
17722,96,9/4/2011 15:22,5,3520.2,,,,,,,,
17723,127,8/4/2011 18:37,7,3378.4,,,,,,,,
17724,71,9/29/2011 15:26,3,1033,,,,,,,,
17725,16,11/23/2011 16:34,11,3439.1,,,,,,,,
17726,395,11/9/2010 13:37,7,1092.1,,,,,,,,
17727,15,11/24/2011 17:06,1,1060.3,,,,,,,,
17728,3,12/6/2011 8:52,5,4238.8,,,,,,,,
17729,596,4/22/2010 15:03,1,438.7,,,,,,,,
17730,3,12/6/2011 15:43,20,7773.8,,,,,,,,
17731,79,9/21/2011 15:02,6,1709,,,,,,,,
17732,372,12/2/2010 9:29,8,2166.4,,,,,,,,
17733,38,11/1/2011 8:16,2,692.2,,,,,,,,
17734,53,10/17/2011 12:33,6,1442.3,,,,,,,,
17735,2,12/7/2011 16:47,26,16790.3,,,,,,,,
17736,9,11/30/2011 15:36,3,377.4,,,,,,,,
17737,9,11/30/2011 15:16,2,168.2,,,,,,,,
17738,19,11/20/2011 15:05,13,4183.6,,,,,,,,
17739,11,11/28/2011 9:12,18,7730.6,,,,,,,,
17740,389,11/15/2010 16:33,6,426.9,,,,,,,,
17741,406,10/29/2010 11:59,2,101.1,,,,,,,,
17742,113,8/18/2011 15:28,11,2098.5,,,,,,,,
17743,448,9/17/2010 14:54,1,229.2,,,,,,,,
17744,3,12/6/2011 12:11,7,2649.1,,,,,,,,
17745,477,8/19/2010 12:30,2,600.3,,,,,,,,
17746,240,4/13/2011 14:31,4,904.2,,,,,,,,
17747,112,8/19/2011 8:13,1,71.4,,,,,,,,
17748,527,6/30/2010 13:49,1,358.2,,,,,,,,
17749,178,6/14/2011 15:45,3,1026.2,,,,,,,,
17750,5,12/4/2011 14:09,9,1682.4,,,,,,,,
17751,421,10/14/2010 13:57,1,152.9,,,,,,,,
17752,359,12/15/2010 16:19,1,80.6,,,,,,,,
17753,464,9/1/2010 15:49,4,352,,,,,,,,
17754,0,12/9/2011 11:20,13,4380.8,,,,,,,,
17756,375,11/29/2010 12:20,3,715.2,,,,,,,,
17757,1,12/8/2011 15:31,56,9008.5,,,,,,,,
17758,19,11/20/2011 14:45,12,4914.7,,,,,,,,
17759,17,11/22/2011 16:02,5,1195.9,,,,,,,,
17760,21,11/18/2011 10:56,6,746.4,,,,,,,,
17761,32,11/7/2011 10:23,1,712.8,,,,,,,,
17762,456,9/9/2010 17:40,1,126,,,,,,,,
17763,263,3/21/2011 14:25,4,86.2,,,,,,,,
17764,50,10/20/2011 11:03,5,1500.9,,,,,,,,
17765,158,7/4/2011 12:41,4,479.8,,,,,,,,
17766,381,11/23/2010 14:29,2,296.2,,,,,,,,
17767,15,11/24/2011 14:42,2,413.1,,,,,,,,
17768,8,12/1/2011 13:22,7,3044.7,,,,,,,,
17769,12,11/27/2011 11:18,17,6969.4,,,,,,,,
17770,198,5/25/2011 12:34,5,1143.3,,,,,,,,
17771,56,10/14/2011 11:43,4,382.8,,,,,,,,
17772,10,11/29/2011 11:05,3,353.3,,,,,,,,
17773,514,7/13/2010 14:07,2,481.7,,,,,,,,
17774,96,9/4/2011 12:49,9,3236.8,,,,,,,,
17775,254,3/30/2011 10:50,1,56.4,,,,,,,,
17776,386,11/18/2010 12:14,2,322.6,,,,,,,,
17777,24,11/15/2011 12:02,3,630.6,,,,,,,,
17778,661,2/16/2010 12:44,1,197.7,,,,,,,,
17779,21,11/18/2011 14:15,3,647.9,,,,,,,,
17780,667,2/10/2010 13:43,3,334.7,,,,,,,,
17781,159,7/3/2011 16:00,2,188,,,,,,,,
17782,382,11/22/2010 11:15,2,679,,,,,,,,
17783,72,9/28/2011 16:07,3,377,,,,,,,,
17784,550,6/7/2010 16:08,1,95.5,,,,,,,,
17785,53,10/17/2011 13:43,3,403.4,,,,,,,,
17786,85,9/15/2011 12:51,2,254.7,,,,,,,,
17787,152,7/10/2011 11:24,4,1790.5,,,,,,,,
17788,73,9/27/2011 10:09,2,1117.9,,,,,,,,
17789,281,3/3/2011 13:14,2,388.5,,,,,,,,
17790,26,11/13/2011 11:30,20,2744.3,,,,,,,,
17791,29,11/10/2011 12:09,1,106.1,,,,,,,,
17792,467,8/29/2010 14:30,2,366.3,,,,,,,,
17793,25,11/14/2011 14:24,1,290.3,,,,,,,,
17794,686,1/22/2010 10:18,2,147.3,,,,,,,,
17795,179,6/13/2011 12:36,2,337.6,,,,,,,,
17796,40,10/30/2011 15:38,7,1229.3,,,,,,,,
17797,22,11/17/2011 13:21,8,1936.3,,,,,,,,
17798,581,5/7/2010 11:42,1,153.8,,,,,,,,
17799,22,11/17/2011 15:16,20,6058.4,,,,,,,,
17800,37,11/2/2011 12:57,9,1174.7,,,,,,,,
17801,451,9/14/2010 14:32,3,754.1,,,,,,,,
17802,82,9/18/2011 14:56,10,4897.6,,,,,,,,
17803,392,11/12/2010 13:53,1,184.7,,,,,,,,
17804,376,11/28/2010 14:01,3,381.8,,,,,,,,
17805,73,9/27/2011 11:49,2,927,,,,,,,,
17806,11,11/28/2011 14:12,1,546,,,,,,,,
17807,395,11/9/2010 16:21,3,437.9,,,,,,,,
17808,548,6/9/2010 10:44,4,262.6,,,,,,,,
17809,16,11/23/2011 12:59,20,10085.9,,,,,,,,
17810,668,2/9/2010 10:47,2,354.5,,,,,,,,
17811,4,12/5/2011 13:46,47,9337.3,,,,,,,,
17812,12,11/27/2011 11:47,7,846.6,,,,,,,,
17813,14,11/25/2011 16:13,5,1659.4,,,,,,,,
17814,375,11/29/2010 14:21,2,1481.9,,,,,,,,
17815,393,11/11/2010 14:39,1,592,,,,,,,,
17816,36,11/3/2011 11:34,6,96.1,,,,,,,,
17817,4,12/5/2011 14:39,6,745.8,,,,,,,,
17818,737,12/2/2009 11:34,1,124.8,,,,,,,,
17819,71,9/29/2011 10:52,12,6021.1,,,,,,,,
17820,374,11/30/2010 17:43,1,172.6,,,,,,,,
17821,406,10/29/2010 13:20,1,334.6,,,,,,,,
17822,420,10/15/2010 13:47,5,2111.8,,,,,,,,
17823,421,10/14/2010 16:24,2,433.5,,,,,,,,
17824,51,10/19/2011 14:14,1,298.4,,,,,,,,
17825,598,4/20/2010 12:01,4,672,,,,,,,,
17826,374,11/30/2010 13:23,1,133.3,,,,,,,,
17827,5,12/4/2011 15:00,6,2353,,,,,,,,
17828,22,11/17/2011 8:41,4,1820.1,,,,,,,,
17829,298,2/14/2011 12:46,5,4756.7,,,,,,,,
17830,1,12/8/2011 12:28,3,398.7,,,,,,,,
17831,33,11/6/2011 15:09,1,35.4,,,,,,,,
17832,49,10/21/2011 11:43,1,155.4,,,,,,,,
17833,723,12/16/2009 13:40,1,319.9,,,,,,,,
17834,414,10/21/2010 12:09,2,685.9,,,,,,,,
17835,2,12/7/2011 11:48,3,342.2,,,,,,,,
17836,47,10/23/2011 16:13,1,102.7,,,,,,,,
17837,42,10/28/2011 16:13,8,1518.8,,,,,,,,
17838,26,11/13/2011 11:20,13,5534.6,,,,,,,,
17839,42,10/28/2011 17:27,1,295.4,,,,,,,,
17840,443,9/22/2010 12:24,1,158.7,,,,,,,,
17841,1,12/8/2011 12:07,211,67198.6,,,,,,,,
17842,602,4/16/2010 14:23,1,430.7,,,,,,,,
17843,303,2/9/2011 15:33,2,303.3,,,,,,,,
17844,106,8/25/2011 11:27,1,51.6,,,,,,,,
17845,555,6/2/2010 15:20,4,596.1,,,,,,,,
17846,85,9/15/2011 15:20,1,2033.1,,,,,,,,
17847,515,7/12/2010 10:00,2,129.7,,,,,,,,
17848,81,9/19/2011 16:49,30,3420.5,,,,,,,,
17849,218,5/5/2011 13:46,8,1063.8,,,,,,,,
17850,372,12/2/2010 15:27,155,51208.9,,,,,,,,
17851,422,10/13/2010 15:13,6,1510.6,,,,,,,,
17852,11,11/28/2011 12:36,5,636.6,,,,,,,,
17853,407,10/28/2010 15:29,3,1570.9,,,,,,,,
17854,185,6/7/2011 16:21,6,1051.6,,,,,,,,
17855,372,12/2/2010 9:44,1,209,,,,,,,,
17856,1,12/8/2011 9:40,4,1418,,,,,,,,
17857,4,12/5/2011 13:13,24,27347,,,,,,,,
17858,5,12/4/2011 11:56,30,12494.7,,,,,,,,
17859,304,2/8/2011 10:32,1,141.9,,,,,,,,
17860,368,12/6/2010 12:41,4,691.8,,,,,,,,
17861,3,12/6/2011 16:21,18,4996.8,,,,,,,,
17862,323,1/20/2011 12:23,4,1224.8,,,,,,,,
17863,59,10/11/2011 13:45,12,5360.5,,,,,,,,
17864,12,11/27/2011 11:15,5,819.5,,,,,,,,
17865,30,11/9/2011 12:08,46,26168.9,,,,,,,,
17866,142,7/20/2011 11:07,3,1135,,,,,,,,
17867,30,11/9/2011 14:15,15,1531,,,,,,,,
17868,386,11/18/2010 18:55,1,227.2,,,,,,,,
17869,107,8/24/2011 16:16,7,807.7,,,,,,,,
17870,2,12/7/2011 15:07,13,2672.9,,,,,,,,
17871,204,5/19/2011 11:32,5,1011.5,,,,,,,,
17872,381,11/23/2010 12:02,1,235.9,,,,,,,,
17873,80,9/20/2011 16:41,18,6186.4,,,,,,,,
17874,185,6/7/2011 12:54,6,683.5,,,,,,,,
17875,688,1/20/2010 15:30,1,163.8,,,,,,,,
17876,399,11/5/2010 10:52,3,3424,,,,,,,,
17877,170,6/22/2011 13:00,1,237.6,,,,,,,,
17878,43,10/27/2011 11:24,3,1378.9,,,,,,,,
17879,173,6/19/2011 12:36,1,178.5,,,,,,,,
17880,364,12/10/2010 10:21,3,824.9,,,,,,,,
17881,304,2/8/2011 17:16,1,133.4,,,,,,,,
17882,379,11/25/2010 14:40,2,284.1,,,,,,,,
17883,3,12/6/2011 17:49,7,945.8,,,,,,,,
17884,3,12/6/2011 11:33,20,2601.5,,,,,,,,
17885,12,11/27/2011 14:40,1,152.5,,,,,,,,
17886,31,11/8/2011 10:09,6,1552.8,,,,,,,,
17887,129,8/2/2011 17:29,1,111.4,,,,,,,,
17888,21,11/18/2011 13:45,25,1754.3,,,,,,,,
17889,212,5/11/2011 16:26,7,715.7,,,,,,,,
17890,322,1/21/2011 11:19,2,584.8,,,,,,,,
17891,162,6/30/2011 20:08,1,203.9,,,,,,,,
17892,56,10/14/2011 16:49,3,244.1,,,,,,,,
17893,225,4/28/2011 13:50,1,107.2,,,,,,,,
17894,71,9/29/2011 9:23,18,2270.7,,,,,,,,
17895,44,10/26/2011 17:00,1,95.5,,,,,,,,
17896,23,11/16/2011 13:59,1,256.3,,,,,,,,
17897,172,6/20/2011 11:23,9,2047.8,,,,,,,,
17898,85,9/15/2011 14:56,4,299.2,,,,,,,,
17899,159,7/3/2011 14:58,1,148.4,,,,,,,,
17900,190,6/2/2011 14:38,2,112.2,,,,,,,,
17901,29,11/10/2011 17:29,3,260.1,,,,,,,,
17902,546,6/11/2010 12:25,1,216.4,,,,,,,,
17903,394,11/10/2010 15:39,1,378.6,,,,,,,,
17904,21,11/18/2011 12:57,1,178.6,,,,,,,,
17905,71,9/29/2011 17:33,13,2073.5,,,,,,,,
17906,247,4/6/2011 17:25,1,72.9,,,,,,,,
17907,640,3/9/2010 12:33,1,291.8,,,,,,,,
17908,373,12/1/2010 11:45,5,1060.7,,,,,,,,
17909,737,12/2/2009 13:10,1,110.1,,,,,,,,
17910,726,12/13/2009 16:04,1,253.2,,,,,,,,
17911,9,11/30/2011 14:52,1,366.2,,,,,,,,
17912,310,2/2/2011 14:25,6,372.9,,,,,,,,
17913,58,10/12/2011 10:45,14,3259.6,,,,,,,,
17914,3,12/6/2011 11:58,1,316.1,,,,,,,,
17915,551,6/6/2010 13:22,1,186.9,,,,,,,,
17916,628,3/21/2010 12:26,2,43.9,,,,,,,,
17917,45,10/25/2011 13:20,3,320.9,,,,,,,,
17918,500,7/27/2010 11:51,3,396.4,,,,,,,,
17919,88,9/12/2011 13:41,2,1840.3,,,,,,,,
17920,4,12/5/2011 14:29,54,23173.3,,,,,,,,
17921,64,10/6/2011 18:56,10,2362.2,,,,,,,,
17922,543,6/14/2010 16:32,1,170.4,,,,,,,,
17923,282,3/2/2011 15:15,3,497,,,,,,,,
17924,11,11/28/2011 9:11,8,3257.7,,,,,,,,
17925,372,12/2/2010 10:10,1,244.1,,,,,,,,
17926,133,7/29/2011 14:39,5,1035.5,,,,,,,,
17927,721,12/18/2009 11:03,1,294,,,,,,,,
17928,45,10/25/2011 13:52,3,341.2,,,,,,,,
17929,11,11/28/2011 16:01,12,3082.1,,,,,,,,
17930,35,11/4/2011 10:23,13,4275.2,,,,,,,,
17931,134,7/28/2011 18:33,14,3338.1,,,,,,,,
17932,29,11/10/2011 19:49,3,1331.6,,,,,,,,
17933,632,3/17/2010 15:11,1,101,,,,,,,,
17934,51,10/19/2011 11:16,3,1049.2,,,,,,,,
17935,138,7/24/2011 13:18,7,685.6,,,,,,,,
17936,5,12/4/2011 13:32,1,351.9,,,,,,,,
17937,8,12/1/2011 11:45,7,4301.2,,,,,,,,
17938,420,10/15/2010 14:27,1,144.3,,,,,,,,
17939,159,7/3/2011 12:27,1,99.1,,,,,,,,
17940,49,10/21/2011 13:27,16,30306.8,,,,,,,,
17941,130,8/1/2011 8:30,4,1433.3,,,,,,,,
17942,7,12/2/2011 10:45,1,77.5,,,,,,,,
17944,423,10/12/2010 16:25,1,74.1,,,,,,,,
17945,696,1/12/2010 11:40,3,359.1,,,,,,,,
17946,233,4/20/2011 17:00,2,140.7,,,,,,,,
17947,37,11/2/2011 13:05,1,176.7,,,,,,,,
17948,147,7/15/2011 12:58,1,358.6,,,,,,,,
17949,1,12/8/2011 18:46,118,116150.1,,,,,,,,
17950,72,9/28/2011 15:18,7,1099,,,,,,,,
17951,39,10/31/2011 12:30,4,1340.6,,,,,,,,
17952,378,11/26/2010 13:54,4,777.1,,,,,,,,
17953,540,6/17/2010 15:08,1,159.2,,,,,,,,
17954,5,12/4/2011 14:15,19,3784.6,,,,,,,,
17955,198,5/25/2011 12:00,6,949.9,,,,,,,,
17956,249,4/4/2011 13:47,1,12.8,,,,,,,,
17957,66,10/4/2011 14:58,1,111.7,,,,,,,,
17958,116,8/15/2011 12:19,2,973.9,,,,,,,,
17959,592,4/26/2010 14:12,1,140.8,,,,,,,,
17960,171,6/21/2011 14:15,3,135.1,,,,,,,,
17961,21,11/18/2011 16:55,100,2857.1,,,,,,,,
17962,142,7/20/2011 14:16,4,648.6,,,,,,,,
17963,471,8/25/2010 15:58,4,629,,,,,,,,
17964,31,11/8/2011 10:44,2,423.3,,,,,,,,
17965,37,11/2/2011 9:31,29,6984.4,,,,,,,,
17966,37,11/2/2011 10:26,10,1963.9,,,,,,,,
17967,371,12/3/2010 11:19,2,219.1,,,,,,,,
17968,373,12/1/2010 12:23,4,559.8,,,,,,,,
17969,166,6/26/2011 13:00,20,2322.5,,,,,,,,
17970,211,5/12/2011 20:03,1,534.6,,,,,,,,
17971,548,6/9/2010 14:04,1,161.9,,,,,,,,
17972,241,4/12/2011 12:16,1,135.2,,,,,,,,
17973,51,10/19/2011 10:34,1,337,,,,,,,,
17974,24,11/15/2011 11:37,6,1562,,,,,,,,
17975,15,11/24/2011 13:27,24,6663.9,,,,,,,,
17976,372,12/2/2010 13:49,1,313.3,,,,,,,,
17977,29,11/10/2011 13:28,2,1489.8,,,,,,,,
17978,365,12/9/2010 14:05,4,1158,,,,,,,,
17979,35,11/4/2011 12:05,4,643.1,,,,,,,,
17980,165,6/27/2011 12:01,4,989.2,,,,,,,,
17981,410,10/25/2010 10:40,1,239.1,,,,,,,,
17982,680,1/28/2010 9:38,1,138.2,,,,,,,,
17983,395,11/9/2010 13:24,1,171.7,,,,,,,,
17984,145,7/17/2011 15:59,5,1057.7,,,,,,,,
17985,22,11/17/2011 14:24,1,622.4,,,,,,,,
17986,56,10/14/2011 14:22,1,20.8,,,,,,,,
17987,185,6/7/2011 14:22,5,867.5,,,,,,,,
17988,11,11/28/2011 11:00,14,489.5,,,,,,,,
17989,379,11/25/2010 13:49,1,200.3,,,,,,,,
17990,236,4/17/2011 11:44,6,1527.6,,,,,,,,
17991,225,4/28/2011 15:58,3,300.3,,,,,,,,
17992,389,11/15/2010 13:04,1,223.9,,,,,,,,
17993,617,4/1/2010 14:23,1,226,,,,,,,,
17994,121,8/10/2011 11:41,11,2264.2,,,,,,,,
17995,281,3/3/2011 12:30,3,495.5,,,,,,,,
17996,379,11/25/2010 11:00,3,474,,,,,,,,
17997,74,9/26/2011 16:13,8,1960.1,,,,,,,,
17998,380,11/24/2010 15:31,3,639.2,,,,,,,,
17999,37,11/2/2011 15:56,3,512.9,,,,,,,,
18000,564,5/24/2010 17:34,1,124.3,,,,,,,,
18001,12,11/27/2011 16:02,6,890.1,,,,,,,,
18002,375,11/29/2010 10:57,4,244.4,,,,,,,,
18003,376,11/28/2010 15:09,1,353.5,,,,,,,,
18004,362,12/12/2010 13:47,1,139.5,,,,,,,,
18005,3,12/6/2011 11:51,2,222.7,,,,,,,,
18006,23,11/16/2011 16:52,4,949.1,,,,,,,,
18007,392,11/12/2010 11:08,1,193.1,,,,,,,,
18008,70,9/30/2011 15:17,23,19687,,,,,,,,
18009,235,4/18/2011 13:36,8,2135.8,,,,,,,,
18010,256,3/28/2011 12:27,1,174.8,,,,,,,,
18011,373,12/1/2010 17:35,2,410.8,,,,,,,,
18012,723,12/16/2009 13:16,1,115.3,,,,,,,,
18013,155,7/7/2011 14:11,2,187.3,,,,,,,,
18014,28,11/11/2011 15:28,1,159.7,,,,,,,,
18015,4,12/5/2011 14:49,1,120,,,,,,,,
18016,32,11/7/2011 13:25,7,1954.6,,,,,,,,
18017,81,9/19/2011 16:15,4,688,,,,,,,,
18018,108,8/23/2011 17:37,4,296.4,,,,,,,,
18019,51,10/19/2011 12:10,1,38.5,,,,,,,,
18020,543,6/14/2010 12:31,1,190.5,,,,,,,,
18021,509,7/18/2010 10:52,2,216.4,,,,,,,,
18022,35,11/4/2011 12:45,5,1298.2,,,,,,,,
18024,152,7/10/2011 12:40,2,389.8,,,,,,,,
18025,379,11/25/2010 12:37,6,1172.6,,,,,,,,
18026,500,7/27/2010 10:37,2,1877.5,,,,,,,,
18027,98,9/2/2011 10:38,1,115.3,,,,,,,,
18028,583,5/5/2010 13:28,1,192.1,,,,,,,,
18029,642,3/7/2010 15:30,1,433.8,,,,,,,,
18030,4,12/5/2011 16:37,2,230.7,,,,,,,,
18031,378,11/26/2010 11:00,1,398,,,,,,,,
18032,334,1/9/2011 15:32,1,73.5,,,,,,,,
18033,65,10/5/2011 17:28,1,92.2,,,,,,,,
18034,21,11/18/2011 12:22,3,699.8,,,,,,,,
18035,35,11/4/2011 12:39,5,1184.7,,,,,,,,
18036,32,11/7/2011 14:40,11,1526,,,,,,,,
18037,154,7/8/2011 13:39,15,167.4,,,,,,,,
18038,556,6/1/2010 15:59,1,138.2,,,,,,,,
18039,374,11/30/2010 13:07,4,540.1,,,,,,,,
18040,19,11/20/2011 14:20,2,357.2,,,,,,,,
18041,11,11/28/2011 11:39,38,7894.5,,,,,,,,
18042,53,10/17/2011 11:49,2,281.2,,,,,,,,
18043,24,11/15/2011 12:48,3,511.1,,,,,,,,
18044,4,12/5/2011 14:26,18,3505.6,,,,,,,,
18045,45,10/25/2011 13:07,1,178.3,,,,,,,,
18046,649,2/28/2010 11:36,1,189.6,,,,,,,,
18047,381,11/23/2010 13:11,2,304.9,,,,,,,,
18048,203,5/20/2011 14:58,3,389,,,,,,,,
18049,437,9/28/2010 14:26,2,490.6,,,,,,,,
18050,359,12/15/2010 14:25,2,412.1,,,,,,,,
18051,634,3/15/2010 13:58,7,2282.3,,,,,,,,
18052,564,5/24/2010 11:11,1,10877.2,,,,,,,,
18053,70,9/30/2011 9:05,3,571.1,,,,,,,,
18054,392,11/12/2010 8:18,1,176.5,,,,,,,,
18055,7,12/2/2011 14:25,14,10081.6,,,,,,,,
18056,288,2/24/2011 14:27,2,554.6,,,,,,,,
18057,393,11/11/2010 16:55,3,1136.6,,,,,,,,
18058,9,11/30/2011 8:38,3,774.1,,,,,,,,
18059,23,11/16/2011 16:49,3,306.5,,,,,,,,
18060,408,10/27/2010 16:41,2,1185.5,,,,,,,,
18061,21,11/18/2011 11:20,28,6083.8,,,,,,,,
18062,173,6/19/2011 14:47,6,1632.7,,,,,,,,
18063,390,11/14/2010 10:46,2,186.6,,,,,,,,
18064,133,7/29/2011 16:39,11,4423.3,,,,,,,,
18065,5,12/4/2011 10:30,29,5866.6,,,,,,,,
18066,75,9/25/2011 15:30,3,1440.4,,,,,,,,
18067,40,10/30/2011 15:58,1,375.9,,,,,,,,
18068,289,2/23/2011 14:50,1,101.7,,,,,,,,
18069,26,11/13/2011 16:03,11,4406.7,,,,,,,,
18070,669,2/8/2010 13:28,1,314.1,,,,,,,,
18071,257,3/27/2011 11:59,6,1169.7,,,,,,,,
18072,185,6/7/2011 10:44,1,247.4,,,,,,,,
18073,114,8/17/2011 14:02,12,3707.2,,,,,,,,
18074,373,12/1/2010 9:53,2,1019.4,,,,,,,,
18075,23,11/16/2011 15:21,20,5783.3,,,,,,,,
18076,380,11/24/2010 14:02,1,151.5,,,,,,,,
18077,8,12/1/2011 13:32,18,4048,,,,,,,,
18078,217,5/6/2011 14:32,4,720.4,,,,,,,,
18079,45,10/25/2011 15:27,5,4071.2,,,,,,,,
18080,18,11/21/2011 8:02,2,1231.5,,,,,,,,
18081,36,11/3/2011 16:30,3,343.5,,,,,,,,
18082,25,11/14/2011 12:45,1,606.5,,,,,,,,
18083,397,11/7/2010 11:44,1,415.2,,,,,,,,
18084,16,11/23/2011 13:57,3,795.2,,,,,,,,
18085,330,1/13/2011 15:17,4,1341.9,,,,,,,,
18086,274,3/10/2011 13:34,1,101.3,,,,,,,,
18087,98,9/2/2011 15:12,17,14761.5,,,,,,,,
18088,61,10/9/2011 13:41,1,164.2,,,,,,,,
18089,446,9/19/2010 11:57,1,398.6,,,,,,,,
18090,421,10/14/2010 12:32,1,294.1,,,,,,,,
18091,593,4/25/2010 13:18,1,360.9,,,,,,,,
18092,2,12/7/2011 13:14,18,14693.7,,,,,,,,
18093,93,9/7/2011 15:43,8,4452.7,,,,,,,,
18094,81,9/19/2011 9:28,13,6391.5,,,,,,,,
18095,312,1/31/2011 12:50,5,2303.1,,,,,,,,
18096,11,11/28/2011 12:44,6,1467,,,,,,,,
18097,7,12/2/2011 11:16,11,4627.9,,,,,,,,
18098,396,11/8/2010 16:31,1,522.9,,,,,,,,
18099,127,8/4/2011 15:52,1,168.3,,,,,,,,
18100,550,6/7/2010 14:19,1,451.6,,,,,,,,
18101,11,11/28/2011 13:37,5,614.5,,,,,,,,
18102,0,12/9/2011 11:50,145,580987,,,,,,,,
18103,549,6/8/2010 13:36,1,105.8,,,,,,,,
18104,37,11/2/2011 14:07,1,754.6,,,,,,,,
18105,37,11/2/2011 12:04,1,113.5,,,,,,,,
18106,329,1/14/2011 12:23,6,1353.8,,,,,,,,
18107,442,9/23/2010 13:03,1,165.9,,,,,,,,
18108,254,3/30/2011 13:56,3,848.8,,,,,,,,
18109,1,12/8/2011 11:36,38,9464.8,,,,,,,,
18110,19,11/20/2011 12:34,2,316.4,,,,,,,,
18111,589,4/29/2010 12:58,1,405.9,,,,,,,,
18112,12,11/27/2011 14:43,4,770.9,,,,,,,,
18113,368,12/6/2010 12:31,1,76.3,,,,,,,,
18114,290,2/22/2011 13:20,1,220.1,,,,,,,,
18115,697,1/11/2010 11:57,1,9.7,,,,,,,,
18116,67,10/3/2011 11:00,13,2129.1,,,,,,,,
18117,25,11/14/2011 12:47,1,299.5,,,,,,,,
18118,10,11/29/2011 11:32,29,6166,,,,,,,,
18119,367,12/7/2010 11:59,1,180.7,,,,,,,,
18120,214,5/9/2011 13:45,1,111.2,,,,,,,,
18121,149,7/13/2011 12:53,2,645.8,,,,,,,,
18122,8,12/1/2011 13:08,6,1702.6,,,,,,,,
18123,24,11/15/2011 14:23,3,666.6,,,,,,,,
18124,472,8/24/2010 17:21,1,102.7,,,,,,,,
18125,29,11/10/2011 12:29,4,1119.5,,,,,,,,
18126,60,10/10/2011 12:19,1,200.9,,,,,,,,
18127,19,11/20/2011 14:05,4,549,,,,,,,,
18128,537,6/20/2010 13:19,1,399.3,,,,,,,,
18129,243,4/10/2011 14:16,1,103.7,,,,,,,,
18130,15,11/24/2011 14:40,3,1059.4,,,,,,,,
18131,631,3/18/2010 8:48,1,223,,,,,,,,
18132,504,7/23/2010 16:54,1,218.6,,,,,,,,
18133,212,5/11/2011 14:14,1,931.5,,,,,,,,
18134,598,4/20/2010 14:02,2,445,,,,,,,,
18135,29,11/10/2011 19:32,10,1248,,,,,,,,
18136,63,10/7/2011 15:40,5,1631.4,,,,,,,,
18137,551,6/6/2010 14:18,2,138.1,,,,,,,,
18138,295,2/17/2011 14:51,1,152.7,,,,,,,,
18139,17,11/22/2011 10:44,6,8438.3,,,,,,,,
18140,473,8/23/2010 11:58,1,526.8,,,,,,,,
18141,401,11/3/2010 11:44,2,882.5,,,,,,,,
18142,157,7/5/2011 13:19,2,1019.5,,,,,,,,
18143,116,8/15/2011 12:07,2,1000.2,,,,,,,,
18144,7,12/2/2011 12:46,19,4893,,,,,,,,
18145,12,11/27/2011 11:22,11,5588.6,,,,,,,,
18146,140,7/22/2011 12:08,2,160.4,,,,,,,,
18147,45,10/25/2011 11:46,2,179.3,,,,,,,,
18148,646,3/3/2010 11:40,1,110.3,,,,,,,,
18149,50,10/20/2011 12:04,7,1533.3,,,,,,,,
18150,32,11/7/2011 16:49,3,566.6,,,,,,,,
18151,134,7/28/2011 11:35,6,1879.4,,,,,,,,
18152,646,3/3/2010 15:26,1,426.7,,,,,,,,
18153,659,2/18/2010 15:50,1,246.2,,,,,,,,
18154,3,12/6/2011 16:41,5,932.6,,,,,,,,
18155,75,9/25/2011 13:32,3,371.6,,,,,,,,
18156,12,11/27/2011 12:24,2,651.9,,,,,,,,
18157,571,5/17/2010 14:09,1,213.9,,,,,,,,
18158,9,11/30/2011 16:19,2,453.4,,,,,,,,
18159,301,2/11/2011 14:26,1,530.2,,,,,,,,
18160,57,10/13/2011 15:50,3,1003.9,,,,,,,,
18161,15,11/24/2011 16:40,6,1803.1,,,,,,,,
18162,732,12/7/2009 13:24,1,370.3,,,,,,,,
18163,584,5/4/2010 14:51,1,728.8,,,,,,,,
18164,37,11/2/2011 12:56,1,399.7,,,,,,,,
18165,177,6/15/2011 13:23,1,302.5,,,,,,,,
18166,623,3/26/2010 12:26,1,175.5,,,,,,,,
18167,23,11/16/2011 15:56,3,1384.9,,,,,,,,
18168,176,6/16/2011 19:21,16,3340.8,,,,,,,,
18169,60,10/10/2011 12:18,1,202.7,,,,,,,,
18170,33,11/6/2011 14:35,9,2878,,,,,,,,
18171,58,10/12/2011 9:13,9,2437.3,,,,,,,,
18172,14,11/25/2011 11:12,52,17467.2,,,,,,,,
18173,86,9/14/2011 11:26,5,2696.4,,,,,,,,
18174,7,12/2/2011 16:56,2,162.5,,,,,,,,
18175,675,2/2/2010 10:25,1,176.1,,,,,,,,
18176,358,12/16/2010 15:45,1,476.4,,,,,,,,
18177,31,11/8/2011 14:44,9,2216.3,,,,,,,,
18178,128,8/3/2011 9:30,11,6103.7,,,,,,,,
18179,9,11/30/2011 16:23,8,2547.6,,,,,,,,
18180,4,12/5/2011 8:39,6,1843.8,,,,,,,,
18181,24,11/15/2011 15:08,5,1161.9,,,,,,,,
18182,463,9/2/2010 14:25,1,291.1,,,,,,,,
18183,227,4/26/2011 15:26,2,632.1,,,,,,,,
18184,15,11/24/2011 15:28,1,49.8,,,,,,,,
18185,249,4/4/2011 13:42,1,304.3,,,,,,,,
18186,722,12/17/2009 10:22,1,329.6,,,,,,,,
18187,631,3/18/2010 9:49,1,724.9,,,,,,,,
18188,15,11/24/2011 16:46,6,3280.6,,,,,,,,
18189,77,9/23/2011 12:40,3,1403.7,,,,,,,,
18190,192,5/31/2011 14:48,5,745.6,,,,,,,,
18191,261,3/23/2011 12:08,2,529.4,,,,,,,,
18192,71,9/29/2011 9:53,1,958,,,,,,,,
18193,165,6/27/2011 13:58,3,1207.4,,,,,,,,
18194,82,9/18/2011 13:29,6,4162,,,,,,,,
18195,387,11/17/2010 15:03,1,101.2,,,,,,,,
18196,95,9/5/2011 16:22,4,1426.8,,,,,,,,
18197,575,5/13/2010 10:46,1,230.1,,,,,,,,
18198,4,12/5/2011 14:49,17,5395.9,,,,,,,,
18199,683,1/25/2010 11:32,1,344.8,,,,,,,,
18200,106,8/25/2011 18:45,1,148.7,,,,,,,,
18201,722,12/17/2009 8:55,1,447.5,,,,,,,,
18202,199,5/24/2011 12:12,3,1397,,,,,,,,
18203,157,7/5/2011 13:07,4,492.5,,,,,,,,
18204,71,9/29/2011 16:44,3,1887.5,,,,,,,,
18205,36,11/3/2011 13:22,2,517.4,,,,,,,,
18206,553,6/4/2010 13:47,1,314.7,,,,,,,,
18207,499,7/28/2010 14:26,1,544.5,,,,,,,,
18208,565,5/23/2010 11:54,1,360.1,,,,,,,,
18209,28,11/11/2011 12:07,1,139.1,,,,,,,,
18210,1,12/8/2011 11:02,7,2768.8,,,,,,,,
18211,25,11/14/2011 8:10,5,600.1,,,,,,,,
18212,326,1/17/2011 16:14,2,507.2,,,,,,,,
18213,236,4/17/2011 10:21,1,232.5,,,,,,,,
18214,530,6/27/2010 11:21,4,1761.3,,,,,,,,
18215,89,9/11/2011 16:05,5,2232.5,,,,,,,,
18216,31,11/8/2011 16:55,1,481.8,,,,,,,,
18217,29,11/10/2011 13:18,4,945,,,,,,,,
18218,211,5/12/2011 12:53,4,1121.8,,,,,,,,
18219,2,12/7/2011 11:43,17,3352.7,,,,,,,,
18220,226,4/27/2011 9:03,6,1921.8,,,,,,,,
18221,22,11/17/2011 14:40,6,1424.9,,,,,,,,
18222,92,9/8/2011 10:45,1,443,,,,,,,,
18223,4,12/5/2011 9:11,26,14000.9,,,,,,,,
18224,263,3/21/2011 10:30,1,159,,,,,,,,
18225,3,12/6/2011 13:27,26,12983.8,,,,,,,,
18226,44,10/26/2011 13:36,26,11878.9,,,,,,,,
18227,217,5/6/2011 12:23,2,388.8,,,,,,,,
18228,56,10/14/2011 9:21,2,779.9,,,,,,,,
18229,11,11/28/2011 9:48,28,10150.5,,,,,,,,
18230,9,11/30/2011 13:22,9,4291.1,,,,,,,,
18231,192,5/31/2011 14:18,28,6659.1,,,,,,,,
18232,81,9/19/2011 11:49,4,593,,,,,,,,
18233,325,1/18/2011 8:44,1,440,,,,,,,,
18234,551,6/6/2010 11:22,1,179.6,,,,,,,,
18235,71,9/29/2011 8:27,3,1796.5,,,,,,,,
18236,29,11/10/2011 8:06,12,1795.4,,,,,,,,
18237,2,12/7/2011 12:49,5,987.1,,,,,,,,
18238,515,7/12/2010 12:51,1,270.9,,,,,,,,
18239,218,5/5/2011 12:38,6,1712.3,,,,,,,,
18240,46,10/24/2011 13:06,1,422.6,,,,,,,,
18241,9,11/30/2011 12:10,21,2987,,,,,,,,
18242,72,9/28/2011 13:43,8,3605.2,,,,,,,,
18243,414,10/21/2010 14:29,1,515.8,,,,,,,,
18244,430,10/5/2010 11:15,2,568.6,,,,,,,,
18245,7,12/2/2011 14:48,20,6325,,,,,,,,
18246,23,11/16/2011 11:49,3,758.8,,,,,,,,
18247,414,10/21/2010 9:49,3,839.7,,,,,,,,
18248,122,8/9/2011 10:19,2,804,,,,,,,,
18249,17,11/22/2011 15:07,1,95.3,,,,,,,,
18250,310,2/2/2011 13:16,1,349.3,,,,,,,,
18251,87,9/13/2011 15:03,9,26278.9,,,,,,,,
18252,50,10/20/2011 12:43,7,1513.1,,,,,,,,
18253,642,3/7/2010 12:38,1,317.9,,,,,,,,
18254,581,5/7/2010 14:37,1,267.9,,,,,,,,
18255,89,9/11/2011 13:16,2,303.2,,,,,,,,
18256,387,11/17/2010 8:53,1,110.7,,,,,,,,
18257,39,10/31/2011 14:48,12,4589.7,,,,,,,,
18258,464,9/1/2010 14:20,6,2059.7,,,,,,,,
18259,24,11/15/2011 12:34,7,3941.9,,,,,,,,
18260,172,6/20/2011 12:37,23,9947.3,,,,,,,,
18261,43,10/27/2011 15:36,2,324.2,,,,,,,,
18262,140,7/22/2011 16:04,3,577.5,,,,,,,,
18263,25,11/14/2011 9:00,3,1213.2,,,,,,,,
18264,498,7/29/2010 10:02,1,603.3,,,,,,,,
18265,72,9/28/2011 14:10,2,801.5,,,,,,,,
18266,434,10/1/2010 15:33,1,251.1,,,,,,,,
18267,672,2/5/2010 8:43,1,269.4,,,,,,,,
18268,134,7/28/2011 19:13,6,1490.2,,,,,,,,
18269,366,12/8/2010 13:53,1,168.6,,,,,,,,
18270,38,11/1/2011 13:57,3,444.6,,,,,,,,
18271,609,4/9/2010 9:26,2,680.9,,,,,,,,
18272,2,12/7/2011 12:43,9,4386,,,,,,,,
18273,2,12/7/2011 13:16,4,357,,,,,,,,
18274,30,11/9/2011 17:03,1,175.9,,,,,,,,
18275,578,5/10/2010 15:46,2,741.9,,,,,,,,
18276,43,10/27/2011 10:54,6,1656.5,,,,,,,,
18277,58,10/12/2011 15:22,5,1180.1,,,,,,,,
18278,73,9/27/2011 11:58,2,414.2,,,,,,,,
18279,519,7/8/2010 14:48,1,231.3,,,,,,,,
18280,277,3/7/2011 9:52,2,488.2,,,,,,,,
18281,180,6/12/2011 10:53,2,201.1,,,,,,,,
18282,7,12/2/2011 11:43,2,178.1,,,,,,,,
18283,3,12/6/2011 12:02,22,2589.4,,,,,,,,
18284,431,10/4/2010 11:33,1,461.7,,,,,,,,
18285,660,2/17/2010 10:24,1,427,,,,,,,,
18286,476,8/20/2010 11:57,2,1296.4,,,,,,,,
18287,42,10/28/2011 9:29,7,4143.4,,,,,,,,
