"Data Source","World Development Indicators",

"Last Updated Date","2026-04-08",

"Country Name","Country Code","Indicator Name","Indicator Code","1960","1961","1962","1963","1964","1965","1966","1967","1968","1969","1970","1971","1972","1973","1974","1975","1976","1977","1978","1979","1980","1981","1982","1983","1984","1985","1986","1987","1988","1989","1990","1991","1992","1993","1994","1995","1996","1997","1998","1999","2000","2001","2002","2003","2004","2005","2006","2007","2008","2009","2010","2011","2012","2013","2014","2015","2016","2017","2018","2019","2020","2021","2022","2023","2024","2025",
"Aruba","ABW","Carbon dioxide (CO2) emissions from Transport (Energy) (Mt CO2e)","EN.GHG.CO2.TR.MT.CE.AR5","","","","","","","","","","","0.0018","0.0021","0.0019","0.0023","0.003","0.0043","0.005","0.0055","0.0062","0.0057","0.0087","0.0096","0.0106","0.0118","0.0136","0.0144","0.0163","0.0187","0.0201","0.0296","0.0613","0.0711","0.0799","0.0822","0.0943","0.1044","0.0692","0.1198","0.1249","0.1289","0.0996","0.0982","0.1027","0.1156","0.1167","0.1314","0.1459","0.1571","0.1601","0.1762","0.1793","0.1042","0.1319","0.1464","0.1602","0.1692","0.1748","0.169","0.1664","0.1883","0.1658","0.1727","0.1827","0.1851","0.1904","",
"Africa Eastern and Southern","AFE","Carbon dioxide (CO2) emissions from Transport (Energy) (Mt CO2e)","EN.GHG.CO2.TR.MT.CE.AR5","","","","","","","","","","","39.4885","39.4885","40.876","42.6196","40.1984","42.7828","40.574","39.4887","41.0652","36.8802","38.36","39.0435","38.5638","38.6682","40.1554","39.8548","40.1732","41.3905","44.5915","44.7066","47.255","46.3679","47.2868","46.2258","48.5874","53.1661","52.8939","54.7501","54.6492","56.1041","56.2544","58.6762","60.551","64.3917","68.7559","71.2468","75.0643","81.3454","83.2291","83.4224","87.9323","93.9714","98.6896","108.4062","108.3889","114.8105","116.6012","119.3298","122.598","123.8772","108.6282","122.9773","126.9431","127.844","126.023","",
"Afghanistan","AFG","Carbon dioxide (CO2) emissions from Transport (Energy) (Mt CO2e)","EN.GHG.CO2.TR.MT.CE.AR5","","","","","","","","","","","0.2424","0.2424","0.2643","0.252","0.2448","0.2839","0.2571","0.285","0.3025","0.3264","0.3321","0.3935","0.395","0.5466","0.5375","0.6901","0.5752","0.6735","0.6406","0.6052","0.9393","0.9112","0.5573","0.5542","0.5452","0.4363","0.4161","0.4019","0.3739","0.3632","0.2176","0.2222","0.1802","0.2491","0.2138","0.3562","0.4654","0.4996","1.3119","2.4245","3.3078","4.4503","3.902","2.6357","1.9478","2.4039","1.7291","2.8207","4.0595","4.1901","4.4436","4.5403","4.049","4.09","4.3071","",
"Africa Western and Central","AFW","Carbon dioxide (CO2) emissions from Transport (Energy) (Mt CO2e)","EN.GHG.CO2.TR.MT.CE.AR5","","","","","","","","","","","7.202","7.202","8.0192","8.8502","9.3004","10.7132","12.7923","16.1178","18.6609","18.6213","20.922","21.8925","23.0266","23.2643","21.7499","21.5043","21.1952","20.7546","22.5519","23.0426","20.4725","23.9985","27.8999","25.2579","22.1602","24.8279","28.0142","33.3234","30.1803","32.5246","34.5431","39.6594","42.1124","44.0797","45.7444","45.1389","41.5412","40.8885","46.7723","48.1206","55.2474","58.879","65.2114","76.5806","81.5032","79.7185","88.6815","88.6307","96.0947","101.8084","95.1009","106.3334","111.5267","107.9158","111.9837","",
"Angola","AGO","Carbon dioxide (CO2) emissions from Transport (Energy) (Mt CO2e)","EN.GHG.CO2.TR.MT.CE.AR5","","","","","","","","","","","1.0262","1.0262","1.7155","1.4475","1.3019","1.0984","1.107","0.6488","1.333","1.0552","0.9961","0.8719","0.8559","0.7771","0.7024","1.0394","1.0261","1.042","1.2429","1.304","1.0165","1.2574","1.187","1.2119","1.541","1.0709","0.988","1.0521","0.8342","1.1566","1.0745","1.2045","1.4808","2.7543","3.4525","2.4766","3.2932","3.8961","5.2039","5.7572","5.6836","6.2762","6.7414","7.6988","7.9394","7.983","7.9134","6.7212","6.9462","7.9339","3.8998","7.09","8.2998","8.5627","8.6863","",
"Albania","ALB","Carbon dioxide (CO2) emissions from Transport (Energy) (Mt CO2e)","EN.GHG.CO2.TR.MT.CE.AR5","","","","","","","","","","","0.726","0.726","0.7795","0.7871","0.8274","0.8584","1.0009","1.0351","1.1214","1.2618","1.4806","0.8215","0.8546","0.9336","1.3201","1.0792","1.0121","1.0457","1.1524","0.9572","0.7094","0.5367","0.4093","0.5073","0.6355","0.6275","0.6208","0.4928","0.7394","1.4057","1.4712","1.5466","1.7724","1.9221","2.3065","2.3811","1.9243","2.1045","2.2921","2.3135","2.2415","2.3554","2.2616","2.466","2.4786","2.45","2.302","2.3118","2.2073","2.1869","1.5325","1.7487","1.6681","1.5301","1.551","",
"Andorra","AND","Carbon dioxide (CO2) emissions from Transport (Energy) (Mt CO2e)","EN.GHG.CO2.TR.MT.CE.AR5","","","","","","","","","","","","","","","","","","","","","","","","","","","","","","","","","","","","","","","","","","","","","","","","","","","","","","","","","","","","","","","","","","",
"Arab World","ARB","Carbon dioxide (CO2) emissions from Transport (Energy) (Mt CO2e)","EN.GHG.CO2.TR.MT.CE.AR5","","","","","","","","","","","24.716","24.716","28.3552","31.1107","34.4995","37.9517","43.7134","51.397","63.5301","71.6879","79.8679","92.8571","104.0226","119.4567","127.186","133.3989","130.698","138.6551","146.5212","153.2379","154.8428","156.4441","170.2573","177.3435","184.7537","181.023","187.5739","191.2075","196.5559","200.2284","208.474","215.445","226.041","230.5076","243.6627","260.8085","276.2303","295.6429","316.7947","334.2506","352.4067","367.4747","396.969","405.0521","418.6408","422.853","433.3532","436.3504","435.888","433.3913","391.0152","425.209","443.8459","458.7707","474.2043","",
"United Arab Emirates","ARE","Carbon dioxide (CO2) emissions from Transport (Energy) (Mt CO2e)","EN.GHG.CO2.TR.MT.CE.AR5","","","","","","","","","","","0.4057","0.4057","0.5419","0.7705","1.0106","1.6505","2.1776","2.2896","2.5551","3.2988","6.9656","8.1889","9.0815","9.2836","9.8227","9.416","9.3851","10.1372","10.4773","10.8177","11.2891","11.6186","11.806","12.6036","12.4849","13.1051","13.2675","13.2036","13.1867","13.5698","14.8515","16.2836","18.7692","20.8637","21.0671","22.7475","23.924","24.5864","26.1621","28.7946","30.0559","30.0847","30.7616","34.6715","35.5773","30.881","34.6297","37.6607","37.6693","35.7784","30.7091","34.022","35.5882","36.898","38.4366","",
"Argentina","ARG","Carbon dioxide (CO2) emissions from Transport (Energy) (Mt CO2e)","EN.GHG.CO2.TR.MT.CE.AR5","","","","","","","","","","","23.6034","23.6034","24.9782","25.528","25.9163","24.4292","24.6264","26.0888","26.6111","28.6913","29.7014","29.4984","29.8857","30.0023","29.4353","27.22","28.255","28.9874","27.4774","27.5606","28.3437","29.9656","32.0013","34.2761","33.7871","35.2107","40.9995","40.9677","43.5938","40.9665","39.8377","36.6253","33.8385","34.558","37.1677","37.7144","40.5477","43.8822","45.8478","42.021","44.1992","45.6703","44.8214","47.736","44.0604","46.2782","45.2497","46.4311","47.7877","47.4694","37.3876","45.9441","50.9501","51.5207","47.8892","",
"Armenia","ARM","Carbon dioxide (CO2) emissions from Transport (Energy) (Mt CO2e)","EN.GHG.CO2.TR.MT.CE.AR5","","","","","","","","","","","0.9627","0.9627","1.0574","1.1486","1.2572","1.3841","1.4959","1.5236","1.5618","1.6214","1.7535","1.7592","1.7578","1.7288","1.7106","1.7132","1.8376","1.8866","1.9083","1.9607","2.9619","2.8967","1.8295","1.1892","0.1586","0.1128","0.061","0.064","0.0671","0.0701","0.5702","0.5672","0.5428","0.5854","0.6072","0.6716","0.665","1.059","1.2584","1.1427","1.263","1.2949","1.3008","1.2782","1.7057","1.6559","1.5801","1.6736","1.8011","2.0588","2.261","2.3661","2.3281","2.3112","2.2982","",
"American Samoa","ASM","Carbon dioxide (CO2) emissions from Transport (Energy) (Mt CO2e)","EN.GHG.CO2.TR.MT.CE.AR5","","","","","","","","","","","","","","","","","","","","","","","","","","","","","","","","","","","","","","","","","","","","","","","","","","","","","","","","","","","","","","","","","","",
"Antigua and Barbuda","ATG","Carbon dioxide (CO2) emissions from Transport (Energy) (Mt CO2e)","EN.GHG.CO2.TR.MT.CE.AR5","","","","","","","","","","","0.0074","0.0074","0.006","0.0066","0.0077","0.0101","0.0108","0.0112","0.0116","0.0101","0.0145","0.0134","0.0192","0.0119","0.0144","0.0145","0.0159","0.0212","0.0223","0.0243","0.0499","0.0516","0.0527","0.0527","0.058","0.061","0.0611","0.0673","0.0703","0.0725","0.0501","0.0478","0.0517","0.0551","0.0554","0.0586","0.0673","0.0735","0.0813","0.0951","0.1037","0.0761","0.0795","0.0919","0.1015","0.1064","0.1134","0.1002","0.1027","0.1265","0.1106","0.1129","0.1171","0.1186","0.122","",
"Australia","AUS","Carbon dioxide (CO2) emissions from Transport (Energy) (Mt CO2e)","EN.GHG.CO2.TR.MT.CE.AR5","","","","","","","","","","","32.4797","33.3739","34.3398","38.0723","39.1623","40.7179","42.0194","44.7446","47.2108","48.3325","49.5732","50.4279","51.5766","51.0273","53.2295","54.774","56.2362","57.1846","59.3872","61.2214","62.029","60.5851","62.0802","63.1851","64.8301","67.5402","70.0234","71.3855","71.3879","72.7735","75.0143","74.417","76.1324","76.4084","79.1821","79.3334","81.2516","83.5781","85.2988","84.9395","87.6345","89.7726","90.4324","91.834","92.0252","91.9222","93.2764","94.8631","97.2719","97.0408","90.5044","87.607","89.1892","96.688","100.5104","",
"Austria","AUT","Carbon dioxide (CO2) emissions from Transport (Energy) (Mt CO2e)","EN.GHG.CO2.TR.MT.CE.AR5","","","","","","","","","","","8.8055","9.5449","10.4285","11.1489","10.2942","10.388","10.5704","11.0223","11.7574","12.3722","11.5424","10.8632","10.7833","11.1486","10.8959","11.1173","11.508","11.6903","12.4697","12.9634","13.6317","15.0539","15.0789","15.2299","15.2851","15.5076","17.1317","16.2002","18.3042","17.82","18.5603","20.0491","21.9393","23.5213","23.8499","24.5497","23.3986","23.587","22.5545","21.719","22.5295","21.7208","21.6553","23.1161","22.6591","23.1665","23.9933","24.5485","24.7957","24.8298","21.672","22.4409","21.1158","20.3353","20.0006","",
"Azerbaijan","AZE","Carbon dioxide (CO2) emissions from Transport (Energy) (Mt CO2e)","EN.GHG.CO2.TR.MT.CE.AR5","","","","","","","","","","","2.5232","2.5232","2.7278","2.9064","3.1269","3.4342","3.6276","3.6792","3.7713","3.8794","4.0828","4.1483","4.1855","4.1859","4.2277","4.3223","4.6478","4.8448","4.9473","5.098","6.2034","4.7643","3.9988","3.6903","3.2384","3.3386","2.7058","3.2194","3.0003","1.5724","2.3599","2.603","2.9271","3.1487","3.7865","4.2128","4.8429","3.7783","4.7726","4.2484","4.9517","5.7967","6.4017","7.2931","7.5522","6.7995","6.407","7.7222","8.5101","8.4188","6.8511","7.6891","9.1366","9.8623","9.7337","",
"Burundi","BDI","Carbon dioxide (CO2) emissions from Transport (Energy) (Mt CO2e)","EN.GHG.CO2.TR.MT.CE.AR5","","","","","","","","","","","0.0063","0.0063","0.0068","0.0074","0.0076","0.0093","0.0118","0.0152","0.0164","0.0182","0.0193","0.0235","0.019","0.023","0.0292","0.0271","0.0309","0.0335","0.0667","0.0752","0.0898","0.1283","0.1026","0.1149","0.1189","0.1195","0.1281","0.1286","0.1357","0.1431","0.1356","0.1063","0.1","0.0825","0.1023","0.0849","0.1091","0.1887","0.1104","0.1108","0.1594","0.1932","0.1842","0.2086","0.1796","0.1898","0.2281","0.2713","0.3697","0.3796","0.4456","0.4577","0.4692","0.4785","0.4873","",
"Belgium","BEL","Carbon dioxide (CO2) emissions from Transport (Energy) (Mt CO2e)","EN.GHG.CO2.TR.MT.CE.AR5","","","","","","","","","","","11.4132","11.8307","12.647","12.9493","12.5614","13.4313","14.2746","14.9769","15.3768","16.2809","15.8538","15.4442","15.6412","15.9917","16.0211","16.4206","17.9117","18.4592","19.9486","20.3935","20.2056","20.3902","21.2032","21.7311","22.31","22.4591","22.9016","23.2436","23.9675","24.1909","24.4814","25.2982","25.2399","25.8828","26.9682","26.1874","26.5977","27.4288","27.5027","26.6936","25.8688","25.4717","24.7092","24.2182","24.4465","26.0942","25.7927","25.2018","25.2832","24.9612","20.7727","22.913","23.1023","23.4841","23.8962","",
"Benin","BEN","Carbon dioxide (CO2) emissions from Transport (Energy) (Mt CO2e)","EN.GHG.CO2.TR.MT.CE.AR5","","","","","","","","","","","0.2513","0.2513","0.3245","0.318","0.3269","0.3558","0.1798","0.231","0.2689","0.2659","0.2596","0.1837","0.241","0.2318","0.2845","0.3595","0.3245","0.2781","0.2713","0.1933","0.1652","0.1305","0.1177","0.1177","0.1209","0.1209","0.4971","0.6799","0.7496","0.8466","0.9183","0.9873","1.175","1.3688","1.4004","1.5427","1.9615","2.4321","2.4499","2.8124","3.1702","3.2843","3.4174","3.8439","4.0673","4.5772","5.8019","5.9905","6.7484","5.9106","6.1707","4.239","4.4335","4.2395","4.4049","",
"Burkina Faso","BFA","Carbon dioxide (CO2) emissions from Transport (Energy) (Mt CO2e)","EN.GHG.CO2.TR.MT.CE.AR5","","","","","","","","","","","0.027","0.027","0.029","0.0319","0.0324","0.0398","0.0508","0.0653","0.0702","0.0779","0.0828","0.0881","0.0813","0.0862","0.0876","0.0787","0.1049","0.1088","0.1469","0.1277","0.1462","0.2081","0.1816","0.1927","0.2103","0.2198","0.2365","0.3878","0.3633","0.3833","0.4032","0.4688","0.5034","0.5694","0.5193","0.5575","0.5669","0.8475","0.9294","0.8851","0.9124","1.0112","1.237","1.535","1.3374","1.7904","1.8167","2.1194","2.4278","2.5444","2.5677","3.0983","3.0692","2.9385","3.0546","",
"Bangladesh","BGD","Carbon dioxide (CO2) emissions from Transport (Energy) (Mt CO2e)","EN.GHG.CO2.TR.MT.CE.AR5","","","","","","","","","","","0.2478","0.2478","0.2478","0.2328","0.4961","0.6219","0.6566","0.641","0.6664","0.8548","0.9926","0.8305","0.9817","1.1021","1.0751","1.3486","1.3218","1.4181","1.5037","1.6427","1.6679","1.8465","2.1243","2.1802","2.2268","2.6853","2.9557","3.3399","3.4176","3.1199","3.0457","3.8193","3.8811","3.9626","4.578","5.0967","5.3132","5.4236","6.069","6.3944","7.3939","8.6172","8.7005","8.2603","8.9215","9.358","9.928","11.0668","11.6208","12.2388","11.4814","12.6731","13.4613","11.8827","13.173","",
"Bulgaria","BGR","Carbon dioxide (CO2) emissions from Transport (Energy) (Mt CO2e)","EN.GHG.CO2.TR.MT.CE.AR5","","","","","","","","","","","4.3683","4.3683","4.3399","4.2583","4.0046","3.9712","3.9719","3.9803","4.0249","3.964","4.1164","3.964","3.964","3.964","3.8328","3.6987","3.6895","3.7139","6.8529","7.2597","6.4412","3.4765","3.8084","4.3113","3.9355","4.1905","4.1435","4.2794","5.4217","5.6515","5.4312","5.6036","5.8296","6.4195","6.9498","7.7639","8.1901","7.925","8.3051","7.9775","7.7599","7.9352","8.212","7.2682","8.1347","8.9279","9.0449","9.1891","9.397","9.508","8.9357","9.6145","9.6286","9.8525","10.1709","",
"Bahrain","BHR","Carbon dioxide (CO2) emissions from Transport (Energy) (Mt CO2e)","EN.GHG.CO2.TR.MT.CE.AR5","","","","","","","","","","","0.1801","0.1801","0.218","0.2304","0.2717","0.3638","0.475","0.5858","0.668","0.6155","0.6273","0.7061","0.7721","0.8539","0.8528","0.874","0.8381","0.8342","0.8811","0.9279","0.9908","1.0061","1.1165","1.1566","1.1781","1.2289","1.2567","1.3162","1.3882","1.4412","1.5254","1.5877","1.7808","1.9354","2.1188","2.4819","2.5948","2.8232","3.0894","3.0422","3.1245","2.9441","3.1615","3.2764","3.3746","3.5224","3.5994","3.7103","3.8249","3.7402","3.2941","3.5027","3.7954","3.8452","3.8665","",
"Bahamas, The","BHS","Carbon dioxide (CO2) emissions from Transport (Energy) (Mt CO2e)","EN.GHG.CO2.TR.MT.CE.AR5","","","","","","","","","","","0.0739","0.0739","0.0596","0.0658","0.0768","0.101","0.1083","0.1115","0.1164","0.1013","0.145","0.1559","0.1409","0.1134","0.1112","0.0989","0.107","0.1279","0.127","0.1583","0.3308","0.3077","0.2691","0.2835","0.3176","0.3696","0.4167","0.4377","0.5127","0.4691","0.3688","0.3579","0.3754","0.2723","0.2911","0.2925","0.376","0.45","0.4791","0.4037","0.4767","0.3065","0.3574","0.3868","0.4124","0.4095","0.4484","0.497","0.4327","0.5358","0.398","0.4932","0.4796","0.4857","0.4997","",
"Bosnia and Herzegovina","BIH","Carbon dioxide (CO2) emissions from Transport (Energy) (Mt CO2e)","EN.GHG.CO2.TR.MT.CE.AR5","","","","","","","","","","","1.819","1.819","1.7514","1.8247","2.0752","2.0245","2.0677","2.2296","2.3765","2.4492","2.2389","2.1859","2.0226","2.0949","1.948","2.2625","2.7981","2.4717","2.7104","2.5005","2.1911","1.8618","1.0625","0.8483","0.9662","0.9943","1.0254","1.0566","1.3985","1.3412","2.0899","2.129","2.0422","2.0556","2.3916","2.3044","2.8848","3.048","3.3804","3.491","3.4032","3.4068","3.1897","2.8176","2.9806","3.1064","3.62","3.7762","3.752","4.0147","3.6363","4.1802","4.0146","4.1074","4.1743","",
"Belarus","BLR","Carbon dioxide (CO2) emissions from Transport (Energy) (Mt CO2e)","EN.GHG.CO2.TR.MT.CE.AR5","","","","","","","","","","","8.7915","8.7915","9.1393","9.4388","9.8102","10.368","10.5445","10.5188","10.5285","10.5657","10.7663","10.8239","10.853","10.6962","10.6861","10.7179","11.1461","11.3763","11.4363","11.6847","11.4763","12.2504","11.3167","9.4631","6.7276","6.677","7.2472","7.6084","8.0436","7.0901","6.4536","6.12","6.6061","6.8204","6.9842","7.7742","9.1332","9.2925","10.5498","9.6488","10.2359","10.8728","11.6709","12.1818","11.591","10.3846","10.7984","11.2574","11.84","11.802","10.614","10.3895","10.0135","9.8876","9.9478","",
"Belize","BLZ","Carbon dioxide (CO2) emissions from Transport (Energy) (Mt CO2e)","EN.GHG.CO2.TR.MT.CE.AR5","","","","","","","","","","","0.0042","0.0042","0.0034","0.0038","0.0044","0.0058","0.0062","0.0064","0.0067","0.0058","0.0083","0.0081","0.0079","0.0084","0.0098","0.0099","0.0133","0.0116","0.0089","0.0142","0.038","0.0449","0.038","0.0379","0.0371","0.0423","0.0353","0.064","0.0663","0.0706","0.0508","0.0504","0.0482","0.0496","0.045","0.0506","0.0591","0.0569","0.0563","0.0693","0.0852","0.0529","0.0563","0.0718","0.0731","0.0898","0.0932","0.1022","0.1009","0.1465","0.107","0.1122","0.1184","0.1263","0.13","",
"Bermuda","BMU","Carbon dioxide (CO2) emissions from Transport (Energy) (Mt CO2e)","EN.GHG.CO2.TR.MT.CE.AR5","","","","","","","","","","","0.01","0.01","0.0081","0.0089","0.0104","0.0137","0.0147","0.0151","0.0158","0.0137","0.0197","0.0177","0.0197","0.0221","0.0236","0.0231","0.0234","0.036","0.0411","0.0544","0.077","0.0715","0.0573","0.0656","0.0656","0.0664","0.0683","0.0731","0.0763","0.0787","0.0556","0.0536","0.0572","0.0576","0.0577","0.0634","0.0796","0.0951","0.0982","0.0874","0.115","0.0549","0.0623","0.0701","0.0987","0.0842","0.1122","0.1032","0.1076","0.1117","0.0727","0.0833","0.0879","0.089","0.0916","",
"Bolivia","BOL","Carbon dioxide (CO2) emissions from Transport (Energy) (Mt CO2e)","EN.GHG.CO2.TR.MT.CE.AR5","","","","","","","","","","","1.0026","1.0026","1.0782","1.1635","1.2769","1.5362","1.6952","1.9487","2.1898","2.2045","2.1481","2.0569","1.6889","1.7907","1.747","1.7656","1.7703","2.0129","2.0355","2.1692","2.257","2.3725","2.3416","2.7042","2.8113","3.1262","3.2421","3.074","3.1728","3.1763","2.6404","2.6471","2.7248","2.9238","3.2264","3.4527","3.9922","4.5138","5.087","5.5386","6.0736","6.7341","7.3173","8.1181","8.8102","9.1686","9.6586","10.3083","10.7137","10.8391","8.7469","11.1754","12.3239","12.6995","13.7886","",
"Brazil","BRA","Carbon dioxide (CO2) emissions from Transport (Energy) (Mt CO2e)","EN.GHG.CO2.TR.MT.CE.AR5","","","","","","","","","","","42.3801","42.3801","47.7507","56.2884","62.0749","66.1103","71.3535","69.461","74.3121","77.6723","73.3282","73.1213","73.2459","68.6883","67.6061","70.0857","77.5242","76.2123","76.3187","79.6341","82.1754","85.9714","86.6138","90.077","94.2098","104.1934","113.668","120.6104","126.8996","124.2512","125.4845","128.0415","130.0124","127.5148","136.4505","137.1925","140.2593","145.9657","151.3403","148.7176","167.9911","185.1526","202.541","209.7842","214.7806","200.7873","199.046","200.1754","191.866","193.1656","182.6073","200.1659","212.577","218.1717","219.2891","",
"Barbados","BRB","Carbon dioxide (CO2) emissions from Transport (Energy) (Mt CO2e)","EN.GHG.CO2.TR.MT.CE.AR5","","","","","","","","","","","0.0177","0.0177","0.0143","0.0158","0.0184","0.0242","0.0259","0.0267","0.0279","0.0242","0.0347","0.0376","0.04","0.0448","0.0471","0.0528","0.0595","0.0608","0.0574","0.0685","0.143","0.15","0.157","0.1527","0.15","0.1532","0.1498","0.1831","0.196","0.2087","0.1518","0.1461","0.1498","0.1535","0.1498","0.1585","0.1765","0.1775","0.2265","0.238","0.2595","0.1996","0.1894","0.2212","0.2092","0.2273","0.2418","0.2127","0.2451","0.2871","0.2052","0.191","0.2042","0.2068","0.2127","",
"Brunei Darussalam","BRN","Carbon dioxide (CO2) emissions from Transport (Energy) (Mt CO2e)","EN.GHG.CO2.TR.MT.CE.AR5","","","","","","","","","","","0.0807","0.0807","0.0621","0.0838","0.0993","0.0993","0.1397","0.1677","0.1677","0.2018","0.3332","0.3134","0.3637","0.4108","0.4097","0.4503","0.4593","0.4873","0.5189","0.5315","0.5534","0.5972","0.6543","0.6824","0.723","0.7767","0.8368","0.8749","0.8211","0.8113","0.8083","0.8434","0.8812","0.9227","0.9737","0.9518","1.0314","1.1264","1.1321","1.1219","1.1756","1.2836","1.3426","1.3261","1.351","1.357","1.3374","1.3307","1.3535","1.3223","1.2032","1.1522","1.2053","1.2031","1.2592","",
"Bhutan","BTN","Carbon dioxide (CO2) emissions from Transport (Energy) (Mt CO2e)","EN.GHG.CO2.TR.MT.CE.AR5","","","","","","","","","","","0.0007","0.0007","0.0008","0.0007","0.0007","0.0008","0.0007","0.0008","0.0009","0.0009","0.0009","0.0098","0.0101","0.0099","0.0098","0.0106","0.0089","0.0119","0.0119","0.0111","0.0371","0.0383","0.0418","0.0416","0.0522","0.0567","0.0587","0.0612","0.0648","0.063","0.0606","0.0675","0.0671","0.0711","0.0694","0.0826","0.0879","0.0898","0.1001","0.1186","0.173","0.2094","0.2357","0.2345","0.2065","0.2437","0.2495","0.2607","0.3063","0.3126","0.2283","0.2492","0.2512","0.2538","0.2672","",
"Botswana","BWA","Carbon dioxide (CO2) emissions from Transport (Energy) (Mt CO2e)","EN.GHG.CO2.TR.MT.CE.AR5","","","","","","","","","","","0.0634","0.0634","0.0761","0.0889","0.1046","0.114","0.1297","0.1454","0.1676","0.1897","0.2274","0.2493","0.2713","0.2995","0.3182","0.3304","0.3839","0.4211","0.4556","0.5312","0.6479","0.7073","0.8108","0.7968","0.768","0.8881","0.8973","0.9668","1.0356","1.127","1.2188","1.3081","1.2456","1.3371","1.4642","1.4958","1.5837","1.7157","1.984","1.7845","1.8894","1.9813","2.0621","2.1492","2.2282","2.3091","2.2622","2.3003","2.4587","2.3582","2.1312","2.205","2.2723","2.296","2.3157","",
"Central African Republic","CAF","Carbon dioxide (CO2) emissions from Transport (Energy) (Mt CO2e)","EN.GHG.CO2.TR.MT.CE.AR5","","","","","","","","","","","0.009","0.009","0.0097","0.0106","0.0108","0.0133","0.0169","0.0218","0.0234","0.026","0.0276","0.0382","0.0379","0.0431","0.0409","0.038","0.052","0.0484","0.0611","0.0596","0.0728","0.0963","0.0793","0.0874","0.0915","0.0957","0.1036","0.104","0.1056","0.1114","0.1212","0.1277","0.1308","0.1251","0.1253","0.1243","0.1329","0.1379","0.105","0.1022","0.1009","0.1061","0.1126","0.0756","0.0782","0.1165","0.1353","0.1421","0.1516","0.1614","0.1738","0.1856","0.1831","0.1889","0.1917","",
"Canada","CAN","Carbon dioxide (CO2) emissions from Transport (Energy) (Mt CO2e)","EN.GHG.CO2.TR.MT.CE.AR5","","","","","","","","","","","80.7889","83.8849","89.8124","97.9055","102.321","104.2974","109.139","110.7068","116.3525","127.0725","129.2287","128.3093","111.1972","108.615","111.9579","114.051","114.0188","118.6705","126.2353","128.3053","124.6651","120.9509","125.205","127.1818","133.421","137.0932","140.4361","144.8506","147.4656","151.1608","149.9657","147.7901","159.6457","162.2764","159.7018","163.4558","162.3477","167.6906","167.6767","163.7636","169.4329","169.0559","169.3796","173.1347","171.5977","171.0888","170.1924","174.1661","180.2872","177.4984","148.7256","156.659","163.9822","164.7147","166.2992","",
"Central Europe and the Baltics","CEB","Carbon dioxide (CO2) emissions from Transport (Energy) (Mt CO2e)","EN.GHG.CO2.TR.MT.CE.AR5","","","","","","","","","","","68.4625","68.0302","69.2578","71.4038","70.956","74.6705","75.2917","76.1606","77.5418","75.9366","72.1997","68.2642","65.7893","65.0588","64.694","63.5622","66.0919","67.9544","70.5739","76.7603","74.9953","68.1383","67.1228","64.0683","65.6869","66.3775","76.3546","80.4116","83.1871","85.356","81.3152","87.2497","89.4719","95.4655","102.6066","108.749","115.4164","124.1662","128.9981","124.8897","124.8924","124.7679","122.9345","117.8272","121.4576","127.7638","138.0832","151.0847","154.56","157.39","146.7848","157.7296","162.9595","164.2368","167.951","",
"Switzerland","CHE","Carbon dioxide (CO2) emissions from Transport (Energy) (Mt CO2e)","EN.GHG.CO2.TR.MT.CE.AR5","","","","","","","","","","","8.2908","9.193","9.5286","9.912","9.4953","9.0069","9.0034","9.564","9.7077","9.7212","10.3352","10.6186","10.8672","11.3441","11.6016","11.709","12.3655","12.601","13.2983","13.6236","14.5064","14.9482","15.2922","14.2689","14.6168","14.3715","14.3856","14.8504","14.9899","14.9726","16.5496","16.2419","16.2688","16.3887","16.4894","16.5725","16.6964","17.0355","17.4493","17.2407","17.1762","16.9751","17.1306","17.0827","16.9196","16.2024","16.0428","15.7479","15.8147","15.7621","14.4479","14.6238","14.4614","14.4838","14.4941","",
"Channel Islands","CHI","Carbon dioxide (CO2) emissions from Transport (Energy) (Mt CO2e)","EN.GHG.CO2.TR.MT.CE.AR5","","","","","","","","","","","","","","","","","","","","","","","","","","","","","","","","","","","","","","","","","","","","","","","","","","","","","","","","","","","","","","","","","","",
"Chile","CHL","Carbon dioxide (CO2) emissions from Transport (Energy) (Mt CO2e)","EN.GHG.CO2.TR.MT.CE.AR5","","","","","","","","","","","6.0281","6.0281","5.8371","5.495","5.2196","4.5314","4.6152","4.8539","5.3749","5.8048","6.2461","6.6219","6.2565","6.2742","6.2558","6.1813","6.3509","6.7847","7.7374","8.2939","9.0841","9.4833","10.2897","11.4089","12.3338","13.6444","14.8388","15.7303","16.5557","16.7441","16.9872","16.0675","16.5753","16.332","16.919","18.5607","18.2863","19.8109","20.5827","20.7096","21.4369","21.8593","22.4344","24.4921","23.5736","25.2257","26.384","27.3837","28.328","28.735","25.466","27.8142","31.1888","28.398","29.786","",
"China","CHN","Carbon dioxide (CO2) emissions from Transport (Energy) (Mt CO2e)","EN.GHG.CO2.TR.MT.CE.AR5","","","","","","","","","","","45.4583","45.4583","50.12","54.4138","58.8471","65.9087","66.906","74.1173","71.9892","74.8971","70.859","70.6364","74.0071","78.5994","83.8886","86.3287","94.056","98.7102","104.7209","108.5201","94.1525","100.6214","111.1024","125.7016","116.3504","127.3714","169.853","146.1269","140.2851","157.3617","248.4803","254.2503","276.4443","313.1443","371.1368","397.312","434.812","468.5767","507.0676","517.0746","568.7798","621.89","686.1263","741.0944","770.35","828.4621","845.3566","877.8151","950.9561","944.3723","901.9615","969.4479","885.434","939.8278","928.6975","",
"Cote d'Ivoire","CIV","Carbon dioxide (CO2) emissions from Transport (Energy) (Mt CO2e)","EN.GHG.CO2.TR.MT.CE.AR5","","","","","","","","","","","0.8787","0.8787","0.9578","0.9122","0.9546","1.0136","1.217","1.3024","1.4122","1.494","1.557","1.5065","1.4085","1.2728","1.1849","1.188","1.1496","1.0901","1.1032","1.2353","1.1917","1.1804","1.1357","1.101","1.0943","1.2285","1.2528","1.3775","1.2111","1.4227","1.2909","1.259","1.4126","1.0374","1.1441","1.2253","1.2819","1.2905","1.5618","1.5512","1.4843","1.5836","2.3561","2.5584","2.7017","3.165","3.8397","3.574","3.9669","4.2357","4.162","6.7911","7.4153","7.0915","7.3711","",
"Cameroon","CMR","Carbon dioxide (CO2) emissions from Transport (Energy) (Mt CO2e)","EN.GHG.CO2.TR.MT.CE.AR5","","","","","","","","","","","0.5647","0.5647","0.6162","0.6408","0.6226","0.7491","0.7009","1.0092","1.0312","1.1089","1.1785","1.1932","1.3078","1.5084","1.5836","1.7402","1.65","1.6662","1.8648","1.8326","1.7549","1.5686","1.57","1.6883","1.7613","1.7086","1.7303","1.8217","1.8761","1.6374","1.8566","1.8592","2.0652","2.099","2.1652","2.1074","1.8697","2.1284","2.1846","2.5141","2.6752","2.8318","3.0142","3.1969","3.4145","3.1654","3.2607","3.186","3.3192","3.4202","3.4239","3.5593","3.6846","3.8026","3.857","",
"Congo, Dem. Rep.","COD","Carbon dioxide (CO2) emissions from Transport (Energy) (Mt CO2e)","EN.GHG.CO2.TR.MT.CE.AR5","","","","","","","","","","","0.416","0.416","0.4409","0.4936","0.5371","0.565","0.5278","0.4626","0.5216","0.6116","0.5992","0.5899","0.4967","0.5899","0.5961","0.5433","0.5464","0.565","0.5744","0.5744","0.5672","0.4802","0.4396","0.4426","0.4515","0.4513","0.4544","0.448","0.4544","0.4389","0.7903","0.6478","0.6927","0.8222","0.8947","1.1101","1.1956","1.3347","1.5169","1.5163","1.6546","2.1268","2.1121","2.4656","2.879","2.7674","2.2097","2.2662","3.1296","3.2898","3.4516","3.3207","4.7665","4.8318","4.9241","",
"Congo, Rep.","COG","Carbon dioxide (CO2) emissions from Transport (Energy) (Mt CO2e)","EN.GHG.CO2.TR.MT.CE.AR5","","","","","","","","","","","0.3468","0.3468","0.382","0.3595","0.3817","0.3943","0.5156","0.3842","0.4707","0.4547","0.5124","0.5442","0.6558","0.6646","0.5877","0.6039","0.5622","0.5786","0.5429","0.5175","0.5141","0.5425","0.4723","0.4723","0.2907","0.418","0.3168","0.2475","0.3176","0.3074","0.4254","0.5502","0.4253","0.5977","0.7058","0.7209","0.8796","0.9589","1.1764","1.2817","1.4828","1.6456","1.603","1.9123","2.0166","1.7018","1.4484","1.3182","1.2893","1.3034","1.2192","1.2329","1.2565","1.2979","1.3201","",
"Colombia","COL","Carbon dioxide (CO2) emissions from Transport (Energy) (Mt CO2e)","EN.GHG.CO2.TR.MT.CE.AR5","","","","","","","","","","","6.7591","6.7591","7.1318","7.6894","8.6005","9.3034","9.9214","10.3179","11.0206","11.5013","11.7808","11.9425","12.4871","13.0919","13.4981","13.9541","14.2176","14.6488","15.8694","16.2108","16.35","17.0882","18.0051","18.2723","17.036","20.3298","20.8575","21.8735","21.4051","19.0812","18.5607","19.4611","17.2645","17.7307","20.2411","19.846","20.8053","21.7745","22.0883","20.4024","20.6327","25.0198","26.3792","24.8722","25.8662","27.9866","29.224","29.2268","29.7986","31.2943","26.9513","34.5744","36.0946","37.3925","37.1124","",
"Comoros","COM","Carbon dioxide (CO2) emissions from Transport (Energy) (Mt CO2e)","EN.GHG.CO2.TR.MT.CE.AR5","","","","","","","","","","","0.0027","0.0027","0.0029","0.0032","0.0032","0.004","0.0051","0.0065","0.007","0.0078","0.0083","0.0088","0.0081","0.0086","0.0088","0.0081","0.005","0.011","0.0139","0.0136","0.0184","0.0221","0.0193","0.019","0.0189","0.0197","0.0203","0.0204","0.0258","0.0272","0.0435","0.0463","0.048","0.0633","0.0705","0.0687","0.0825","0.0564","0.0579","0.0723","0.0824","0.0715","0.0771","0.0948","0.0794","0.0889","0.112","0.1454","0.1107","0.1246","0.1503","0.2347","0.2511","0.2561","0.2608","",
"Cabo Verde","CPV","Carbon dioxide (CO2) emissions from Transport (Energy) (Mt CO2e)","EN.GHG.CO2.TR.MT.CE.AR5","","","","","","","","","","","0.0189","0.0189","0.0203","0.0223","0.0227","0.0279","0.0355","0.0457","0.0491","0.0545","0.0579","0.0617","0.0244","0.0259","0.0321","0.0298","0.0103","0.0111","0.019","0.0224","0.0254","0.0316","0.0324","0.0318","0.0373","0.038","0.0452","0.0453","0.046","0.0486","0.1367","0.1565","0.1744","0.1776","0.1972","0.31","0.3397","0.3995","0.3993","0.39","0.3997","0.4473","0.4006","0.4004","0.4016","0.4144","0.4679","0.4984","0.4281","0.4653","0.3529","0.3838","0.3983","0.3813","0.3964","",
"Costa Rica","CRI","Carbon dioxide (CO2) emissions from Transport (Energy) (Mt CO2e)","EN.GHG.CO2.TR.MT.CE.AR5","","","","","","","","","","","0.6765","0.6765","0.7683","0.8404","0.9115","0.9911","1.0833","1.1788","1.3122","1.3421","1.334","1.1785","1.0506","1.0887","1.1644","1.1963","1.3106","1.3847","1.563","1.6772","1.5874","1.6489","2.3919","2.4693","2.5942","2.5887","2.6097","2.6729","2.959","3.0745","2.9733","3.17","3.5067","3.5889","3.8548","3.774","3.9755","4.2737","4.3806","4.4357","4.5621","4.6759","4.7946","4.8728","4.9734","5.3128","5.7483","5.8638","5.8752","5.9683","4.9903","5.6899","5.7069","6.0126","6.2426","",
"Caribbean small states","CSS","Carbon dioxide (CO2) emissions from Transport (Energy) (Mt CO2e)","EN.GHG.CO2.TR.MT.CE.AR5","","","","","","","","","","","1.0606","1.0605","1.1164","1.5011","1.255","1.3143","1.3685","1.593","1.7254","1.7451","1.9317","2.0337","2.132","2.1186","2.1863","2.1609","2.226","2.2501","1.9015","1.9329","2.4062","2.4482","2.3376","2.223","2.519","2.6616","2.7969","3.0812","3.2272","3.3009","3.1991","3.2065","3.3938","3.3294","3.7443","3.8732","4.4801","4.7732","5.1362","5.2241","5.6162","5.1967","5.3142","5.1872","5.7046","5.7663","5.9141","5.7664","5.0946","5.9293","5.0613","5.3072","5.7574","5.8626","6.0325","",
"Cuba","CUB","Carbon dioxide (CO2) emissions from Transport (Energy) (Mt CO2e)","EN.GHG.CO2.TR.MT.CE.AR5","","","","","","","","","","","4.1536","4.1536","4.0414","4.4141","4.3206","4.5755","4.5843","4.7734","5.0195","5.2942","5.3034","5.547","5.3013","5.3379","5.6632","5.4652","5.6266","5.5916","5.8617","5.6793","5.0742","3.7244","2.5966","1.9473","1.8939","1.9711","2.1989","2.7555","2.4874","2.3516","2.1685","2.2132","2.063","1.8908","1.9715","1.914","1.8279","1.847","1.818","1.413","1.2465","1.2172","1.0607","1.2369","1.3994","1.5159","1.511","1.6536","1.6247","1.4669","1.2078","1.1987","1.1884","1.1875","1.2306","",
"Curacao","CUW","Carbon dioxide (CO2) emissions from Transport (Energy) (Mt CO2e)","EN.GHG.CO2.TR.MT.CE.AR5","","","","","","","","","","","","","","","","","","","","","","","","","","","","","","","","","","","","","","","","","","","","","","","","","","","","","","","","","","","","","","","","","","",
"Cayman Islands","CYM","Carbon dioxide (CO2) emissions from Transport (Energy) (Mt CO2e)","EN.GHG.CO2.TR.MT.CE.AR5","","","","","","","","","","","0.0018","0.002","0.0017","0.002","0.0025","0.0034","0.0039","0.0042","0.0046","0.0042","0.0062","0.0067","0.0076","0.0087","0.0101","0.0106","0.012","0.0137","0.0152","0.0165","0.0351","0.0358","0.0371","0.0353","0.0419","0.0442","0.0443","0.0474","0.0494","0.051","0.0488","0.0471","0.0494","0.0508","0.0466","0.05","0.0564","0.0703","0.0784","0.0812","0.0919","0.0716","0.067","0.0767","0.0841","0.0916","0.0947","0.1016","0.1105","0.1454","0.1125","0.1068","0.1221","0.1237","0.1272","",
"Cyprus","CYP","Carbon dioxide (CO2) emissions from Transport (Energy) (Mt CO2e)","EN.GHG.CO2.TR.MT.CE.AR5","","","","","","","","","","","0.6008","0.6008","0.6623","0.7366","0.5419","0.4399","0.4711","0.5144","0.5732","0.5982","0.6206","0.6175","0.6517","0.7109","0.7639","0.7979","0.8446","0.9162","0.9596","1.0315","1.1661","1.162","1.3083","1.3278","1.3805","1.4661","1.5167","1.5829","1.6588","1.7023","1.7433","1.7989","1.7817","1.8868","1.9878","2.0264","2.0141","2.1471","2.1884","2.1893","2.2371","2.17","1.9981","1.7952","1.7503","1.8189","1.9318","2.0045","2.0165","2.0354","1.7724","1.9044","1.884","1.9745","2.0245","",
"Czechia","CZE","Carbon dioxide (CO2) emissions from Transport (Energy) (Mt CO2e)","EN.GHG.CO2.TR.MT.CE.AR5","","","","","","","","","","","5.4487","5.4487","5.7037","6.117","5.7564","6.4656","6.9328","7.289","7.1477","7.3149","6.409","7.2072","6.1018","6.2048","6.5671","6.4432","6.3635","6.4611","6.546","6.8666","6.9493","6.1746","7.9212","7.9648","8.543","7.2506","10.0773","10.386","10.6739","11.759","11.8706","12.7457","13.2896","15.1202","15.8469","17.1466","17.4537","18.4137","18.2618","17.6347","16.6022","16.4735","16.1436","16.004","16.513","17.3189","18.0045","18.5387","18.6711","18.8901","17.5908","18.7673","19.2373","19.7226","20.6418","",
"Germany","DEU","Carbon dioxide (CO2) emissions from Transport (Energy) (Mt CO2e)","EN.GHG.CO2.TR.MT.CE.AR5","","","","","","","","","","","94.1322","99.7504","103.7562","106.6795","102.277","105.9733","107.5139","113.4233","122.5916","126.2613","128.476","124.3763","124.6794","126.7565","130.4289","130.6132","136.5196","141.5678","146.5081","149.9672","158.6041","161.4766","164.0611","168.6721","166.0365","167.928","169.0547","169.8015","172.8069","177.6633","173.4704","169.5369","167.1233","164.0364","163.9894","155.6293","153.4831","148.3805","148.8937","147.0592","148.1233","149.9427","148.5133","152.367","154.573","157.5904","161.0244","163.4918","157.66","160.0386","142.452","139.8724","140.9573","136.6369","138.0434","",
"Djibouti","DJI","Carbon dioxide (CO2) emissions from Transport (Energy) (Mt CO2e)","EN.GHG.CO2.TR.MT.CE.AR5","","","","","","","","","","","0.0898","0.0898","0.0966","0.1064","0.108","0.1327","0.1693","0.2178","0.2339","0.2596","0.2759","0.235","0.2168","0.1724","0.146","0.1357","0.1376","0.1431","0.1768","0.399","0.4658","0.581","0.512","0.5085","0.5196","0.5384","0.5547","0.5618","0.5705","0.6019","0.3585","0.3642","0.3784","0.4046","0.4011","0.3848","0.3718","0.3999","0.4439","0.4008","0.4324","0.3213","0.426","0.4511","0.4288","0.4014","0.3901","0.3432","0.3472","0.4082","0.3658","0.3972","0.3974","0.4052","0.4127","",
"Dominica","DMA","Carbon dioxide (CO2) emissions from Transport (Energy) (Mt CO2e)","EN.GHG.CO2.TR.MT.CE.AR5","","","","","","","","","","","0.0005","0.0005","0.0004","0.0005","0.0005","0.0007","0.0008","0.0008","0.0008","0.0007","0.001","0.0016","0.0017","0.0018","0.002","0.002","0.0017","0.0026","0.003","0.0032","0.0064","0.0066","0.0068","0.0068","0.0093","0.0114","0.0114","0.0122","0.0127","0.0131","0.0107","0.0114","0.0104","0.0121","0.0135","0.0138","0.0154","0.0202","0.0196","0.0218","0.0259","0.0186","0.0186","0.0208","0.0238","0.026","0.0275","0.0246","0.0251","0.0314","0.0257","0.0256","0.0273","0.0276","0.0284","",
"Denmark","DNK","Carbon dioxide (CO2) emissions from Transport (Energy) (Mt CO2e)","EN.GHG.CO2.TR.MT.CE.AR5","","","","","","","","","","","7.282","7.4549","7.6805","8.0122","7.9113","8.6619","8.8692","9.074","9.3038","9.2988","8.98","8.7198","8.8036","8.7433","9.3002","10.7809","11.2279","11.0468","11.0526","11.357","10.1866","10.7487","10.8078","10.9743","11.3946","11.5985","11.723","11.8975","11.9272","11.9566","11.9312","12.0252","12.1754","12.6557","12.9527","13.1708","13.465","14.0223","13.8706","13.1382","12.9903","12.6437","11.5874","11.3805","11.4728","12.0009","12.1562","12.1424","12.3077","12.0384","11.0476","11.2469","11.143","11.0923","11.2552","",
"Dominican Republic","DOM","Carbon dioxide (CO2) emissions from Transport (Energy) (Mt CO2e)","EN.GHG.CO2.TR.MT.CE.AR5","","","","","","","","","","","1.4174","1.4174","1.4948","1.5698","1.6716","1.7456","1.8101","1.8427","1.7894","1.9294","1.7883","1.5089","1.4819","1.7448","1.967","1.9655","2.1004","2.6309","2.3019","3.0974","2.3113","2.2799","2.4548","2.6589","3.1522","3.5149","3.8893","4.4629","4.8831","5.195","5.3288","5.3435","5.7333","5.2576","5.4405","5.7621","5.8636","5.9526","5.4372","5.6386","5.7405","6.0461","6.5581","5.7898","5.0468","6.1304","6.6324","6.5117","7.165","7.6422","6.8634","8.0054","8.6761","8.6791","9.0123","",
"Algeria","DZA","Carbon dioxide (CO2) emissions from Transport (Energy) (Mt CO2e)","EN.GHG.CO2.TR.MT.CE.AR5","","","","","","","","","","","2.661","2.661","2.6399","2.9807","3.2823","3.6534","4.1244","4.5409","5.1943","5.6681","6.2158","6.7851","7.0963","7.6044","8.1588","12.4098","12.5378","12.6655","12.7079","12.9295","15.8086","16.8803","16.8012","16.9609","15.5212","15.11","14.9641","15.0132","15.4611","16.4715","16.8469","17.0412","19.3579","21.7604","22.025","24.1619","25.6265","27.6012","29.1924","30.5164","31.7105","34.2189","38.6433","40.2799","43.52","46.0859","44.8765","44.4017","45.1579","45.3179","40.2579","43.5355","45.1278","46.3011","48.6376","",
"East Asia & Pacific (excluding high income)","EAP","Carbon dioxide (CO2) emissions from Transport (Energy) (Mt CO2e)","EN.GHG.CO2.TR.MT.CE.AR5","","","","","","","","","","","80.8149","80.8149","87.2744","93.7252","98.8046","108.1996","109.7409","118.6245","120.046","127.2851","126.6373","128.1455","133.0937","140.1516","148.1636","153.9748","164.637","175.0355","188.4142","199.545","197.4775","206.528","223.5448","251.6206","253.6295","282.3803","340.95","326.6641","313.3891","335.9388","434.622","448.6978","479.5968","524.8724","596.4479","620.65","647.3687","693.0673","732.6578","761.2441","825.6471","901.2116","989.9388","1065.6959","1103.5242","1165.3318","1191.2099","1245.0904","1333.7733","1338.4172","1242.0831","1308.1822","1276.9871","1344.191","1349.5112","",
"Early-demographic dividend","EAR","Carbon dioxide (CO2) emissions from Transport (Energy) (Mt CO2e)","EN.GHG.CO2.TR.MT.CE.AR5","","","","","","","","","","","218.1709","218.9918","231.6451","245.2973","259.4635","279.0113","292.868","313.3111","336.7193","351.6713","366.0831","388.5161","391.7366","404.8124","420.6271","430.5975","433.8898","459.6669","473.5994","492.5907","530.2154","550.4698","566.3761","597.4841","625.3906","645.1545","689.5791","704.37","723.0031","744.9892","767.3926","779.5634","806.0488","827.9461","871.3988","912.5987","951.3626","1026.3946","1075.5485","1116.7383","1155.0949","1217.7479","1295.032","1331.7355","1376.7555","1424.0071","1446.026","1488.1329","1515.0639","1519.384","1318.5213","1433.2647","1541.0083","1558.0588","1591.1498","",
"East Asia & Pacific","EAS","Carbon dioxide (CO2) emissions from Transport (Energy) (Mt CO2e)","EN.GHG.CO2.TR.MT.CE.AR5","","","","","","","","","","","223.3135","232.1223","245.1969","267.8042","275.8418","292.8985","303.4066","325.8985","341.792","362.3076","362.0519","358.1548","360.7544","375.2603","392.5721","402.7458","424.7552","447.0651","476.7349","507.8286","535.2871","560.5325","590.3545","632.8477","653.9132","701.9075","772.0108","763.3559","740.9752","777.7316","880.9249","898.535","930.0702","975.7584","1048.5347","1068.6834","1093.129","1136.8254","1165.0335","1190.7274","1260.1715","1331.5988","1421.9982","1498.3535","1531.729","1600.834","1629.2311","1685.559","1771.6779","1776.6096","1645.016","1714.7839","1689.5219","1764.7715","1768.1724","",
"Europe & Central Asia (excluding high income)","ECA","Carbon dioxide (CO2) emissions from Transport (Energy) (Mt CO2e)","EN.GHG.CO2.TR.MT.CE.AR5","","","","","","","","","","","91.5863","92.4073","97.057","101.862","106.5599","113.9374","117.7205","120.3423","120.3182","119.2662","121.2698","121.0051","122.0813","121.3573","121.1006","121.5619","128.2599","132.4265","133.5015","135.5184","151.8361","160.0372","123.1821","115.2077","97.2954","104.7941","107.7876","108.0299","107.342","100.4538","107.5023","107.2375","112.8149","112.2356","117.4574","120.3385","128.6308","148.0009","149.8588","137.8002","141.3265","145.9788","152.3755","159.7199","160.8753","166.1973","176.1797","181.2572","190.2351","191.774","183.3582","203.5838","203.5221","217.5801","222.076","",
"Europe & Central Asia","ECS","Carbon dioxide (CO2) emissions from Transport (Energy) (Mt CO2e)","EN.GHG.CO2.TR.MT.CE.AR5","","","","","","","","","","","672.8492","694.2803","730.8902","772.8942","772.7562","813.713","847.5025","870.1095","902.7524","924.1035","929.1397","921.6923","929.0186","939.4404","959.1305","968.8966","1015.8923","1051.2254","1096.113","1133.369","1233.0056","1243.8891","1214.6246","1167.3342","1126.1095","1125.3681","1146.9312","1145.0056","1203.3126","1219.6854","1216.9006","1236.4865","1254.5315","1278.9057","1320.3302","1321.5177","1352.5579","1383.6996","1376.5984","1316.1933","1328.9088","1331.3804","1294.8513","1295.715","1307.984","1329.6942","1360.489","1385.7178","1404.8012","1414.9871","1245.3457","1356.0076","1386.8092","1403.0262","1425.9435","",
"Ecuador","ECU","Carbon dioxide (CO2) emissions from Transport (Energy) (Mt CO2e)","EN.GHG.CO2.TR.MT.CE.AR5","","","","","","","","","","","1.844","1.844","1.8287","2.0634","2.243","2.6572","2.9504","3.6015","4.1858","3.4574","3.9907","4.5772","4.729","4.8377","5.4218","5.7576","5.9415","5.7335","6.9283","6.7039","7.8258","8.0145","8.1337","8.1603","8.6764","8.2655","10.0684","10.6663","9.9784","9.047","7.9866","8.4817","8.8236","9.1504","9.4747","9.9057","10.2021","10.0032","9.9595","10.4831","12.6618","13.7021","14.1772","15.123","16.2568","16.9254","17.1022","18.1983","19.1607","19.457","15.8337","19.1629","20.5451","21.7514","22.2081","",
"Egypt, Arab Rep.","EGY","Carbon dioxide (CO2) emissions from Transport (Energy) (Mt CO2e)","EN.GHG.CO2.TR.MT.CE.AR5","","","","","","","","","","","4.0004","4.0004","4.6072","4.4766","5.1247","4.6297","5.254","6.0072","6.2999","6.7644","8.2117","9.1007","9.0657","10.2512","11.4297","12.2444","12.269","12.8572","13.8953","14.9219","16.1499","16.9011","17.5664","18.2768","20.0233","21.2292","22.4784","24.0672","26.7205","28.3904","29.25","28.1636","29.0183","30.644","31.3429","30.786","33.4622","37.0311","39.0531","41.7813","44.8427","46.765","50.9015","51.3997","53.5952","54.9791","57.3964","55.7127","56.1647","51.9606","53.4224","59.1887","56.5356","58.6083","62.2396","",
"Euro area","EMU","Carbon dioxide (CO2) emissions from Transport (Energy) (Mt CO2e)","EN.GHG.CO2.TR.MT.CE.AR5","","","","","","","","","","","290.2776","307.8439","326.7979","349.3523","340.3753","353.948","374.9659","388.2408","411.7626","430.0981","432.2805","427.3467","429.7619","434.5753","444.8635","449.0053","469.9326","488.274","517.6449","535.1381","558.8378","572.3414","587.058","595.0097","597.314","606.3167","620.1389","628.4503","654.2325","668.9855","672.5237","683.5403","690.5311","698.0206","710.9437","705.4381","711.1309","713.1113","693.3224","668.6486","663.0913","657.639","630.3361","628.9458","632.6558","641.2279","652.4278","656.6334","653.4116","657.5159","555.349","603.431","623.4117","615.9059","620.7392","",
"Eritrea","ERI","Carbon dioxide (CO2) emissions from Transport (Energy) (Mt CO2e)","EN.GHG.CO2.TR.MT.CE.AR5","","","","","","","","","","","0.061","0.061","0.0584","0.0653","0.0669","0.0613","0.0634","0.0683","0.0797","0.081","0.0774","0.0826","0.0767","0.0773","0.0713","0.074","0.0908","0.1253","0.1311","0.1361","0.1328","0.1336","0.1149","0.2107","0.2875","0.3291","0.3836","0.361","0.2294","0.2101","0.2039","0.2485","0.2708","0.2742","0.2555","0.1823","0.1598","0.1373","0.1213","0.1181","0.1404","0.2365","0.2075","0.1947","0.1917","0.1917","0.1981","0.1934","0.215","0.2231","0.2174","0.2248","0.2409","0.2466","0.2517","",
"Spain","ESP","Carbon dioxide (CO2) emissions from Transport (Energy) (Mt CO2e)","EN.GHG.CO2.TR.MT.CE.AR5","","","","","","","","","","","23.3159","25.5158","27.1282","32.3955","35.1066","36.3155","39.8542","39.3293","41.5657","46.8499","45.124","42.5612","42.4272","42.8428","44.4761","43.9428","45.363","47.9279","56.9524","60.3473","63.2138","65.8313","69.3807","68.3905","70.7091","71.9596","76.9047","76.8472","84.2403","88.5096","90.4737","94.6519","96.4278","101.4129","105.7617","109.5413","113.1496","116.1237","109.9247","101.3249","98.4477","91.988","82.6541","81.6526","82.0941","85.1402","88.3378","91.2029","92.2693","93.581","73.7894","86.5391","92.7923","90.136","95.3196","",
"Estonia","EST","Carbon dioxide (CO2) emissions from Transport (Energy) (Mt CO2e)","EN.GHG.CO2.TR.MT.CE.AR5","","","","","","","","","","","2.3426","2.3426","2.4051","2.4625","2.5333","2.6256","2.6429","2.617","2.5863","2.5686","2.6012","2.5831","2.5689","2.488","2.4497","2.415","2.4659","2.4747","2.4527","2.4925","2.3952","2.1701","1.1289","1.2685","1.5628","1.5449","1.627","1.719","1.7782","1.6544","1.6482","1.9672","2.0713","2.0037","2.0441","2.1463","2.3003","2.4121","2.3191","2.1291","2.2441","2.2443","2.2753","2.2264","2.23","2.2955","2.3456","2.4253","2.4668","2.4406","2.2689","2.3923","2.4653","2.4671","2.426","",
"Ethiopia","ETH","Carbon dioxide (CO2) emissions from Transport (Energy) (Mt CO2e)","EN.GHG.CO2.TR.MT.CE.AR5","","","","","","","","","","","0.4853","0.4853","0.4597","0.5096","0.5359","0.4638","0.4835","0.5105","0.5756","0.6233","0.5589","0.5857","0.5594","0.5681","0.5358","0.5734","0.6681","0.7424","0.7718","0.7957","0.795","0.8005","0.7261","0.8752","0.9764","1.0938","1.2118","1.2826","1.4073","1.4521","1.5923","1.9896","2.0787","2.1661","2.3409","2.1183","2.2565","2.4525","2.5352","2.6494","2.7082","2.862","3.2502","3.7997","4.2357","4.7131","5.7345","6.0734","6.7446","7.5277","6.9142","7.4974","7.2753","7.4218","7.5547","",
"European Union","EUU","Carbon dioxide (CO2) emissions from Transport (Energy) (Mt CO2e)","EN.GHG.CO2.TR.MT.CE.AR5","","","","","","","","","","","363.6485","380.8915","401.6497","426.8424","416.5087","435.3584","457.9616","472.7422","497.2776","513.4895","511.9547","502.3397","503.1721","508.2939","519.8395","524.3371","547.6139","568.4284","600.6448","625.2152","642.6378","651.0272","668.9472","674.0295","678.6493","687.2947","710.046","721.3067","750.5252","768.3292","768.2624","782.746","790.7971","804.983","824.602","822.8923","834.7324","843.3028","826.5965","800.0803","793.7029","787.6669","757.3254","750.3402","757.1361","771.8684","790.7998","805.6591","805.2504","811.8137","699.7844","757.712","780.0132","773.2478","782.3725","",
"Fragile and conflict affected situations","FCS","Carbon dioxide (CO2) emissions from Transport (Energy) (Mt CO2e)","EN.GHG.CO2.TR.MT.CE.AR5","","","","","","","","","","","77.7683","77.7683","82.8324","87.9052","93.7915","100.8717","107.4458","112.2767","119.0372","122.2179","129.6332","134.0933","138.2202","139.192","137.9076","139.4478","140.9334","142.6391","146.8309","150.3545","151.7662","165.1879","148.6446","144.6151","140.9242","147.3376","149.7492","157.3581","153.6605","149.7198","154.8842","166.7975","171.9595","163.9696","173.9538","186.5898","185.009","196.5108","205.3375","204.9417","217.3096","221.98","234.8827","242.4185","238.7204","216.5378","223.5654","226.7108","234.8812","241.9826","199.4235","220.2463","238.2749","244.7627","249.8673","",
"Finland","FIN","Carbon dioxide (CO2) emissions from Transport (Energy) (Mt CO2e)","EN.GHG.CO2.TR.MT.CE.AR5","","","","","","","","","","","6.0213","6.2567","6.6271","7.1629","6.9956","7.5366","7.6226","7.6763","7.7814","8.3846","8.3315","8.4376","8.6362","8.8331","9.0911","9.5007","10.0863","10.8021","10.947","11.5585","11.7163","11.4002","11.3527","11.1221","11.5646","11.3582","11.0863","11.6953","11.8552","12.165","11.7472","11.886","12.0699","12.2674","12.6039","12.627","12.8087","13.1477","12.5269","11.9612","12.4667","12.2936","11.9897","11.8315","10.7055","10.6965","11.9103","11.3062","11.5087","11.1148","10.3244","9.8712","9.6766","9.2974","9.0651","",
"Fiji","FJI","Carbon dioxide (CO2) emissions from Transport (Energy) (Mt CO2e)","EN.GHG.CO2.TR.MT.CE.AR5","","","","","","","","","","","0.2459","0.2459","0.2681","0.2556","0.2483","0.288","0.2607","0.289","0.3068","0.3311","0.3368","0.359","0.3646","0.2932","0.2639","0.292","0.2792","0.2623","0.2623","0.2896","0.4706","0.4069","0.4608","0.4893","0.5258","0.4745","0.506","0.5167","0.4847","0.5112","0.5638","0.603","0.464","0.5333","0.6885","0.6437","0.7341","0.6552","0.557","0.506","0.8891","0.6567","0.6423","0.6524","0.6889","0.7145","0.6705","0.7075","0.7501","0.752","0.5086","0.6582","0.6999","0.707","0.7445","",
"France","FRA","Carbon dioxide (CO2) emissions from Transport (Energy) (Mt CO2e)","EN.GHG.CO2.TR.MT.CE.AR5","","","","","","","","","","","55.7277","60.5011","65.8897","71.6623","71.1298","73.4032","80.1068","80.8585","86.4203","86.7952","88.3947","89.9354","90.5699","91.3871","92.9875","92.7774","97.1177","100.3816","106.5003","109.1828","113.2273","116.8466","119.3553","120.4845","121.3772","122.3196","122.1243","124.6398","129.1203","129.5158","132.4783","134.2201","134.1431","132.8236","133.0621","130.7962","131.1234","130.2947","124.3195","122.9294","123.271","127.9001","126.7728","125.8053","125.9002","127.2113","127.7187","128.3758","125.6845","125.301","105.8582","118.7937","123.337","119.2787","119.1752","",
"Faroe Islands","FRO","Carbon dioxide (CO2) emissions from Transport (Energy) (Mt CO2e)","EN.GHG.CO2.TR.MT.CE.AR5","","","","","","","","","","","","","","","","","","","","","","","","","","","","","","","","","","","","","","","","","","","","","","","","","","","","","","","","","","","","","","","","","","",
"Micronesia, Fed. Sts.","FSM","Carbon dioxide (CO2) emissions from Transport (Energy) (Mt CO2e)","EN.GHG.CO2.TR.MT.CE.AR5","","","","","","","","","","","","","","","","","","","","","","","","","","","","","","","","","","","","","","","","","","","","","","","","","","","","","","","","","","","","","","","","","","",
"Gabon","GAB","Carbon dioxide (CO2) emissions from Transport (Energy) (Mt CO2e)","EN.GHG.CO2.TR.MT.CE.AR5","","","","","","","","","","","0","0","0","0.0373","0.0373","0.0435","0.0787","0.4348","0.5537","0.2592","0.2407","0.4471","0.4711","0.428","0.2404","0.3233","0.4707","0.3146","0.3428","0.4119","0.3231","0.3938","0.3687","0.3944","0.3142","0.3431","0.3461","0.3808","0.406","0.3866","0.3204","0.3609","0.3932","0.3517","0.3741","0.3676","0.3706","0.4251","0.4344","0.4059","0.6381","0.7272","0.7533","0.8485","0.8323","0.8098","0.8289","0.2038","0.2033","0.1985","0.1695","0.1768","0.1882","0.1947","0.1979","",
"United Kingdom","GBR","Carbon dioxide (CO2) emissions from Transport (Energy) (Mt CO2e)","EN.GHG.CO2.TR.MT.CE.AR5","","","","","","","","","","","71.3482","73.7045","76.2538","81.3246","79.1128","77.7836","80.6406","82.813","86.7919","88.5285","89.1993","86.4584","88.4747","90.9633","95.353","96.5229","102.6214","106.4488","113.372","118.6662","114.9713","114.3612","115.8267","117.0016","117.3789","116.3315","120.8545","121.9533","121.1918","124.7289","122.9477","121.8988","123.17","124.573","125.9763","127.2021","128.854","129.5536","122.7401","118.3184","116.8489","115.4011","114.9111","114.1737","115.6427","118.8202","121.6266","122.086","120.5629","118.5813","94.2218","103.9746","107.1457","106.2466","106.6993","",
"Georgia","GEO","Carbon dioxide (CO2) emissions from Transport (Energy) (Mt CO2e)","EN.GHG.CO2.TR.MT.CE.AR5","","","","","","","","","","","4.8351","4.8351","4.9112","4.9819","5.0733","5.1737","5.1442","5.0578","4.9455","4.8569","4.8596","4.7871","4.7373","4.5332","4.4321","4.3369","4.3722","4.3529","4.2745","4.3326","3.7182","2.8026","2.325","1.9957","1.4747","1.0286","2.5231","1.8892","1.2458","1.1251","0.9505","1.1537","1.2114","1.239","1.203","1.5142","1.5717","2.0665","1.7442","2.1701","2.2596","2.3138","2.4527","3.0738","3.4386","3.7804","4.2913","3.87","3.7596","3.9017","3.7727","4.1656","4.4005","4.6848","4.718","",
"Ghana","GHA","Carbon dioxide (CO2) emissions from Transport (Energy) (Mt CO2e)","EN.GHG.CO2.TR.MT.CE.AR5","","","","","","","","","","","1.0417","1.0417","1.0459","1.1048","1.1384","1.2271","1.2773","1.363","1.3658","1.1519","1.265","1.4839","1.3481","1.0005","0.9896","1.2669","1.3578","1.383","1.4543","1.638","1.6157","1.4997","1.7895","1.8021","1.8777","2.0456","2.232","2.3294","2.7806","3.0944","2.8824","2.8811","3.336","3.0963","3.5885","3.5454","3.5895","3.7771","4.09","4.9738","5.0645","5.6383","6.7331","7.1216","7.1667","7.7763","7.1861","7.1562","8.3703","8.8898","9.7357","10.569","9.9162","9.4855","9.8601","",
"Gibraltar","GIB","Carbon dioxide (CO2) emissions from Transport (Energy) (Mt CO2e)","EN.GHG.CO2.TR.MT.CE.AR5","","","","","","","","","","","0.0343","0.0343","0.0249","0.0248","0.0249","0.0248","0.0218","0.0218","0.0186","0.0343","0.0406","0.0438","0.0469","0.0343","0.0311","0.0373","0.0627","0.0749","0.0871","0.0745","0.0839","0.1344","0.1656","0.1656","0.2066","0.2003","0.2035","0.2128","0.2253","0.2347","0.2441","0.2534","0.2566","0.2597","0.291","0.2973","0.3098","0.3035","0.3035","0.3379","0.3411","0.3285","0.3349","0.3567","0.388","0.4193","0.4537","0.4909","0.5297","0.5716","0.5304","0.5283","0.5286","0.5218","0.5304","",
"Guinea","GIN","Carbon dioxide (CO2) emissions from Transport (Energy) (Mt CO2e)","EN.GHG.CO2.TR.MT.CE.AR5","","","","","","","","","","","0.0503","0.0503","0.0541","0.0596","0.0605","0.0743","0.0948","0.122","0.131","0.1454","0.1545","0.1616","0.1518","0.1638","0.1664","0.1438","0.2007","0.2184","0.279","0.2623","0.4049","0.3879","0.3508","0.3638","0.3665","0.3784","0.3898","0.3963","0.4075","0.4299","0.6437","0.6879","0.7392","0.7974","0.8416","0.8843","0.9441","1.0234","1.0442","1.1348","1.2804","1.2834","1.2721","1.1591","1.1435","1.3225","1.5427","1.5333","1.7035","2.3345","2.669","2.6274","2.6579","2.5447","2.6452","",
"Gambia, The","GMB","Carbon dioxide (CO2) emissions from Transport (Energy) (Mt CO2e)","EN.GHG.CO2.TR.MT.CE.AR5","","","","","","","","","","","0.0099","0.0099","0.0106","0.0117","0.0119","0.0146","0.0186","0.024","0.0257","0.0286","0.0303","0.0323","0.0298","0.0316","0.035","0.0326","0.0332","0.041","0.0518","0.0506","0.0577","0.0716","0.0625","0.0662","0.0759","0.0736","0.0759","0.0762","0.0824","0.087","0.1289","0.1427","0.1485","0.1531","0.164","0.1676","0.1873","0.2048","0.2134","0.2374","0.2333","0.2362","0.2361","0.2424","0.2491","0.2648","0.2873","0.2916","0.2452","0.2558","0.235","0.281","0.2879","0.2756","0.2865","",
"Guinea-Bissau","GNB","Carbon dioxide (CO2) emissions from Transport (Energy) (Mt CO2e)","EN.GHG.CO2.TR.MT.CE.AR5","","","","","","","","","","","0.0054","0.0054","0.0058","0.0064","0.0065","0.008","0.0102","0.0131","0.014","0.0156","0.0166","0.0176","0.0163","0.0172","0.0234","0.0244","0.0237","0.0403","0.0588","0.0582","0.0797","0.0995","0.0916","0.0994","0.0989","0.1034","0.1015","0.1069","0.1086","0.1146","0.097","0.1008","0.1066","0.1281","0.1353","0.1391","0.1471","0.1623","0.1588","0.1685","0.1655","0.1616","0.1696","0.1784","0.1751","0.188","0.2113","0.1698","0.1875","0.1958","0.1872","0.1973","0.1995","0.191","0.1986","",
"Equatorial Guinea","GNQ","Carbon dioxide (CO2) emissions from Transport (Energy) (Mt CO2e)","EN.GHG.CO2.TR.MT.CE.AR5","","","","","","","","","","","0.0124","0.0124","0.0124","0.0124","0.0124","0.0155","0.0124","0.0124","0.0155","0.0124","0.0093","0.0124","0.0124","0.0062","0.0093","0.0031","0.0062","0.0124","0.0124","0.0124","0.0126","0.0126","0.0126","0.0158","0.0157","0.0189","0.0382","0.0925","0.0796","0.118","0.1821","0.2139","0.2939","0.3385","0.3543","0.3923","0.4335","0.4589","0.4714","0.4903","0.5091","0.5311","0.55","0.5752","0.594","0.6098","0.6255","0.5075","0.4767","0.5202","0.4327","0.438","0.4257","0.4411","0.4489","",
"Greece","GRC","Carbon dioxide (CO2) emissions from Transport (Energy) (Mt CO2e)","EN.GHG.CO2.TR.MT.CE.AR5","","","","","","","","","","","4.5012","4.8947","5.6827","6.2047","5.0813","5.1258","7.282","7.9655","8.5197","8.9128","9.5514","9.6558","9.85","10.7743","11.3083","11.6731","11.9156","12.2998","13.42","14.1924","15.0626","15.8769","16.2821","16.4915","16.5871","16.7123","17.1878","17.7753","19.4194","19.6001","19.0726","19.7686","20.0319","20.9821","21.3923","21.7842","22.288","22.8774","22.1979","24.798","21.9868","19.6398","16.4151","16.3059","16.3472","16.6846","17.159","16.8835","17.1689","17.5507","14.8361","15.9518","17.6193","18.4019","18.5814","",
"Grenada","GRD","Carbon dioxide (CO2) emissions from Transport (Energy) (Mt CO2e)","EN.GHG.CO2.TR.MT.CE.AR5","","","","","","","","","","","0.0008","0.0008","0.0006","0.0007","0.0008","0.0011","0.0012","0.0012","0.0012","0.0011","0.0016","0.0022","0.0023","0.0024","0.0026","0.0026","0.0033","0.0044","0.0048","0.0052","0.0154","0.016","0.0168","0.0194","0.0228","0.0206","0.0222","0.0317","0.0281","0.029","0.0212","0.021","0.0219","0.0235","0.0221","0.0242","0.0279","0.0309","0.0347","0.0379","0.0442","0.033","0.0334","0.0435","0.0399","0.0428","0.0459","0.0463","0.0513","0.0667","0.0521","0.0547","0.0578","0.0585","0.0602","",
"Greenland","GRL","Carbon dioxide (CO2) emissions from Transport (Energy) (Mt CO2e)","EN.GHG.CO2.TR.MT.CE.AR5","","","","","","","","","","","0","0","0","0","0","0","0","0","0","0","0","0","0","0","0","0","0","0","0","0","0","0","0","0","0","0","0","0","0","0","0","0","0","0","0.0916","0.0857","0.0995","0.0838","0.0881","0.0888","0.0956","0.0976","0.0902","0.0874","0.0826","0.0834","0.087","0.0911","0.0858","0.0963","0.0785","0.0854","0.101","0.1019","0.1031","",
"Guatemala","GTM","Carbon dioxide (CO2) emissions from Transport (Energy) (Mt CO2e)","EN.GHG.CO2.TR.MT.CE.AR5","","","","","","","","","","","0.679","0.679","0.8207","0.9504","1.0231","1.1534","0.9796","1.2006","1.2685","1.3409","1.3527","1.2559","1.1707","1.1252","1.2233","1.2681","1.2183","1.421","1.5479","1.587","1.7066","1.7873","1.8731","2.0571","2.1862","2.7305","2.7173","2.8817","3.432","3.5985","3.862","4.5229","4.9191","4.906","4.7739","5.1428","5.3219","5.6318","5.1494","5.8619","5.7833","5.6606","5.6851","5.9748","6.3881","7.3048","7.9364","8.1947","8.5591","9.3649","8.5623","10.2593","10.0217","10.6249","11.0344","",
"Guam","GUM","Carbon dioxide (CO2) emissions from Transport (Energy) (Mt CO2e)","EN.GHG.CO2.TR.MT.CE.AR5","","","","","","","","","","","","","","","","","","","","","","","","","","","","","","","","","","","","","","","","","","","","","","","","","","","","","","","","","","","","","","","","","","",
"Guyana","GUY","Carbon dioxide (CO2) emissions from Transport (Energy) (Mt CO2e)","EN.GHG.CO2.TR.MT.CE.AR5","","","","","","","","","","","0.1855","0.1855","0.1696","0.2496","0.2099","0.2193","0.2252","0.2284","0.2316","0.2347","0.2378","0.2471","0.2502","0.2504","0.238","0.2348","0.2317","0.2346","0.2625","0.2598","0.2597","0.2382","0.2314","0.2346","0.4063","0.4286","0.4817","0.5193","0.5124","0.5847","0.55","0.5655","0.5467","0.5433","0.5623","0.5372","0.4992","0.5523","0.5546","0.5942","0.6061","0.6469","0.6643","0.6294","0.6882","0.6788","0.7644","0.7654","0.7837","0.8843","0.8684","1.0088","1.0699","1.0869","1.1301","",
"High income","HIC","Carbon dioxide (CO2) emissions from Transport (Energy) (Mt CO2e)","EN.GHG.CO2.TR.MT.CE.AR5","","","","","","","","","","","1864.7266","1944.1389","2057.7762","2172.3418","2147.0385","2206.9019","2306.415","2385.6235","2494.1863","2518.1775","2465.4204","2455.8411","2441.5447","2486.2747","2561.4192","2587.0353","2658.6796","2757.4391","2893.5231","2963.952","3064.5209","3055.0752","3119.4358","3126.2014","3187.4683","3229.7385","3307.9095","3344.88","3436.9826","3526.0573","3556.7571","3582.9986","3637.6877","3697.0347","3760.2888","3786.4074","3815.1141","3846.9822","3744.6057","3611.1567","3697.2322","3657.4266","3595.1741","3651.5203","3661.5499","3755.9966","3795.3626","3836.5041","3881.0891","3883.6271","3373.9331","3650.6216","3752.0543","3742.1013","3770.4252","",
"Hong Kong SAR, China","HKG","Carbon dioxide (CO2) emissions from Transport (Energy) (Mt CO2e)","EN.GHG.CO2.TR.MT.CE.AR5","","","","","","","","","","","1.2876","1.2876","1.4995","1.536","1.3767","1.4508","1.6237","1.6925","1.9144","2.7887","2.499","2.9498","3.1767","3.2147","3.0778","2.8443","3.6273","3.463","4.2168","4.1029","4.5873","5.5888","6.3595","7.1493","7.8695","7.5107","7.0581","7.1855","11.7566","15.288","11.5629","10.0948","7.9799","7.7416","5.2423","6.1153","5.4175","5.3762","5.3402","7.1419","6.5621","6.4113","6.3204","6.5081","6.5734","7.2854","7.721","8.3435","7.9346","8.1881","8.9087","7.957","5.9945","7.4118","8.412","",
"Honduras","HND","Carbon dioxide (CO2) emissions from Transport (Energy) (Mt CO2e)","EN.GHG.CO2.TR.MT.CE.AR5","","","","","","","","","","","0.453","0.453","0.4848","0.5323","0.5041","0.5236","0.5425","0.5772","0.6182","0.6532","0.6156","0.6318","0.645","0.7276","0.7626","0.7721","0.8706","0.9369","0.9914","1.0864","1.0451","1.0351","1.164","1.3186","1.5367","1.5479","1.5023","1.6491","1.8284","2.1181","2.1148","2.2542","2.2571","2.2963","2.33","2.1255","1.9891","3.1555","3.0409","2.9688","2.9719","3.0522","3.1704","3.1584","3.2878","3.8931","4.0171","3.914","3.9654","4.2155","3.5348","4.5973","4.602","5.1468","5.3428","",
"Heavily indebted poor countries (HIPC)","HPC","Carbon dioxide (CO2) emissions from Transport (Energy) (Mt CO2e)","EN.GHG.CO2.TR.MT.CE.AR5","","","","","","","","","","","12.5653","12.5653","13.3445","14.2081","14.3047","14.8686","15.1552","16.3648","17.2588","17.3886","18.5598","18.6038","18.1493","18.3002","18.0162","19.0185","19.1974","19.3553","21.4058","21.3559","23.6184","22.8308","23.1801","22.7921","24.403","26.0835","27.5479","28.803","30.1922","30.6639","30.9624","32.8234","35.3622","36.7721","38.926","40.3141","43.2113","48.6649","53.5319","58.6278","63.1","69.1836","75.6344","79.0764","81.9027","88.9893","95.0504","97.1381","104.9378","110.0573","107.246","121.7689","126.227","127.352","131.7442","",
"Croatia","HRV","Carbon dioxide (CO2) emissions from Transport (Energy) (Mt CO2e)","EN.GHG.CO2.TR.MT.CE.AR5","","","","","","","","","","","4.1313","4.1313","3.5968","3.4486","3.5721","3.3535","3.3171","3.2948","3.658","3.5205","3.1898","3.1522","2.9422","2.8941","2.7149","3.0114","3.7363","3.3048","3.6754","3.5236","3.5662","2.8466","2.6915","2.8251","3.0211","3.2108","3.5971","3.8029","3.9377","4.2296","4.3181","4.3764","4.6834","5.0837","5.2249","5.428","5.7815","6.2127","6.15","6.1123","5.87","5.7552","5.5454","5.6309","5.5756","5.8866","6.1013","6.5731","6.3365","6.5107","5.7055","6.1622","6.6454","7.4837","8.0351","",
"Haiti","HTI","Carbon dioxide (CO2) emissions from Transport (Energy) (Mt CO2e)","EN.GHG.CO2.TR.MT.CE.AR5","","","","","","","","","","","0.145","0.145","0.1577","0.1768","0.1766","0.202","0.2527","0.2652","0.2902","0.3124","0.303","0.3064","0.3002","0.2971","0.3034","0.3036","0.3194","0.3413","0.3731","0.4078","0.4269","0.3985","0.4083","0.3799","0.1138","0.5032","0.563","0.5783","0.6385","0.6612","0.7084","0.7788","0.8199","0.7943","0.7726","0.7795","0.7799","0.9489","0.9209","0.9415","1.0782","1.1031","0.9626","0.8954","1.1655","1.4026","1.4215","1.4411","1.4625","1.4691","1.4206","1.395","1.3671","1.3643","1.4168","",
"Hungary","HUN","Carbon dioxide (CO2) emissions from Transport (Energy) (Mt CO2e)","EN.GHG.CO2.TR.MT.CE.AR5","","","","","","","","","","","6.8718","7.1885","6.727","7.0516","7.5801","7.664","7.494","8.1603","8.8805","8.6445","8.4733","8.164","7.9756","7.5067","7.6543","7.7439","8.1381","8.4713","8.5076","8.841","8.4036","7.3526","7.1143","7.0963","6.917","7.1152","7.112","7.5344","8.4008","8.9335","8.8707","9.3405","9.9503","10.4035","10.8849","11.7947","12.5989","12.9709","12.8861","12.8076","11.6492","10.8309","10.5065","9.7939","10.9288","11.9314","11.9586","12.7272","13.5241","14.3388","12.2709","13.6","14.6829","13.6026","13.794","",
"IBRD only","IBD","Carbon dioxide (CO2) emissions from Transport (Energy) (Mt CO2e)","EN.GHG.CO2.TR.MT.CE.AR5","","","","","","","","","","","572.1707","572.2427","607.9291","644.7823","677.8398","730.0887","756.2774","779.9247","804.7603","827.3531","840.9886","858.6198","864.4944","871.5414","890.8034","912.7059","949.8144","985.3274","1015.1726","1061.6725","1153.5413","1183.6666","1174.472","1172.8522","1157.5426","1197.2971","1288.995","1281.9943","1318.3175","1351.0047","1456.7734","1490.8727","1546.2576","1615.5887","1757.8186","1825.5001","1910.2896","2035.6289","2148.4398","2174.8584","2306.2215","2444.2822","2590.7262","2697.3193","2765.6694","2851.6697","2905.6367","3005.6832","3123.328","3146.1587","2823.2169","3058.1866","3114.8274","3237.4528","3278.5285","",
"IDA & IBRD total","IBT","Carbon dioxide (CO2) emissions from Transport (Energy) (Mt CO2e)","EN.GHG.CO2.TR.MT.CE.AR5","","","","","","","","","","","604.9764","605.0483","643.2493","682.5736","716.844000000001","771.7757","801.781","829.8165","859.0335","883.7202","903.2353","922.2083","930.5045","938.904800000001","958.4843","982.0937","1020.8726","1058.2129","1092.6314","1141.5993","1240.2831","1272.8451","1266.1033","1261.3659","1244.6789","1294.2124","1397.5757","1397.5431","1437.5405","1474.4973","1582.8361","1624.3934","1683.8066","1756.5748","1908.1057","1979.5802","2063.897","2200.0316","2319.2541","2351.8096","2497.9166","2647.1615","2801.9051","2921.1124","3000.1731","3090.1808","3166.6681","3274.4388","3408.0444","3437.2073","3109.9614","3371.6369","3446.8239","3555.3614","3608.5044","",
"IDA total","IDA","Carbon dioxide (CO2) emissions from Transport (Energy) (Mt CO2e)","EN.GHG.CO2.TR.MT.CE.AR5","","","","","","","","","","","32.8057","32.8056","35.3202","37.7913","39.0042","41.687","45.5036","49.8918","54.2732","56.3671","62.2467","63.5885","66.0101","67.3634","67.6809","69.3878","71.0582","72.8855","77.4588","79.9268","86.7418","89.1785","91.6313","88.5137","87.1363","96.9153","108.5807","115.5488","119.223","123.4926","126.0627","133.5207","137.549","140.9861","150.2871","154.0801","153.6074","164.4027","170.8143","176.9512","191.6951","202.8793","211.1789","223.7931","234.5037","238.5111","261.0314","268.7556","284.7164","291.0486","286.7445","313.4503","331.9965","317.9086","329.9759","",
"IDA blend","IDB","Carbon dioxide (CO2) emissions from Transport (Energy) (Mt CO2e)","EN.GHG.CO2.TR.MT.CE.AR5","","","","","","","","","","","15.1651","15.165","16.14","17.4351","17.9251","19.986","22.3436","25.2927","28.5958","29.7072","33.333","34.641","36.5762","37.3952","37.1365","37.4076","37.8967","39.4864","41.8115","42.8336","43.8118","46.5137","50.6344","49.3476","46.4475","52.4744","59.684","65.4767","66.2015","70.7041","71.8163","77.0496","78.109","79.213","82.6023","80.1074","77.2562","80.3931","83.7925","83.6406","92.9367","96.8941","100.2913","111.8635","119.0217","120.5645","133.4431","138.2361","144.5628","147.1145","144.6987","159.4421","167.0234","152.3929","158.3587","",
"Indonesia","IDN","Carbon dioxide (CO2) emissions from Transport (Energy) (Mt CO2e)","EN.GHG.CO2.TR.MT.CE.AR5","","","","","","","","","","","8.1012","8.1012","8.732","9.2567","10.6349","11.6483","12.3093","13.3258","14.7317","15.8402","17.8542","19.6403","20.8121","20.1321","20.4874","21.1207","22.369","24.4608","26.5095","28.8272","32.198","35.8506","37.9134","40.4883","45.353","49.2568","54.5977","60.65","59.1995","58.7832","62.6861","66.7531","67.9905","69.2743","70.8286","69.8383","66.2946","67.8144","72.0703","81.6817","89.1139","108.496","129.6247","136.1181","136.587","132.025","128.0997","135.0437","147.3094","148.0442","125.9607","133.922","146.6123","146.8341","151.7347","",
"IDA only","IDX","Carbon dioxide (CO2) emissions from Transport (Energy) (Mt CO2e)","EN.GHG.CO2.TR.MT.CE.AR5","","","","","","","","","","","17.6406","17.6406","19.1802","20.3562","21.0791","21.701","23.16","24.5991","25.6774","26.6599","28.9137","28.9475","29.4339","29.9682","30.5444","31.9802","33.1615","33.3991","35.6473","37.0932","42.93","42.6648","40.9969","39.1661","40.6888","44.4409","48.8967","50.0721","53.0215","52.7885","54.2464","56.4711","59.44","61.7731","67.6848","73.9727","76.3512","84.0096","87.0218","93.3106","98.7584","105.9852","110.8876","111.9296","115.482","117.9466","127.5883","130.5195","140.1536","143.9341","142.0458","154.0082","164.9731","165.5157","171.6172","",
"Isle of Man","IMN","Carbon dioxide (CO2) emissions from Transport (Energy) (Mt CO2e)","EN.GHG.CO2.TR.MT.CE.AR5","","","","","","","","","","","","","","","","","","","","","","","","","","","","","","","","","","","","","","","","","","","","","","","","","","","","","","","","","","","","","","","","","","",
"India","IND","Carbon dioxide (CO2) emissions from Transport (Energy) (Mt CO2e)","EN.GHG.CO2.TR.MT.CE.AR5","","","","","","","","","","","43.9234","43.9234","44.1811","42.927","46.1015","47.8191","47.2023","48.6089","50.2588","52.9688","55.2969","56.0095","47.9113","49.6755","49.8648","52.7323","53.7211","56.7711","58.9536","64.4544","64.384","66.9294","68.5466","68.5508","70.811","78.2901","83.8017","85.802","88.7755","93.3144","95.0898","94.9184","97.7374","99.526","108.0512","115.4037","120.6481","142.9764","163.2097","178.7119","192.9189","209.2899","221.5177","226.2589","235.7472","257.7479","269.3869","291.2325","305.6906","308.5592","268.6795","295.0913","323.7623","332.6835","344.3479","",
"Not classified","INX","Carbon dioxide (CO2) emissions from Transport (Energy) (Mt CO2e)","EN.GHG.CO2.TR.MT.CE.AR5","","","","","","","","","","","","","","","","","","","","","","","","","","","","","","","","","","","","","","","","","","","","","","","","","","","","","","","","","","","","","","","","","","",
"Ireland","IRL","Carbon dioxide (CO2) emissions from Transport (Energy) (Mt CO2e)","EN.GHG.CO2.TR.MT.CE.AR5","","","","","","","","","","","2.6234","2.832","3.017","3.3298","3.4324","3.4307","3.5194","3.9312","4.629","4.7293","4.5478","4.5605","4.3388","4.1524","4.0338","4.4607","4.4126","4.2472","4.3612","4.65","4.8856","5.0712","5.4434","5.4829","5.7014","5.852","6.8041","7.1585","8.4494","9.3307","10.3929","10.8788","11.0817","11.2799","11.9901","12.6739","13.8777","14.2112","13.3878","12.1396","11.3398","10.7599","10.5521","10.7055","11.1272","11.2774","11.9445","11.6747","11.8423","11.8293","9.9622","10.6198","11.2761","11.301","11.4124","",
"Iran, Islamic Rep.","IRN","Carbon dioxide (CO2) emissions from Transport (Energy) (Mt CO2e)","EN.GHG.CO2.TR.MT.CE.AR5","","","","","","","","","","","7.5311","7.5311","8.268","10.3531","12.1011","14.9787","17.9771","20.8987","21.6252","23.105","21.3406","21.4834","23.4966","29.085","31.3815","34.9817","33.0577","34.8742","34.8249","36.8238","39.1512","42.3199","44.1533","49.8134","56.7519","55.711","59.9305","61.2677","63.7259","71.2084","76.4895","80.311","86.565","91.433","96.9574","104.9332","111.1354","110.5487","115.2306","125.2089","116.7473","116.9365","123.7662","128.2371","141.1521","139.1042","130.2403","134.8501","138.1823","143.3254","128.6165","141.3844","142.2082","144.5997","146.1287","",
"Iraq","IRQ","Carbon dioxide (CO2) emissions from Transport (Energy) (Mt CO2e)","EN.GHG.CO2.TR.MT.CE.AR5","","","","","","","","","","","2.4623","2.4623","2.7672","2.942","3.4182","4.35","5.499","6.3661","7.2475","8.5599","9.8229","11.1727","13.4527","13.8402","14.9026","16.0136","16.2531","17.2648","18.2159","20.8053","21.7688","18.3521","23.2784","24.5109","24.7922","24.7276","24.1553","23.762","24.2153","24.2198","26.3711","28.8288","27.7698","21.565","24.1359","26.0455","25.8746","25.6979","24.6048","25.2713","28.0187","29.8613","33.0976","31.63","25.0628","24.0132","24.5169","27.734","32.3749","34.4342","28.6716","35.5808","40.9382","43.661","44.7944","",
"Iceland","ISL","Carbon dioxide (CO2) emissions from Transport (Energy) (Mt CO2e)","EN.GHG.CO2.TR.MT.CE.AR5","","","","","","","","","","","0.2875","0.3059","0.3211","0.3793","0.3456","0.3819","0.4098","0.4099","0.4591","0.496","0.4682","0.5672","0.4868","0.4809","0.5242","0.4966","0.5243","0.5764","0.5945","0.5977","0.6282","0.6373","0.6346","0.6316","0.6596","0.6094","0.6797","0.5874","0.6118","0.6244","0.6278","0.6371","0.6372","0.6403","0.6716","0.6716","0.9002","0.9663","0.9136","0.8884","0.845","0.8173","0.7992","0.8151","0.818","0.847","0.9265","0.9801","1.0192","1.0126","0.8479","0.8748","0.9498","0.9356","0.9697","",
"Israel","ISR","Carbon dioxide (CO2) emissions from Transport (Energy) (Mt CO2e)","EN.GHG.CO2.TR.MT.CE.AR5","","","","","","","","","","","3.1577","3.1577","3.1501","3.4368","3.4761","3.566","3.5924","3.6425","4.0388","4.117","4.1444","4.0859","4.4549","4.7063","4.5299","4.9485","5.2905","5.7293","5.9493","6.0823","8.034","8.2971","9.0691","9.5432","10.2596","11.2658","11.8886","12.6579","11.7887","12.5376","13.3651","13.276","13.8155","14.2938","14.1648","13.4658","13.7693","14.5042","15.9824","15.7018","16.4481","15.6682","17.1502","15.8908","16.0328","16.9281","17.489","17.9643","18.0406","18.1326","16.2971","17.345","18.6863","18.3605","17.4448","",
"Italy","ITA","Carbon dioxide (CO2) emissions from Transport (Energy) (Mt CO2e)","EN.GHG.CO2.TR.MT.CE.AR5","","","","","","","","","","","46.2192","48.1678","51.4365","55.2293","51.8255","54.975","57.4232","61.0416","64.1481","70.3141","71.2135","71.295","73.7608","74.0276","76.922","79.713","82.7223","87.9184","90.8149","94.1783","96.0715","97.9337","102.9622","104.8523","104.6119","106.8864","108.6568","110.2523","113.424","116.2639","116.3621","118.4897","120.7485","121.8089","124.0354","122.958","124.2572","124.7349","117.9282","111.841","109.1873","109.1507","102.511","100.7233","105.3928","103.0085","101.7113","97.6111","100.2026","100.9187","80.6748","98.1237","103.8308","104.7823","104.7041","",
"Jamaica","JAM","Carbon dioxide (CO2) emissions from Transport (Energy) (Mt CO2e)","EN.GHG.CO2.TR.MT.CE.AR5","","","","","","","","","","","1.2905","1.2905","1.064","1.0115","0.8705","0.9362","0.9421","0.8793","0.8544","0.8077","0.7267","0.7575","0.8328","0.9128","0.8249","0.819","0.8438","0.8873","0.9473","0.9878","1.0843","1.0283","1.073","1.1611","1.1673","1.3974","1.6063","1.6967","1.8444","1.9297","1.9349","1.8826","2.0721","2.0674","2.1185","2.2126","2.1502","2.0693","2.0412","1.9975","1.8563","1.8412","1.5089","1.6054","1.6884","1.6465","1.8005","1.9517","2.2505","2.4614","1.6827","2.3671","2.5969","2.5956","2.6894","",
"Jordan","JOR","Carbon dioxide (CO2) emissions from Transport (Energy) (Mt CO2e)","EN.GHG.CO2.TR.MT.CE.AR5","","","","","","","","","","","0.5202","0.5202","0.6306","0.7134","0.8239","1.0172","1.2131","1.2704","1.5664","1.6289","1.6634","1.6597","2.206","2.3583","2.2863","2.392","2.8825","2.9022","2.9594","2.9719","2.7291","2.5297","2.6697","2.7501","2.7504","3.0049","3.0641","3.2102","3.2516","3.3246","3.5949","3.7069","3.7678","3.8322","4.4042","4.854","4.768","5.0915","4.6309","5.1533","5.2167","5.3319","6.8698","7.114","7.0454","7.8293","8.2974","9.1197","9.0094","8.4763","7.1252","7.9291","7.8409","7.9316","7.9731","",
"Japan","JPN","Carbon dioxide (CO2) emissions from Transport (Energy) (Mt CO2e)","EN.GHG.CO2.TR.MT.CE.AR5","","","","","","","","","","","94.535","102.2835","107.5207","118.0919","120.0637","125.4616","132.0123","138.3276","147.9378","155.5621","157.4687","153.9969","148.5333","152.6538","157.4285","159.3112","164.8701","170.9024","179.9745","192.8064","211.9623","222.3299","227.0188","232.1185","244.2424","252.4513","258.2726","260.4715","259.6623","261.9993","261.5439","263.622","259.1155","256.8402","256.7932","254.0178","250.1338","242.9094","233.8099","227.6361","228.6503","223.0273","220.6993","218.0274","211.9674","211.3432","208.9082","207.0502","204.5087","200.8072","180.4858","183.1147","186.4574","186.4102","174.9002","",
"Kazakhstan","KAZ","Carbon dioxide (CO2) emissions from Transport (Energy) (Mt CO2e)","EN.GHG.CO2.TR.MT.CE.AR5","","","","","","","","","","","6.7245","6.7245","7.2188","7.6637","8.1866","9.0113","9.4328","9.5587","9.771","10.0315","10.4818","10.666","10.7649","10.7897","10.8353","10.8878","11.4392","11.6898","11.8347","12.0882","14.4209","18.0891","15.8278","13.188","9.0492","9.1589","8.2141","7.0418","7.9293","5.8236","9.3792","8.1969","9.1265","8.6536","9.2317","9.5543","10.5348","12.0992","13.7838","12.4388","13.1541","13.465","14.4041","13.6134","14.4129","15.2595","15.7727","15.0039","17.43","16.323","20.6923","22.9575","23.6707","29.5918","30.6726","",
"Kenya","KEN","Carbon dioxide (CO2) emissions from Transport (Energy) (Mt CO2e)","EN.GHG.CO2.TR.MT.CE.AR5","","","","","","","","","","","1.5439","1.5439","1.5462","1.6591","1.6388","1.5076","1.5966","1.8047","1.7988","1.6367","1.9177","1.8214","1.7859","1.8256","2.1748","2.3352","2.6053","2.5518","2.4927","2.6445","2.6926","2.7584","2.5578","2.3808","2.317","2.5637","2.6871","2.6653","2.7294","2.6853","2.7131","2.6703","2.7927","2.5012","2.7613","2.8884","3.2356","3.2704","3.3585","4.1653","4.9501","4.6137","4.8999","5.8174","6.4845","7.9867","8.7772","8.5903","9.6699","10.7315","10.3763","10.8622","10.6527","10.1874","10.3792","",
"Kyrgyz Republic","KGZ","Carbon dioxide (CO2) emissions from Transport (Energy) (Mt CO2e)","EN.GHG.CO2.TR.MT.CE.AR5","","","","","","","","","","","1.9569","1.9569","2.1494","2.3348","2.5555","2.8135","3.0408","3.097","3.1748","3.2958","3.5645","3.5761","3.5731","3.5141","3.4771","3.4825","3.7354","3.8349","3.8791","3.9856","6.0207","4.6574","2.7083","1.5774","0.5003","1.1216","1.1808","1.2578","1.2231","1.1338","0.851","0.8898","0.7775","0.9368","1.1849","1.0889","1.1632","1.746","1.9585","2.2714","1.9828","2.7716","3.9353","3.9402","3.1544","2.6717","3.2717","1.8404","1.4868","1.1282","1.3787","1.6261","1.4524","1.4958","1.4835","",
"Cambodia","KHM","Carbon dioxide (CO2) emissions from Transport (Energy) (Mt CO2e)","EN.GHG.CO2.TR.MT.CE.AR5","","","","","","","","","","","0.0658","0.0658","0.0717","0.0684","0.0664","0.0771","0.0698","0.0773","0.0821","0.0886","0.0901","0.0984","0.1114","0.1242","0.1368","0.1486","0.1184","0.136","0.1457","0.1358","0.2076","0.2286","0.2499","0.2485","0.2629","1.1581","1.1598","1.2029","1.3953","1.3624","1.3204","1.5138","1.3241","1.3515","1.3744","1.5031","1.6063","2.0037","2.0698","2.6885","2.9473","3.1221","3.2937","3.375","3.6977","4.0688","4.5094","4.802","5.1492","6.2287","6.5775","6.5912","6.8042","6.7699","7.0873","",
"Kiribati","KIR","Carbon dioxide (CO2) emissions from Transport (Energy) (Mt CO2e)","EN.GHG.CO2.TR.MT.CE.AR5","","","","","","","","","","","0.0069","0.0069","0.0076","0.0072","0.007","0.0081","0.0073","0.0081","0.0086","0.0093","0.0095","0.0098","0.0101","0.0099","0.0049","0.0053","0.0044","0.0059","0.0059","0.0055","0.0084","0.0088","0.0095","0.0095","0.01","0.0083","0.0085","0.0087","0.0084","0.0082","0.0134","0.0118","0.0165","0.0166","0.0165","0.0239","0.0271","0.0244","0.0313","0.029","0.0334","0.0319","0.0313","0.0301","0.0281","0.0289","0.0303","0.033","0.0357","0.0365","0.0362","0.0406","0.0381","0.0385","0.0406","",
"St. Kitts and Nevis","KNA","Carbon dioxide (CO2) emissions from Transport (Energy) (Mt CO2e)","EN.GHG.CO2.TR.MT.CE.AR5","","","","","","","","","","","0.0011","0.0011","0.0009","0.0009","0.0011","0.0014","0.0015","0.0016","0.0017","0.0014","0.0021","0.0022","0.0023","0.0024","0.0026","0.0026","0.0024","0.0026","0.0029","0.0032","0.0063","0.0087","0.0089","0.011","0.0132","0.0111","0.013","0.0139","0.0145","0.015","0.0184","0.0183","0.0199","0.0203","0.0218","0.0207","0.0238","0.0262","0.0283","0.0323","0.0368","0.0279","0.0281","0.0323","0.0353","0.0373","0.0402","0.0376","0.0397","0.0481","0.0406","0.0395","0.0444","0.045","0.0463","",
"Korea, Rep.","KOR","Carbon dioxide (CO2) emissions from Transport (Energy) (Mt CO2e)","EN.GHG.CO2.TR.MT.CE.AR5","","","","","","","","","","","6.4894","6.4894","5.9914","7.5504","7.1023","7.2056","7.9296","11.908","13.839","17.07","14.5228","11.1287","12.6077","16.1418","17.7573","19.2331","22.3913","26.9139","30.7889","35.0888","43.7377","49.0373","54.5183","61.4973","64.5718","72.4732","76.3675","78.0653","65.1651","71.7985","77.7771","81","86.3802","88.3028","88.912","86.0213","85.9062","88.5844","84.1324","84.9928","86.5592","85.0844","87.5201","90.8042","92.3753","98.3747","101.1766","103.3303","101.4193","105.9948","98.7358","103.0353","105.9071","105.0896","108.9626","",
"Kuwait","KWT","Carbon dioxide (CO2) emissions from Transport (Energy) (Mt CO2e)","EN.GHG.CO2.TR.MT.CE.AR5","","","","","","","","","","","1.9384","1.9384","2.1603","2.1978","2.0821","2.0288","2.1226","2.4329","3.0157","3.228","5.3497","6.9453","8.8776","9.0464","7.3847","9.2306","9.4601","9.2668","11.0538","13.5775","2.8412","1.8981","4.539","4.7824","5.0435","5.3404","5.4469","5.6952","5.8389","6.0076","6.0221","6.1288","6.5144","7.0782","7.5373","8.1592","9.2575","9.5699","10.5412","11.7278","12.1764","12.4959","12.8453","13.1513","13.6175","14.051","14.5009","15.0775","15.8907","16.3058","13.2093","15.7978","17.2397","17.8821","19.0306","",
"Latin America & Caribbean (excluding high income)","LAC","Carbon dioxide (CO2) emissions from Transport (Energy) (Mt CO2e)","EN.GHG.CO2.TR.MT.CE.AR5","","","","","","","","","","","120.9098","120.9097","131.9077","146.1913","156.6078","164.4507","174.6765","178.8032","190.0911","202.6519","207.6523","216.4205","216.5603","204.587","208.0265","209.2417","218.2215","221.962","224.8516","236.0519","243.1307","253.4212","257.8589","267.0651","277.7216","287.3385","308.6224","323.3691","335.2999","331.192","333.1521","336.6203","336.9529","343.0186","365.6057","374.578","390.4705","410.8258","426.7425","418.0612","447.6334","474.7063","494.4408","504.571","509.8938","506.5265","515.9395","516.9231","510.0658","519.0943","435.1198","484.9512","532.3107","540.0357","542.5374","",
"Lao PDR","LAO","Carbon dioxide (CO2) emissions from Transport (Energy) (Mt CO2e)","EN.GHG.CO2.TR.MT.CE.AR5","","","","","","","","","","","0.1039","0.1039","0.1133","0.108","0.1049","0.1217","0.1102","0.1221","0.1296","0.1399","0.1423","0.059","0.0557","0.0596","0.0538","0.0637","0.0634","0.0729","0.0729","0.0769","0.1176","0.1429","0.1562","0.1553","0.1725","0.1491","0.1687","0.1938","0.187","0.1816","0.7747","0.8668","0.8883","0.9261","0.9634","1.0039","1.0665","1.1726","1.3464","1.5089","1.5217","1.5131","1.6883","1.9216","2.2334","2.3495","2.9873","3.0362","3.1217","2.4653","2.4438","2.4931","2.5491","2.5377","2.654","",
"Lebanon","LBN","Carbon dioxide (CO2) emissions from Transport (Energy) (Mt CO2e)","EN.GHG.CO2.TR.MT.CE.AR5","","","","","","","","","","","1.2512","1.2512","1.3754","1.6051","1.7883","1.484","1.5337","1.2419","1.4685","1.5213","1.8535","2.0056","1.5523","1.9125","1.987","2.2943","2.0677","2.1112","1.4871","1.8628","1.8628","2.3285","3.2319","3.7691","3.5401","4.1802","4.3316","4.1685","4.4575","4.2463","4.0013","3.7374","3.7502","3.9954","4.0112","4.0423","3.8903","3.0583","4.4401","5.1138","5.0457","5.0584","8.1195","6.7174","7.1225","8.3469","8.8632","9.3247","8.1123","8.4203","7.2267","7.0065","6.3881","6.4606","6.4941","",
"Liberia","LBR","Carbon dioxide (CO2) emissions from Transport (Energy) (Mt CO2e)","EN.GHG.CO2.TR.MT.CE.AR5","","","","","","","","","","","0.1168","0.1168","0.1255","0.1383","0.1404","0.1725","0.2201","0.2832","0.3041","0.3375","0.3586","0.3525","0.3252","0.3447","0.3212","0.2984","0.2493","0.1886","0.3105","0.2467","0.1668","0.1193","0.1089","0.1181","0.1175","0.1228","0.1315","0.132","0.1391","0.1468","0.1889","0.2063","0.211","0.2384","0.2644","0.3136","0.3333","0.321","0.2847","0.2694","0.405","0.4352","0.4956","0.4558","0.5579","0.5862","0.7209","0.6213","0.2685","0.4804","0.3729","0.3691","0.395","0.3782","0.3931","",
"Libya","LBY","Carbon dioxide (CO2) emissions from Transport (Energy) (Mt CO2e)","EN.GHG.CO2.TR.MT.CE.AR5","","","","","","","","","","","0.6582","0.6582","1.3024","1.6402","2.0761","2.6422","2.9249","3.2257","3.7324","3.9714","4.6908","5.4797","5.8411","5.7941","6.0136","5.8832","5.7129","5.9141","5.9986","6.159","6.1869","6.234","6.3257","7.4401","8.8366","9.5091","10.5153","10.0975","9.9463","10.9522","11.1326","11.4914","11.7122","11.8854","12.3842","12.8594","12.9598","11.7878","13.4577","15.6077","18.2504","13.6163","16.8848","17.6876","19.5594","15.1356","18.2731","17.2221","16.77","17.0638","16.6709","16.8554","17.5497","18.9302","19.8772","",
"St. Lucia","LCA","Carbon dioxide (CO2) emissions from Transport (Energy) (Mt CO2e)","EN.GHG.CO2.TR.MT.CE.AR5","","","","","","","","","","","0.0021","0.0021","0.0017","0.0019","0.0022","0.0029","0.0031","0.0032","0.0033","0.0029","0.0041","0.0032","0.0045","0.0042","0.0046","0.0059","0.0064","0.0075","0.0099","0.0108","0.0215","0.0222","0.0227","0.0227","0.0277","0.0274","0.0274","0.0293","0.0306","0.0316","0.0357","0.0373","0.0335","0.0381","0.0365","0.0392","0.0439","0.0473","0.0526","0.0575","0.0677","0.0506","0.0511","0.059","0.0644","0.0666","0.0706","0.0709","0.0927","0.1089","0.0941","0.096","0.101","0.1022","0.1052","",
"Latin America & Caribbean","LCN","Carbon dioxide (CO2) emissions from Transport (Energy) (Mt CO2e)","EN.GHG.CO2.TR.MT.CE.AR5","","","","","","","","","","","143.7391","143.7713","155.9115","171.9141","184.2857","193.8613","206.7607","212.6548","227.1947","241.1803","247.6484","257.8124","257.8608","245.4634","248.1447","249.7617","259.4523","264.4125","269.1718","279.6347","289.219","301.9346","307.6182","320.3656","333.2568","345.4626","369.6414","383.6933","398.138","394.3788","397.7033","402.5297","405.916","407.7913","432.3403","450.0837","469.0425","495.1835","514.5651","507.4036","536.6555","566.387","590.4185","601.6476","606.3125","599.0908","604.5239","602.9867","591.9327","600.1985","490.2383","544.5383","600.5506","609.3901","612.3295","",
"Least developed countries: UN classification","LDC","Carbon dioxide (CO2) emissions from Transport (Energy) (Mt CO2e)","EN.GHG.CO2.TR.MT.CE.AR5","","","","","","","","","","","11.2411","11.2411","12.6486","13.0444","13.3358","12.873","13.2108","13.4015","14.7902","15.4966","17.1222","16.6104","16.8665","17.3253","17.2684","18.4551","19.0757","18.4228","20.7787","20.9611","23.5625","24.6012","24.8347","23.484","25.3557","27.5393","28.9602","29.996","31.5298","31.8113","33.3616","35.8489","37.8581","42.0949","45.236","47.1459","49.6981","54.2088","58.3772","67.0801","71.1386","76.8544","80.7357","86.7714","90.3196","91.4024","99.1697","103.3804","111.5669","116.1663","111.5088","122.743","136.5436","135.8634","140.8174","",
"Low income","LIC","Carbon dioxide (CO2) emissions from Transport (Energy) (Mt CO2e)","EN.GHG.CO2.TR.MT.CE.AR5","","","","","","","","","","","8.5229","8.5229","9.2664","10.2299","10.8939","11.4561","12.0786","12.9807","14.8246","16.8663","18.3822","18.2898","18.6184","19.3432","19.311","20.1219","20.0403","20.7795","22.7126","23.8307","26.7852","26.1074","24.5128","22.6104","22.7697","22.7279","23.6932","23.4844","25.1043","22.6917","24.5266","25.0673","25.8514","26.6529","29.8636","34.2791","36.0389","38.5422","41.8881","45.4621","46.4323","48.6781","46.7262","45.6334","45.6203","42.7959","43.2504","48.6534","53.6629","55.637","53.9066","57.6511","59.672","60.3139","61.7001","",
"Liechtenstein","LIE","Carbon dioxide (CO2) emissions from Transport (Energy) (Mt CO2e)","EN.GHG.CO2.TR.MT.CE.AR5","","","","","","","","","","","","","","","","","","","","","","","","","","","","","","","","","","","","","","","","","","","","","","","","","","","","","","","","","","","","","","","","","","",
"Sri Lanka","LKA","Carbon dioxide (CO2) emissions from Transport (Energy) (Mt CO2e)","EN.GHG.CO2.TR.MT.CE.AR5","","","","","","","","","","","1.3546","1.3546","1.6987","1.6354","1.4551","1.3116","1.432","1.5566","1.8338","2.051","2.0816","2.0781","2.1965","2.0848","2.334","2.4363","2.4483","2.5083","2.5324","2.4031","2.4958","2.5136","2.7984","2.9934","3.484","3.6963","5.0748","4.6669","4.8766","5.402","5.1564","5.2172","5.315","5.6578","5.8438","6.3153","5.988","6.5694","6.0217","5.499","6.9208","7.3827","7.9824","7.7239","8.0256","9.2297","11.2888","10.4485","9.9507","10.1975","8.8874","10.127","8.7878","9.7939","10.3154","",
"Lower middle income","LMC","Carbon dioxide (CO2) emissions from Transport (Energy) (Mt CO2e)","EN.GHG.CO2.TR.MT.CE.AR5","","","","","","","","","","","92.1459","92.1459","96.3509","97.1959","101.4304","105.5939","107.7668","113.3328","120.9537","125.8771","135.301","137.2962","131.3031","135.7922","137.24","143.6696","146.9936","153.4237","160.1666","169.511","176.8821","182.0823","191.7255","196.9414","200.3539","223.371","244.873","256.4942","267.0095","279.7927","284.395","290.86","301.9268","311.3447","332.809","338.318","343.005","382.0864","411.62","442.1146","477.1392","505.4448","537.6908","557.5245","582.5962","623.9224","667.2149","699.7217","727.3754","733.9618","667.2931","728.3029","787.3151","790.7936","825.249","",
"Low & middle income","LMY","Carbon dioxide (CO2) emissions from Transport (Energy) (Mt CO2e)","EN.GHG.CO2.TR.MT.CE.AR5","","","","","","","","","","","412.4238","413.2447","441.1844","472.0023","497.8027","533.4093","555.7661","581.0555","604.5574","627.8138","644.2424","661.3069","666.8986","672.422900000001","690.5562","711.9368","738.6692","767.3959","794.6904","834.1364","864.7114","902.1108","904.087900000001","941.7474","948.9895","1012.0924","1115.0623","1128.4364","1134.8655","1167.1726","1287.4696","1318.4909","1372.2051","1435.8128","1565.7179","1626.9895","1694.4389","1818.6492","1915.5688","1962.5415","2092.0637","2231.5209","2393.2692","2514.7177","2590.1689","2680.7922","2752.5061","2850.1581","2972.617","2996.0211","2721.9695","2948.583","3007.3865","3101.9984","3142.9045","",
"Lesotho","LSO","Carbon dioxide (CO2) emissions from Transport (Energy) (Mt CO2e)","EN.GHG.CO2.TR.MT.CE.AR5","","","","","","","","","","","0.009","0.009","0.0097","0.0106","0.0108","0.0133","0.0169","0.0218","0.0234","0.026","0.0276","0.0294","0.0271","0.0287","0.0292","0.0298","0.0353","0.0359","0.0311","0.0443","0.0502","0.0627","0.0546","0.0532","0.058","0.0606","0.0625","0.0627","0.0611","0.0645","0.1697","0.1744","0.1845","0.1901","0.2044","0.2064","0.2112","0.2839","0.2382","0.2801","0.2765","0.2773","0.3068","0.3161","0.3089","0.3106","0.3683","0.4016","0.4055","0.433","0.3933","0.451","0.5729","0.579","0.5845","",
"Late-demographic dividend","LTE","Carbon dioxide (CO2) emissions from Transport (Energy) (Mt CO2e)","EN.GHG.CO2.TR.MT.CE.AR5","","","","","","","","","","","326.9722","326.4823","350.3555","375.6073","394.2228","427.2067","442.027","451.8364","464.448","479.6988","482.8277","487.0985","496.0517","502.9425","512.3653","524.2641","553.4988","571.3231","589.4582","617.1541","678.424","682.7299","684.5972","662.0691","629.3241","651.4229","714.2971","690.2196","717.4161","737.8072","827.3537","852.9137","890.6774","949.1462","1054.877","1090.6263","1146.3494","1213.2905","1286.8114","1285.1574","1387.3406","1476.3214","1555.6319","1635.0356","1686.2151","1741.1892","1785.9429","1851.8796","1934.9731","1946.2579","1814.8193","1944.8537","1920.6509","2015.5466","2032.7001","",
"Lithuania","LTU","Carbon dioxide (CO2) emissions from Transport (Energy) (Mt CO2e)","EN.GHG.CO2.TR.MT.CE.AR5","","","","","","","","","","","2.1138","2.1138","2.2952","2.4649","2.6659","2.9348","3.1232","3.1732","3.2485","3.3546","3.5697","3.6052","3.6193","3.5917","3.5791","3.5903","3.8131","3.9061","3.9527","4.0499","5.5083","6.0802","4.0115","3.0646","2.4024","2.9392","3.2354","3.6263","3.8223","3.4092","3.0417","3.3213","3.4387","3.4876","3.8279","4.0611","4.3323","5.0326","5.0095","4.1383","4.2754","4.2503","4.2809","4.2796","4.7606","5.0536","5.4387","5.6897","6.0486","6.2718","6.1102","6.0921","5.9789","6.0975","5.9794","",
"Luxembourg","LUX","Carbon dioxide (CO2) emissions from Transport (Energy) (Mt CO2e)","EN.GHG.CO2.TR.MT.CE.AR5","","","","","","","","","","","0.4907","0.5366","0.6011","0.6841","0.6811","0.8453","0.8929","0.9158","1.0618","1.2098","1.272","1.4268","1.4361","1.4121","1.4377","1.5535","1.61","1.8005","1.8888","2.2057","2.6252","3.1479","3.4374","3.4687","3.5201","3.3499","3.4445","3.6538","3.824","4.2482","4.853","5.098","5.3071","5.8589","6.8288","7.2067","6.8973","6.6197","6.7165","6.1906","6.5526","6.9452","6.6283","6.4843","6.1913","5.7527","5.5763","5.6824","6.0666","6.2037","4.6667","4.9875","4.3262","4.1862","4.3158","",
"Latvia","LVA","Carbon dioxide (CO2) emissions from Transport (Energy) (Mt CO2e)","EN.GHG.CO2.TR.MT.CE.AR5","","","","","","","","","","","1.5399","1.5399","1.6458","1.7378","1.8469","2.0318","2.1117","2.1372","2.1842","2.236","2.3157","2.366","2.3952","2.4132","2.4375","2.462","2.5859","2.6522","2.6917","2.7508","3.0596","2.7939","2.4484","2.2759","2.105","2.0061","1.9313","1.9663","1.9432","1.9121","2.1227","2.5141","2.5919","2.7366","2.8748","3.0016","3.3159","3.7515","3.5458","3.1094","3.181","2.8222","2.7278","2.762","2.884","3.0576","3.0839","3.2393","3.2407","3.2247","3.0319","3.1257","3.0552","3.0649","2.919","",
"Macao SAR, China","MAC","Carbon dioxide (CO2) emissions from Transport (Energy) (Mt CO2e)","EN.GHG.CO2.TR.MT.CE.AR5","","","","","","","","","","","0.1108","0.1108","0.1208","0.1152","0.1119","0.1298","0.1175","0.1303","0.1383","0.1492","0.1518","0.1525","0.1671","0.2286","0.2443","0.2176","0.2496","0.3108","0.301","0.2986","0.4755","0.4855","0.5467","0.598","0.6736","0.555","0.6606","0.6961","0.7202","0.7398","0.6051","0.6338","0.6558","0.6509","0.7259","0.7936","0.8344","0.765","0.7286","0.8491","0.7578","0.8523","0.8738","0.8253","0.7949","1.1984","1.1517","1.0346","0.8785","0.894","0.8452","0.8063","0.757","0.7647","0.8051","",
"St. Martin (French part)","MAF","Carbon dioxide (CO2) emissions from Transport (Energy) (Mt CO2e)","EN.GHG.CO2.TR.MT.CE.AR5","","","","","","","","","","","","","","","","","","","","","","","","","","","","","","","","","","","","","","","","","","","","","","","","","","","","","","","","","","","","","","","","","","",
"Morocco","MAR","Carbon dioxide (CO2) emissions from Transport (Energy) (Mt CO2e)","EN.GHG.CO2.TR.MT.CE.AR5","","","","","","","","","","","1.7401","1.7401","1.8633","2.002","2.0111","2.1635","2.2693","2.533","2.5937","2.8841","2.5926","2.5587","2.7679","2.675","2.5735","2.6065","2.7591","2.8958","3.0318","3.4707","3.8941","4.3268","4.7937","5.2202","5.6405","5.9863","6.3974","6.8332","7.269","7.7639","8.1718","8.5828","8.9938","9.3706","9.8322","10.2369","10.5436","11.1918","12.2634","12.9727","13.6451","14.4424","14.6534","15.2097","15.4069","16.3754","17.0426","17.6768","18.1646","18.9527","16.6399","18.6408","17.5546","18.2943","19.451","",
"Monaco","MCO","Carbon dioxide (CO2) emissions from Transport (Energy) (Mt CO2e)","EN.GHG.CO2.TR.MT.CE.AR5","","","","","","","","","","","","","","","","","","","","","","","","","","","","","","","","","","","","","","","","","","","","","","","","","","","","","","","","","","","","","","","","","","",
"Moldova","MDA","Carbon dioxide (CO2) emissions from Transport (Energy) (Mt CO2e)","EN.GHG.CO2.TR.MT.CE.AR5","","","","","","","","","","","0.8131","0.8131","0.8914","0.965","1.054","1.1593","1.2492","1.2714","1.304","1.3517","1.4558","1.4638","1.4654","1.4456","1.438","1.4512","1.5641","1.617","1.6417","1.6905","2.4161","2.2726","2.2011","1.4255","1.3107","1.3004","1.3946","1.3698","1.0775","0.7153","0.7078","0.7113","0.963","1.1286","1.2587","1.1869","1.1959","1.3106","1.5933","1.5109","1.7392","1.8607","1.6349","1.7226","1.7858","1.9471","2.045","2.0575","2.098","2.162","2.017","2.2322","2.2469","2.1937","2.1699","",
"Madagascar","MDG","Carbon dioxide (CO2) emissions from Transport (Energy) (Mt CO2e)","EN.GHG.CO2.TR.MT.CE.AR5","","","","","","","","","","","0.4828","0.4828","0.4826","0.4823","0.4825","0.4796","0.4733","0.4981","0.4673","0.505","0.5476","0.3519","0.3548","0.3064","0.44","0.4341","0.3706","0.4782","0.4395","0.4307","0.5324","0.5903","0.5966","0.6152","0.6974","0.6749","0.6963","0.733","0.8275","0.9056","0.9067","0.8657","0.6008","0.8365","0.886","0.847","0.8162","0.8732","0.8901","0.8465","0.8938","0.9951","1.0226","1.0708","1.1383","1.1768","1.2194","1.2389","1.1911","1.4018","1.1551","1.3719","1.5186","1.5432","1.5743","",
"Maldives","MDV","Carbon dioxide (CO2) emissions from Transport (Energy) (Mt CO2e)","EN.GHG.CO2.TR.MT.CE.AR5","","","","","","","","","","","0.0035","0.0035","0.0038","0.0036","0.0035","0.0041","0.0037","0.0041","0.0043","0.0047","0.0047","0.0049","0.0051","0.005","0.0195","0.0212","0.0196","0.0225","0.0274","0.0255","0.0474","0.0489","0.0535","0.0621","0.1383","0.1549","0.1616","0.1426","0.1514","0.1471","0.2604","0.2252","0.2574","0.2139","0.2635","0.2651","0.3429","0.3484","0.4354","0.4927","0.5762","0.6411","0.8109","0.8132","1.0183","0.738","0.775","0.768","0.6511","0.727","0.5928","0.8467","0.9016","0.9107","0.9591","",
"Middle East, North Africa, Afghanistan & Pakistan","MEA","Carbon dioxide (CO2) emissions from Transport (Energy) (Mt CO2e)","EN.GHG.CO2.TR.MT.CE.AR5","","","","","","","","","","","36.8637","36.8637","40.9306","46.0958","51.315","58.5018","68.0992","78.8101","92.5387","103.0728","110.0866","123.9027","138.1699","159.5954","170.5279","180.8608","177.4683","190.0268","197.5799","207.2626","212.6565","219.0459","236.316","252.9629","268.1517","265.261","279.1294","285.1183","293.2654","306.9123","321.1233","330.9123","347.8712","359.1571","379.4093","401.1543","422.5607","447.1178","472.8021","501.3748","512.4377","529.6311","566.8382","577.3921","605.3306","613.2254","618.4277","631.8154","630.975","630.0568","579.1444","629.0849","650.5877","656.2174","673.3644","",
"Mexico","MEX","Carbon dioxide (CO2) emissions from Transport (Energy) (Mt CO2e)","EN.GHG.CO2.TR.MT.CE.AR5","","","","","","","","","","","30.2229","30.2229","33.615","36.5465","39.8255","42.6727","46.3514","49.2241","53.4173","60.3016","67.5718","75.4702","75.2392","67.0845","70.3785","70.9389","70.1384","71.9604","73.2907","80.6225","83.4902","89.3897","89.685","91.7548","97.4204","89.3883","91.7085","95.706","98.309","101.0711","105.6122","107.8844","109.7817","116.3803","122.7581","130.2343","137.4067","145.1729","151.1831","147.6966","150.579","151.6586","152.5066","150.6394","151.2396","150.5057","155.8851","151.3733","147.3733","150.1334","107.1113","105.2884","129.8116","126.5284","127.1621","",
"Marshall Islands","MHL","Carbon dioxide (CO2) emissions from Transport (Energy) (Mt CO2e)","EN.GHG.CO2.TR.MT.CE.AR5","","","","","","","","","","","","","","","","","","","","","","","","","","","","","","","","","","","","","","","","","","","","","","","","","","","","","","","","","","","","","","","","","","",
"Middle income","MIC","Carbon dioxide (CO2) emissions from Transport (Energy) (Mt CO2e)","EN.GHG.CO2.TR.MT.CE.AR5","","","","","","","","","","","403.9009","404.7218","431.918","461.7724","486.9088","521.9532","543.6875","568.0748","589.7328","610.9475","625.8602","643.0171","648.2802","653.0797","671.2452","691.8149","718.6289","746.6164","771.9778","810.305699999999","837.9262","876.0034","879.5751","919.137","926.2198","989.3645","1091.3691","1104.952","1109.7612","1144.4809","1262.943","1293.4236","1346.3537","1409.1599","1535.8543","1592.7104","1658.4","1780.107","1873.6807","1917.0794","2045.6314","2182.8428","2346.543","2469.0843","2544.5486","2637.9963","2709.2557","2801.5047","2918.9541","2940.3841","2668.0629","2890.9319","2947.7145","3041.6845","3081.2044","",
"North Macedonia","MKD","Carbon dioxide (CO2) emissions from Transport (Energy) (Mt CO2e)","EN.GHG.CO2.TR.MT.CE.AR5","","","","","","","","","","","0.5457","0.5457","0.5295","0.5605","0.6358","0.6298","0.6477","0.6924","0.7644","0.7437","0.6892","0.6947","0.6325","0.6465","0.6064","0.6818","0.8523","0.7549","0.8415","0.8","0.7656","0.7716","0.7716","1.4516","0.9314","0.8775","1.6729","1.4767","1.0109","1.076","0.9785","0.9449","0.9865","0.9887","1.01","1.0223","1.0224","1.1726","1.1972","1.2866","1.3542","1.4214","1.3603","1.5448","1.6162","1.796","2.0539","2.1344","2.1341","2.3068","1.9508","2.242","2.2593","2.423","2.4577","",
"Mali","MLI","Carbon dioxide (CO2) emissions from Transport (Energy) (Mt CO2e)","EN.GHG.CO2.TR.MT.CE.AR5","","","","","","","","","","","0.027","0.027","0.029","0.0319","0.0324","0.0398","0.0508","0.0653","0.0702","0.0779","0.0828","0.1175","0.0813","0.0862","0.0876","0.0895","0.0761","0.0902","0.0632","0.1237","0.1406","0.1754","0.1623","0.1597","0.1589","0.1661","0.1811","0.1818","0.1897","0.2002","0.3752","0.3874","0.4071","0.4231","0.4464","0.4648","0.5655","0.7024","0.8398","1.0853","1.0386","1.0906","1.1946","1.3148","1.315","1.6505","2.2949","2.5282","2.7117","3.0143","3.4157","3.8399","3.8728","3.7079","3.8544","",
"Malta","MLT","Carbon dioxide (CO2) emissions from Transport (Energy) (Mt CO2e)","EN.GHG.CO2.TR.MT.CE.AR5","","","","","","","","","","","0.2041","0.2041","0.2163","0.2444","0.2161","0.1851","0.1909","0.1938","0.1976","0.2037","0.2673","0.2735","0.3114","0.295","0.2955","0.1431","0.4517","0.4513","0.4507","0.4507","0.4507","0.5073","0.526","0.5938","0.5938","0.691","0.5445","0.7457","0.6509","0.5978","0.4564","0.4253","0.2855","0.365","0.4452","0.5037","0.5196","0.5352","0.5838","0.5157","0.5634","0.5539","0.5444","0.5444","0.5509","0.5885","0.5882","0.6091","0.6642","0.7046","0.583","0.622","0.7279","0.7676","0.7712","",
"Myanmar","MMR","Carbon dioxide (CO2) emissions from Transport (Energy) (Mt CO2e)","EN.GHG.CO2.TR.MT.CE.AR5","","","","","","","","","","","1.5454","1.5454","1.4962","1.3036","1.5751","1.3771","1.459","1.631","1.6682","1.8185","1.9093","1.8812","1.9485","1.8401","2.0242","1.8958","2.0987","1.2447","1.2633","1.2491","1.3439","1.2551","1.0381","1.5879","1.8254","2.7204","2.924","2.3983","2.9508","3.0041","3.508","2.8239","3.4742","3.8835","4.3181","4.7524","3.9894","4.4873","2.0952","2.1925","2.3022","2.3556","3.0289","3.5131","3.9619","4.3304","4.4396","5.9346","6.1012","6.3552","5.8689","4.9609","12.9819","12.9765","13.5422","",
"Middle East, North Africa, Afghanistan & Pakistan (excluding high income)","MNA","Carbon dioxide (CO2) emissions from Transport (Energy) (Mt CO2e)","EN.GHG.CO2.TR.MT.CE.AR5","","","","","","","","","","","27.328","27.328","30.329","34.4138","38.7667","43.9819","51.3929","57.3218","62.1271","67.7764","71.4655","76.3394","82.8885","91.9575","98.4416","109.6713","109.1551","115.6664","118.4155","127.4051","136.4909","140.9581","151.1956","163.0941","173.4607","175.3431","185.4857","189.0182","197.5439","209.7899","218.9188","224.9964","234.5744","239.5411","254.943","269.6483","280.8957","291.121","302.1773","324.1357","327.5512","331.9374","355.4243","358.8173","374.6503","374.3126","375.5793","388.1291","394.8863","394.5452","371.2288","406.988","411.8917","412.0085","424.7394","",
"Montenegro","MNE","Carbon dioxide (CO2) emissions from Transport (Energy) (Mt CO2e)","EN.GHG.CO2.TR.MT.CE.AR5","","","","","","","","","","","","","","","","","","","","","","","","","","","","","","","","","","","","","","","","","","","","","","","","","","","","","","","","","","","","","","","","","","",
"Mongolia","MNG","Carbon dioxide (CO2) emissions from Transport (Energy) (Mt CO2e)","EN.GHG.CO2.TR.MT.CE.AR5","","","","","","","","","","","0.4156","0.4156","0.4531","0.432","0.4196","0.4867","0.4407","0.4885","0.5186","0.5596","0.5693","0.5902","0.709","0.6957","0.733","1.2539","1.307","1.3348","2.1001","1.4963","1.5422","0.9893","0.8892","0.9853","0.6702","0.8273","0.8738","0.8062","0.7853","0.8215","0.9739","0.9295","1.0411","0.9978","1.1592","1.0318","1.276","1.5375","1.624","1.4782","1.4512","1.7158","1.9713","1.9167","1.9871","2.0101","1.7646","2.108","2.1657","2.7246","2.7858","2.7051","3.0186","3.0111","3.1479","",
"Northern Mariana Islands","MNP","Carbon dioxide (CO2) emissions from Transport (Energy) (Mt CO2e)","EN.GHG.CO2.TR.MT.CE.AR5","","","","","","","","","","","","","","","","","","","","","","","","","","","","","","","","","","","","","","","","","","","","","","","","","","","","","","","","","","","","","","","","","","",
"Mozambique","MOZ","Carbon dioxide (CO2) emissions from Transport (Energy) (Mt CO2e)","EN.GHG.CO2.TR.MT.CE.AR5","","","","","","","","","","","0.3105","0.3105","0.2794","0.3043","0.1987","0.1708","0.1925","0.2515","0.2422","0.1801","0.2887","0.2639","0.2391","0.2328","0.2049","0.1242","0.1025","0.1087","0.1118","0.118","0.6087","0.4995","0.6866","0.8501","0.6958","0.7307","0.8108","0.8264","0.842","0.8451","0.848","0.8408","0.911","1.1253","1.1417","1.0441","1.1315","1.4047","1.3729","1.5371","1.701","2.0635","2.3806","2.5772","3.0222","3.1389","3.469","3.275","3.2531","3.5939","3.2759","4.1683","4.3366","4.4259","4.5132","",
"Mauritania","MRT","Carbon dioxide (CO2) emissions from Transport (Energy) (Mt CO2e)","EN.GHG.CO2.TR.MT.CE.AR5","","","","","","","","","","","0.0377","0.0377","0.0406","0.0447","0.0454","0.0557","0.0711","0.0915","0.0983","0.109","0.1159","0.1175","0.1084","0.1149","0.1752","0.1628","0.1047","0.1468","0.2436","0.2744","0.2743","0.3584","1.043","1.0496","1.0439","1.106","1.1494","1.1588","1.1817","1.2468","0.4926","0.5223","0.5857","0.6239","0.6875","0.7182","0.7212","0.8509","1.0532","1.0593","0.9868","1.0315","1.1737","1.0757","1.2024","1.239","1.2419","1.9003","2.1644","2.272","2.3826","2.3799","2.7132","2.5977","2.7003","",
"Mauritius","MUS","Carbon dioxide (CO2) emissions from Transport (Energy) (Mt CO2e)","EN.GHG.CO2.TR.MT.CE.AR5","","","","","","","","","","","0.1297","0.1297","0.1553","0.168","0.1871","0.2061","0.2254","0.244","0.2502","0.2437","0.2436","0.2375","0.2341","0.2371","0.2403","0.2405","0.3133","0.3451","0.3738","0.4177","0.443","0.4524","0.503","0.5411","0.5499","0.543","0.5395","0.5266","0.5327","0.7058","0.7538","0.7542","0.7799","0.8116","0.8305","0.8582","0.8682","0.8319","0.8384","0.8695","0.923","0.9324","0.9546","0.9732","0.998","1.0325","1.095","1.1169","1.1372","1.2021","1.0123","1.0321","1.1477","1.2072","1.2297","",
"Malawi","MWI","Carbon dioxide (CO2) emissions from Transport (Energy) (Mt CO2e)","EN.GHG.CO2.TR.MT.CE.AR5","","","","","","","","","","","0.027","0.027","0.029","0.0319","0.0324","0.0398","0.0508","0.0653","0.0702","0.0779","0.0828","0.1028","0.0786","0.0689","0.0672","0.0733","0.0764","0.0812","0.1022","0.1282","0.1542","0.2444","0.2133","0.2009","0.2134","0.2377","0.2449","0.2458","0.2496","0.2633","0.3224","0.3017","0.295","0.3339","0.3603","0.3224","0.351","0.3557","0.433","0.3906","0.4697","0.4247","0.4307","0.4575","0.4352","0.4179","0.5267","0.6064","0.6275","0.7583","0.7672","0.8836","1.294","1.3196","1.3439","",
"Malaysia","MYS","Carbon dioxide (CO2) emissions from Transport (Energy) (Mt CO2e)","EN.GHG.CO2.TR.MT.CE.AR5","","","","","","","","","","","4.0798","4.0798","4.1915","4.6766","4.9244","5.1736","5.4901","5.1892","5.1142","5.7496","6.3875","6.8583","7.2909","8.4377","8.7072","9.1692","9.7975","10.3834","11.3558","12.4755","14.5569","15.6666","16.7485","17.4329","19.2516","20.478","23.3864","26.9304","25.1498","30.4076","32.2052","34.9577","35.8028","38.1159","40.9583","40.6971","38.9961","41.5264","43.6175","42.7462","44.1011","44.6284","44.3968","58.1718","65.1649","61.212","62.8861","60.5735","60.8296","64.78","49.9139","48.5988","53.8477","58.7567","60.2792","",
"North America","NAC","Carbon dioxide (CO2) emissions from Transport (Energy) (Mt CO2e)","EN.GHG.CO2.TR.MT.CE.AR5","","","","","","","","","","","1120.5817","1170.5428","1244.4172","1304.3742","1280.6882","1297.7819","1355.7231","1395.91","1447.5779","1430.416","1370.4815","1364.2189","1338.7352","1352.4278","1393.685","1406.6385","1429.0647","1477.9848","1548.259","1561.9465","1551.7146","1520.6906","1555.9237","1581.4325","1640.3824","1674.9155","1717.6982","1747.0531","1787.9019","1837.4168","1867.87","1867.8809","1901.3447","1929.0888","1948.4264","1971.2414","1968.4453","1974.152","1876.0493","1786.3983","1849.3211","1802.7015","1766.9734","1820.142","1811.5424","1871.2199","1881.5229","1898.2868","1942.6302","1934.9549","1656.7135","1820.4206","1863.4981","1839.7681","1844.9529","",
"Namibia","NAM","Carbon dioxide (CO2) emissions from Transport (Energy) (Mt CO2e)","EN.GHG.CO2.TR.MT.CE.AR5","","","","","","","","","","","0.0898","0.0898","0.0966","0.1064","0.108","0.1327","0.1693","0.2178","0.2339","0.2596","0.2759","0.2938","0.271","0.2873","0.292","0.2984","0.3546","0.3919","0.5502","0.514","0.5921","0.4844","0.5208","0.5362","0.5783","0.6276","1.0518","1.0766","1.1157","1.1495","1.1342","1.3736","1.2113","1.2647","1.3311","1.5565","1.3816","1.3855","1.5241","1.6853","1.7666","1.7932","1.7629","1.8259","1.8962","2.0535","2.1344","2.1269","2.1142","2.1093","1.9348","2.0124","1.9507","1.9736","1.9936","",
"New Caledonia","NCL","Carbon dioxide (CO2) emissions from Transport (Energy) (Mt CO2e)","EN.GHG.CO2.TR.MT.CE.AR5","","","","","","","","","","","0.3463","0.3463","0.3776","0.36","0.3497","0.4056","0.3672","0.4071","0.4322","0.4663","0.4744","0.4918","0.3545","0.2982","0.3421","0.3344","0.2878","0.3548","0.3257","0.3306","0.5337","0.5834","0.6712","0.6675","0.6815","0.5623","0.611","0.624","0.6021","0.5848","0.5964","0.5912","0.6311","0.6678","0.6","0.7582","0.7576","0.8158","0.9285","0.9983","1.1834","1.16","1.2596","1.3177","1.441","1.3064","1.2952","1.1596","1.3147","1.2461","1.1232","1.1721","1.162","1.1737","1.236","",
"Niger","NER","Carbon dioxide (CO2) emissions from Transport (Energy) (Mt CO2e)","EN.GHG.CO2.TR.MT.CE.AR5","","","","","","","","","","","0.1233","0.1233","0.1328","0.1614","0.1488","0.1868","0.1709","0.1929","0.2058","0.215","0.2594","0.3407","0.3628","0.3481","0.3226","0.3227","0.4001","0.387","0.3997","0.4253","0.2122","0.1995","0.193","0.2084","0.2082","0.183","0.1919","0.1913","0.2285","0.219","0.3492","0.3616","0.3649","0.3933","0.403","0.4033","0.4158","0.4886","0.4984","0.6533","0.8029","0.7747","1.0394","1.1056","1.1709","1.2067","1.0804","0.9577","1.03","1.1696","1.1294","1.2529","1.5497","1.4836","1.5421","",
"Nigeria","NGA","Carbon dioxide (CO2) emissions from Transport (Energy) (Mt CO2e)","EN.GHG.CO2.TR.MT.CE.AR5","","","","","","","","","","","2.977","2.977","3.4735","4.1618","4.5513","5.4029","7.1646","9.4178","11.5211","11.6169","13.4882","13.9991","15.129","15.7263","14.4557","13.6421","13.0651","12.8062","14.0503","14.1352","11.7602","15.3354","18.7137","16.0715","12.9024","14.944","17.1489","21.8978","18.038","19.6568","21.832","26.5829","27.531","29.0843","29.688","28.7073","24.2273","21.1573","25.3704","23.7401","29.7333","31.7314","35.1641","44.854","49.1804","44.7203","51.2512","51.2974","54.9908","58.8637","50.5287","57.2315","60.7832","58.1568","60.4386","",
"Nicaragua","NIC","Carbon dioxide (CO2) emissions from Transport (Energy) (Mt CO2e)","EN.GHG.CO2.TR.MT.CE.AR5","","","","","","","","","","","0.6937","0.6937","0.7281","0.8255","0.8833","0.9045","1.0053","1.1101","1.0313","0.7464","0.8774","0.8881","0.8472","0.8799","0.8447","0.8227","0.9176","0.9463","0.8484","0.7196","0.7447","0.8077","0.9245","0.9504","1.0122","1.1145","1.1691","1.2353","1.3443","1.4066","1.4502","1.465","1.5269","1.518","1.4566","1.4501","1.4949","1.5504","1.5151","1.4859","1.5453","1.6111","1.7049","1.7108","1.8829","2.1296","2.193","2.3335","2.083","2.1541","2.1705","2.4247","2.4149","2.5612","2.6353","",
"Netherlands","NLD","Carbon dioxide (CO2) emissions from Transport (Energy) (Mt CO2e)","EN.GHG.CO2.TR.MT.CE.AR5","","","","","","","","","","","16.3938","17.0333","18.2229","19.2112","17.8593","19.2161","22.1822","22.882","22.423","21.7546","22.1223","22.5259","21.5573","22.0793","22.5002","22.4559","23.3526","23.4966","24.4694","25.579","27.0502","27.5359","29.0222","29.8819","29.3147","29.5719","30.8216","30.823","31.5417","32.0925","32.0989","32.3739","33.1314","33.6571","34.1903","34.4236","35.3089","34.5915","34.9505","33.4425","34.0545","34.1459","32.6798","31.1295","28.4158","28.8924","29.0376","29.8466","29.8648","29.4412","25.0517","25.2186","25.0514","26.1039","24.4177","",
"Norway","NOR","Carbon dioxide (CO2) emissions from Transport (Energy) (Mt CO2e)","EN.GHG.CO2.TR.MT.CE.AR5","","","","","","","","","","","6.7384","6.8286","6.9923","6.7545","6.8248","7.9906","7.5924","8.2815","8.4707","9.3214","8.4895","8.1591","8.2784","8.5058","8.8674","9.251","10.0503","10.2036","10.3732","10.5574","10.033","10.1506","10.4047","11.0064","10.8416","11.5199","12.0454","12.2444","12.6769","12.8851","12.055","12.2582","12.2605","12.636","13.0119","13.0696","13.6834","14.2746","13.9281","13.6296","15.0107","14.9825","15.1119","14.9805","15.2825","15.2384","14.7593","13.9547","13.9477","13.5958","12.8251","13.342","13.7403","12.8173","12.7539","",
"Nepal","NPL","Carbon dioxide (CO2) emissions from Transport (Energy) (Mt CO2e)","EN.GHG.CO2.TR.MT.CE.AR5","","","","","","","","","","","0.0631","0.0631","0.0631","0.0663","0.0601","0.0699","0.0826","0.089","0.0954","0.1147","0.1591","0.1486","0.1689","0.1824","0.2096","0.2094","0.2367","0.2364","0.2299","0.2505","0.3386","0.4031","0.4369","0.4811","0.5557","0.6229","0.6429","0.7382","0.7719","0.775","0.8256","0.7503","0.7905","0.7833","0.8373","0.8368","0.8845","0.9084","1.3378","1.7524","1.9403","1.9593","1.6671","1.8753","2.1308","1.8084","3.0419","3.7423","4.0302","2.4949","3.9669","4.5446","4.81","4.8132","5.0417","",
"Nauru","NRU","Carbon dioxide (CO2) emissions from Transport (Energy) (Mt CO2e)","EN.GHG.CO2.TR.MT.CE.AR5","","","","","","","","","","","","","","","","","","","","","","","","","","","","","","","","","","","","","","","","","","","","","","","","","","","","","","","","","","","","","","","","","","",
"New Zealand","NZL","Carbon dioxide (CO2) emissions from Transport (Energy) (Mt CO2e)","EN.GHG.CO2.TR.MT.CE.AR5","","","","","","","","","","","4.8754","5.0415","5.6274","5.7139","6.266","6.5926","6.6445","6.6745","6.7335","6.7108","6.7484","6.6626","6.739","6.784","7.1551","7.2539","7.5136","7.7468","8.2625","8.7695","8.662","8.6571","9.0448","9.4368","10.1029","10.7805","10.9078","11.1322","11.3075","11.5916","12.0929","12.1549","12.6325","13.1594","13.4647","13.529","13.6823","13.8079","13.8905","13.6194","13.6061","13.6414","13.5397","13.6935","13.8173","14.3959","14.694","15.6658","15.8201","15.3541","13.9335","14.6006","14.6367","14.7798","15.0704","",
"OECD members","OED","Carbon dioxide (CO2) emissions from Transport (Energy) (Mt CO2e)","EN.GHG.CO2.TR.MT.CE.AR5","","","","","","","","","","","1750.5762","1830.7772","1939.6793","2050.8568","2023.5019","2069.5825","2166.2112","2244.4766","2344.3008","2364.2467","2311.963","2298.2402","2272.9809","2296.6171","2367.6697","2394.5478","2459.9063","2550.6711","2677.7529","2744.4098","2783.8438","2786.5412","2857.4311","2912.8574","2999.3997","3062.9147","3148.8302","3199.8731","3255.357","3341.3616","3385.517","3402.2211","3450.3347","3500.2405","3553.6579","3579.5163","3601.0716","3630.9595","3501.5139","3369.174","3436.028","3382.4372","3327.0856","3379.6358","3378.7574","3475.9976","3523.3742","3556.2088","3594.4287","3595.2806","3087.1026","3341.9134","3447.8796","3422.5025","3434.8398","",
"Oman","OMN","Carbon dioxide (CO2) emissions from Transport (Energy) (Mt CO2e)","EN.GHG.CO2.TR.MT.CE.AR5","","","","","","","","","","","0.0931","0.0931","0.0931","0.1149","0.177","0.2515","0.3415","0.6085","0.5123","0.5899","0.6365","0.6861","0.7979","0.919","1.0928","1.2325","1.3071","1.2481","1.2884","1.3598","1.6829","1.8036","1.9504","2.0789","2.1106","2.1915","2.2725","2.416","2.4941","2.5437","2.6249","2.8813","2.8124","3.0371","3.2058","3.6675","4.0929","6.1718","7.3246","7.4428","8.251","9.5634","10.8407","11.9468","12.5373","13.2105","12.4119","12.3032","12.1367","12.0908","10.0525","10.405","13.3042","13.3548","13.015","",
"Other small states","OSS","Carbon dioxide (CO2) emissions from Transport (Energy) (Mt CO2e)","EN.GHG.CO2.TR.MT.CE.AR5","","","","","","","","","","","3.944","3.9624","4.1374","4.4157","4.2791","4.3552","4.5414","4.6777","4.8301","4.9514","5.1875","5.2121","5.1782","5.1508","5.2245","5.0966","5.6578","5.9035","6.1388","6.5644","6.8612","6.9443","6.0698","6.3805","6.9241","7.1309","7.1446","7.5496","7.6109","7.7629","7.8529","8.2146","8.2622","8.4991","9.0666","9.3745","10.0214","10.419","10.5545","10.4838","10.9245","10.8144","11.0943","11.093","11.302","11.2307","11.6295","12.0243","11.9635","12.3372","10.9901","11.7155","12.3304","12.5265","12.7895","",
"Pakistan","PAK","Carbon dioxide (CO2) emissions from Transport (Energy) (Mt CO2e)","EN.GHG.CO2.TR.MT.CE.AR5","","","","","","","","","","","3.18","3.18","2.9777","3.3004","3.4386","3.8617","4.1725","4.368","5.2074","6.087","6.7508","7.4604","8.4243","8.4699","9.3356","9.8659","10.3896","12.0419","12.9241","13.4553","13.7861","14.2961","16.112","18.4155","19.4704","20.2425","22.7884","23.3453","24.5602","25.8863","25.5973","25.5319","25.8741","27.1339","29.2563","27.1994","27.5894","33.2046","32.1739","32.6917","33.3598","34.9541","35.7548","36.5915","39.0567","44.0691","49.1341","53.8413","49.335","45.902","52.7733","56.4052","57.5142","46.242","47.4828","",
"Panama","PAN","Carbon dioxide (CO2) emissions from Transport (Energy) (Mt CO2e)","EN.GHG.CO2.TR.MT.CE.AR5","","","","","","","","","","","0.788","0.788","0.8226","0.8946","0.9294","0.9486","1.0051","1.0182","1.0779","1.0507","1.0421","1.0211","1.0343","1.0569","1.0888","1.1144","1.1743","1.2218","1.17","1.2051","1.2744","1.3314","1.4317","1.5414","1.6481","1.7332","1.8184","1.9378","2.1615","2.3103","2.3274","2.2305","2.3623","2.4844","2.5544","2.8879","3.0316","2.8282","3.1422","3.419","3.5572","3.6739","3.7101","3.702","3.9466","4.352","4.7015","4.8599","4.8146","5.1674","3.7935","4.7811","5.5514","5.8904","6.1154","",
"Peru","PER","Carbon dioxide (CO2) emissions from Transport (Energy) (Mt CO2e)","EN.GHG.CO2.TR.MT.CE.AR5","","","","","","","","","","","5.2602","5.2602","5.6427","6.2328","6.0229","6.3994","6.1813","5.8064","5.5273","5.6662","6.1341","6.9139","6.7455","6.1511","6.2668","5.8763","6.2329","7.1776","7.3332","6.7275","7.1369","6.3787","6.8966","7.0542","8.0013","8.6979","9.0886","9.4008","9.3458","9.8694","9.7112","9.0548","8.9229","9.3746","10.6093","10.0781","10.8262","11.2817","13.7922","15.0674","16.8793","17.6992","18.0077","19.5631","19.3422","21.1462","23.1496","23.4842","24.1788","25.5655","19.9162","26.4176","26.8065","27.6547","29.0976","",
"Philippines","PHL","Carbon dioxide (CO2) emissions from Transport (Energy) (Mt CO2e)","EN.GHG.CO2.TR.MT.CE.AR5","","","","","","","","","","","9.8492","9.8492","9.9912","10.4369","9.9326","10.2439","10.1946","10.3345","10.6168","10.5152","10.0105","9.6203","9.7638","9.9075","9.8476","9.9049","10.3185","10.8553","11.3397","11.9897","13.761","13.0123","15.087","17.1083","17.9958","21.2732","24.0955","24.7506","25.4582","25.1605","25.2438","25.1703","26.0992","25.4967","26.3873","25.1142","23.5826","23.713","22.7237","23.5899","23.7494","23.5298","24.4943","25.5633","26.6465","30.821","33.3354","34.4552","35.6394","36.9062","28.4553","31.7788","35.6935","36.7655","38.8567","",
"Palau","PLW","Carbon dioxide (CO2) emissions from Transport (Energy) (Mt CO2e)","EN.GHG.CO2.TR.MT.CE.AR5","","","","","","","","","","","0.7141","0.7141","0.7141","0.7141","0.7141","0.7141","0.7141","0.7141","0.7141","0.7141","0.7141","0.7249","0.7197","0.7472","0.8263","0.6687","0.7289","0.7641","0.7314","0.7638","0.7718","0.7661","0.7002","0.7166","1.0725","0.9043","0.885","0.8459","0.7493","0.7446","0.7893","0.8259","0.4396","0.5407","0.4681","0.5543","0.57","0.4115","0.5487","1.0156","1.0678","1.3706","2.5414","1.3101","0.6727","0.6325","0.6055","0.633","0.6513","0.6713","0.6674","0.6937","0.7319","0.7349","0.7727","",
"Papua New Guinea","PNG","Carbon dioxide (CO2) emissions from Transport (Energy) (Mt CO2e)","EN.GHG.CO2.TR.MT.CE.AR5","","","","","","","","","","","0.4156","0.4156","0.4531","0.432","0.4196","0.4867","0.4407","0.4885","0.5186","0.5596","0.5693","0.5902","0.6077","0.5963","0.6841","0.7432","0.6091","0.7817","0.7285","0.6967","1.0793","1.0999","1.1945","1.1878","1.2319","1.0234","1.0609","1.1121","1.0316","1.0019","1.0014","1.2208","1.2412","1.357","1.4695","1.5573","1.6157","1.7048","1.69","2.0657","2.0787","2.2717","2.139","2.057","2.0745","2.4058","2.5765","2.4497","1.8883","1.9632","2.0084","2.1475","2.0864","2.1074","2.2182","",
"Poland","POL","Carbon dioxide (CO2) emissions from Transport (Energy) (Mt CO2e)","EN.GHG.CO2.TR.MT.CE.AR5","","","","","","","","","","","28.9801","28.2311","29.3042","29.6846","29.8075","31.0446","30.2236","30.6509","30.6375","29.194","28.1218","26.0766","23.9278","25.2247","24.9565","24.2083","24.8964","25.217","24.0735","23.8227","20.2285","21.0903","21.4699","20.8912","21.5389","22.3168","25.2798","26.7447","28.1885","30.668","26.9682","26.8003","25.8845","28.3001","32.094","34.5128","38.2583","42.3268","44.2772","44.6883","47.1183","47.7243","45.8747","43.1785","43.7914","46.6543","53.26","61.5437","63.3229","64.2933","61.3837","66.4286","67.3447","67.6029","68.6127","",
"Pre-demographic dividend","PRE","Carbon dioxide (CO2) emissions from Transport (Energy) (Mt CO2e)","EN.GHG.CO2.TR.MT.CE.AR5","","","","","","","","","","","16.5584","16.5584","18.7075","19.8406","20.4738","22.1198","24.9868","28.5454","32.8004","34.2773","38.5886","40.0127","43.4713","44.6408","44.5587","46.028","45.7362","46.1558","50.3378","52.84","53.3888","53.0768","61.0241","58.3971","56.8987","59.2099","61.839","67.2756","64.0795","65.67","70.9177","79.4674","81.5942","79.3936","84.7604","86.5109","85.3726","85.922","94.5406","98.6459","111.7126","120.2402","131.9665","143.8894","143.5812","144.0825","156.7379","159.575","174.9204","186.1682","167.393","193.8916","207.8091","208.0312","214.2007","",
"Puerto Rico (US)","PRI","Carbon dioxide (CO2) emissions from Transport (Energy) (Mt CO2e)","EN.GHG.CO2.TR.MT.CE.AR5","","","","","","","","","","","0.5865","0.6183","0.6125","0.6486","0.6222","0.7119","0.7532","0.8016","0.7866","0.7423","0.8582","0.8687","0.8973","0.949","1.1189","1.1091","1.138","1.1943","1.2829","1.3326","1.8331","1.896","1.9381","1.9356","1.9918","1.9688","1.9718","2.1091","2.2004","2.2707","2.8654","2.8928","2.8605","2.9853","3.0405","3.0331","2.9725","3.0057","2.8269","2.8608","2.7614","2.747","2.9018","2.5968","2.5227","2.8602","2.7191","2.1852","2.2372","2.1124","1.8388","1.9905","2.0922","2.1305","2.1887","",
"Korea, Dem. People's Rep.","PRK","Carbon dioxide (CO2) emissions from Transport (Energy) (Mt CO2e)","EN.GHG.CO2.TR.MT.CE.AR5","","","","","","","","","","","1.7752","1.7752","1.8726","2.0011","2.488","2.8047","2.6784","2.877","4.1144","5.6134","5.9574","5.6924","5.5565","5.452","5.354","5.2885","4.7406","4.9616","5.1728","5.356","5.5984","4.281","3.4883","3.1313","2.1141","2.528","2.0376","1.1281","2.1246","0.886","1.7061","1.5693","1.5724","1.5344","1.5471","1.3034","0.9966","1.1927","1.2211","1.3154","1.3248","1.3345","1.3153","1.4418","1.3408","1.4077","1.446","5.4315","4.8702","5.3984","5.2154","4.4151","4.5751","4.9255","5.0103","",
"Portugal","PRT","Carbon dioxide (CO2) emissions from Transport (Energy) (Mt CO2e)","EN.GHG.CO2.TR.MT.CE.AR5","","","","","","","","","","","3.5399","3.8863","4.2425","4.7344","4.6922","5.3331","5.3783","5.6017","5.7358","6.2475","6.7691","7.0007","7.4548","7.2774","7.0677","6.6521","7.1009","7.7766","8.5439","9.0665","9.6884","10.3479","11.259","11.8227","12.4286","12.9164","13.6943","14.2459","15.5202","16.2475","17.6115","17.8539","18.4888","19.4354","19.895","19.0713","19.0153","19.1788","19.2378","18.955","18.5264","17.1985","15.832","15.6047","15.6891","15.7701","16.3493","16.7","16.8199","17.1967","14.3305","15.4308","16.3971","17.47","17.0675","",
"Paraguay","PRY","Carbon dioxide (CO2) emissions from Transport (Energy) (Mt CO2e)","EN.GHG.CO2.TR.MT.CE.AR5","","","","","","","","","","","0.393","0.393","0.4181","0.4874","0.46","0.4789","0.5454","0.6902","0.8164","0.927","1.0854","1.0577","1.0425","1.0025","1.1409","1.1907","1.2129","1.3391","1.5027","1.5596","1.6213","1.5255","1.8268","2.2764","2.5662","2.9295","2.9576","3.322","3.4801","3.4818","2.8033","2.9906","3.1657","3.3714","3.3663","3.0563","3.3572","3.2074","3.8021","3.955","4.4521","4.6746","4.4198","4.7447","4.9776","5.4747","6.3965","7.2542","7.6139","7.3764","6.799","6.8075","6.9015","6.4649","6.7189","",
"West Bank and Gaza","PSE","Carbon dioxide (CO2) emissions from Transport (Energy) (Mt CO2e)","EN.GHG.CO2.TR.MT.CE.AR5","","","","","","","","","","","","","","","","","","","","","","","","","","","","","","","","","","","","","","","","","","","","","","","","","","","","","","","","","","","","","","","","","","",
"Pacific island small states","PSS","Carbon dioxide (CO2) emissions from Transport (Energy) (Mt CO2e)","EN.GHG.CO2.TR.MT.CE.AR5","","","","","","","","","","","1.0499","1.0499","1.0804","1.0633","1.0534","1.1075","1.0702","1.1089","1.1333","1.1663","1.1743","1.2265","1.2311","1.1895","1.2418","1.1147","1.1162","1.1647","1.1569","1.2154","1.4903","1.4247","1.4001","1.4515","1.8768","1.6033","1.6306","1.6104","1.4742","1.4891","1.6163","1.7042","1.179","1.3612","1.4214","1.5035","1.6313","1.4114","1.5127","1.9767","2.4839","2.586","3.7242","2.4649","1.8386","1.8201","1.7473","1.8173","1.9287","1.9769","1.7327","1.9841","2.006","2.022","2.1281","",
"Post-demographic dividend","PST","Carbon dioxide (CO2) emissions from Transport (Energy) (Mt CO2e)","EN.GHG.CO2.TR.MT.CE.AR5","","","","","","","","","","","1727.165","1807.067","1910.9762","2017.9189","1987.5862","2030.9803","2123.5932","2195.4337","2289.7122","2306.1546","2248.9358","2229.3663","2205.3378","2233.9593","2301.0238","2325.3797","2391.7934","2475.7783","2603.9728","2663.0654","2695.547","2700.9078","2741.0233","2781.7563","2856.7737","2919.3557","2992.037","3043.9424","3100.8157","3177.9311","3212.8838","3226.4802","3271.2413","3311.9037","3351.0948","3366.1756","3371.2875","3388.8237","3254.0607","3124.2937","3184.5558","3126.2645","3060.0106","3110.6686","3100.7823","3176.9368","3203.8778","3228.6357","3266.2786","3263.3342","2811.5738","3043.9096","3110.1119","3085.7983","3096.927","",
"French Polynesia","PYF","Carbon dioxide (CO2) emissions from Transport (Energy) (Mt CO2e)","EN.GHG.CO2.TR.MT.CE.AR5","","","","","","","","","","","0.052","0.052","0.0566","0.054","0.0525","0.0608","0.0551","0.0611","0.0648","0.0699","0.0712","0.1131","0.1519","0.1988","0.2932","0.276","0.2801","0.3216","0.3165","0.2973","0.43","0.4439","0.4562","0.4537","0.3796","0.3268","0.3318","0.346","0.3339","0.3243","0.2942","0.3372","0.3363","0.3464","0.315","0.3647","0.3631","0.3764","0.4418","0.4676","0.5412","0.5363","0.5195","0.4981","0.456","0.467","0.4503","0.4204","0.3675","0.3764","0.352","0.3231","0.4675","0.4722","0.4973","",
"Qatar","QAT","Carbon dioxide (CO2) emissions from Transport (Energy) (Mt CO2e)","EN.GHG.CO2.TR.MT.CE.AR5","","","","","","","","","","","0.2334","0.2334","0.2743","0.3337","0.3941","0.4452","0.6392","0.7907","0.8404","0.9346","1.0476","1.1866","1.3724","1.381","1.2751","1.2526","1.2353","1.2623","1.366","1.5865","1.4733","1.4857","1.5835","1.6749","1.7832","1.9668","2.0965","2.3473","2.4667","2.2915","2.4178","2.6178","2.9043","3.363","3.7563","4.7286","5.6482","6.5478","8.4099","8.4632","8.8686","9.8458","9.3028","10.1888","12.2667","12.7924","13.1802","13.4513","11.7595","12.3309","11.4528","12.1829","11.5821","12.522","13.0207","",
"Romania","ROU","Carbon dioxide (CO2) emissions from Transport (Energy) (Mt CO2e)","EN.GHG.CO2.TR.MT.CE.AR5","","","","","","","","","","","6.5049","6.5049","6.9431","7.3129","6.1265","8.176","8.986","8.1719","7.87","7.6352","6.8851","4.4793","6.1563","5.2721","5.0495","4.2841","3.9884","5.5526","5.1836","10.599","11.734","10.2845","10.4235","8.3468","8.8591","8.1658","11.4767","11.6818","11.0525","9.3061","9.4528","11.5486","11.7867","12.4201","12.8874","12.0716","12.5237","13.2767","14.8584","14.892","13.8264","14.0458","15.3168","14.9203","15.2769","15.3956","16.4626","17.5915","18.0805","18.5506","18.0008","19.1771","20.7484","21.7061","22.7871","",
"Russian Federation","RUS","Carbon dioxide (CO2) emissions from Transport (Energy) (Mt CO2e)","EN.GHG.CO2.TR.MT.CE.AR5","","","","","","","","","","","131.1193","131.1193","139.2791","146.039","154.1003","169.4145","174.3433","176.1286","179.9062","183.4501","187.6497","192.7739","195.9226","198.7558","202.1086","205.1239","214.846","220.9171","224.6923","229.5667","298.7596","293.1003","280.6975","235.6167","207.0551","190.9377","181.4734","166.5664","196.4006","198.0545","189.1681","195.6389","198.6119","207.5544","222.1842","220.8918","229.171","230.7138","245.3042","228.3247","244.1253","249.6865","237.3169","238.7032","241.3901","240.6063","240.2018","246.0599","258.0199","262.4843","239.8345","261.9049","267.075","277.8589","286.7157","",
"Rwanda","RWA","Carbon dioxide (CO2) emissions from Transport (Energy) (Mt CO2e)","EN.GHG.CO2.TR.MT.CE.AR5","","","","","","","","","","","0.0236","0.0236","0.0297","0.0297","0.0297","0.0481","0.0666","0.0658","0.0714","0.0655","0.1988","0.2677","0.2746","0.3223","0.2862","0.2953","0.2916","0.2918","0.3608","0.3549","0.3525","0.3292","0.338","0.3506","0.3663","0.3565","0.3533","0.3591","0.3525","0.3682","0.3029","0.3059","0.3702","0.3088","0.2997","0.3272","0.324","0.2933","0.2901","0.2992","0.2992","0.384","0.4113","0.489","0.5271","0.6237","0.5688","0.5626","0.5239","0.6159","0.5859","0.6497","0.7825","0.7987","0.8132","",
"South Asia","SAS","Carbon dioxide (CO2) emissions from Transport (Energy) (Mt CO2e)","EN.GHG.CO2.TR.MT.CE.AR5","","","","","","","","","","","45.5931","45.5931","46.1953","44.8658","48.117","49.8274","49.3779","50.9004","52.8596","55.9949","58.5358","59.0814","51.2736","53.0597","53.5128","56.7584","57.7564","60.9683","63.2589","68.7873","68.9708","71.7798","74.0015","74.3092","77.268","85.5062","92.6954","94.7508","98.0578","102.8214","104.4385","104.9979","108.0485","110.2147","119.6432","128.0002","133.2646","156.316","177.1737","192.969","209.9231","228.0996","240.9143","245.1661","256.0499","279.1257","294.6701","317.5188","332.2497","334.53","293.8363","323.5319","351.9742","360.3378","374.1043","",
"Saudi Arabia","SAU","Carbon dioxide (CO2) emissions from Transport (Energy) (Mt CO2e)","EN.GHG.CO2.TR.MT.CE.AR5","","","","","","","","","","","3.3232","3.3232","3.9476","4.3535","4.9206","6.029","7.1671","10.9445","18.5837","22.3089","19.5827","25.4909","29.6136","41.1527","46.8328","44.0922","40.3453","45.4312","47.6978","45.0551","49.4036","51.4713","54.5299","57.4354","61.2373","54.1284","56.8705","57.7182","57.9073","58.1332","60.9413","62.7154","66.4147","68.6798","72.171","75.7518","81.8587","91.2583","98.5314","101.551","105.3986","116.5377","126.8074","128.9048","136.7232","146.9389","146.4491","142.9099","136.1028","136.4283","122.3177","128.2195","137.7722","140.5787","143.0396","",
"Sudan","SDN","Carbon dioxide (CO2) emissions from Transport (Energy) (Mt CO2e)","EN.GHG.CO2.TR.MT.CE.AR5","","","","","","","","","","","2.0562","2.0562","2.1812","2.4697","2.5273","2.1608","1.5943","1.7048","2.0728","2.1323","2.2744","2.2545","2.5718","2.5849","2.2855","2.7496","2.5879","2.0166","3.1902","2.8205","3.9629","3.1314","3.1211","2.05","2.979","2.7936","2.6479","3.1327","2.9838","2.4256","2.6446","3.4207","3.9097","3.7806","4.1683","4.9524","5.9566","6.5021","7.758","7.874","8.9202","8.9133","9.596","9.9765","10.3831","10.9786","12.2979","12.1234","12.4768","12.7415","11.623","13.3386","13.0083","13.2788","13.524","",
"Senegal","SEN","Carbon dioxide (CO2) emissions from Transport (Energy) (Mt CO2e)","EN.GHG.CO2.TR.MT.CE.AR5","","","","","","","","","","","0.4346","0.4346","0.4692","0.5106","0.5042","0.5419","0.5954","0.6427","0.633","0.6869","0.716","0.6784","0.6725","0.7394","0.7691","0.7477","0.7127","0.6488","0.5431","0.6879","0.7298","0.7493","0.7879","0.7566","0.7438","0.785","0.849","0.9224","1.018","1.1044","1.1745","1.1708","1.2791","1.4071","1.5164","1.4623","1.5538","2.0272","2.1852","1.9514","2.0604","2.1984","2.1021","2.3322","2.449","2.7179","2.9637","2.625","2.8967","3.0957","2.8659","4.2103","4.8702","5.3403","5.5497","",
"Singapore","SGP","Carbon dioxide (CO2) emissions from Transport (Energy) (Mt CO2e)","EN.GHG.CO2.TR.MT.CE.AR5","","","","","","","","","","","1.5276","1.5276","1.6125","1.7874","1.7387","1.8608","2.0426","2.4465","2.5934","2.9571","2.8578","3.0477","3.2705","3.4035","3.6447","3.4075","3.474","3.5803","3.4973","4.0728","4.0669","4.9302","4.7595","4.7219","5.1368","5.6462","5.1062","5.0649","5.0801","5.1371","5.2185","5.317","5.2889","5.3051","5.4098","5.594","5.8124","6.007","6.1242","6.7011","6.7864","7.2474","7.0106","6.5131","6.7306","7.2195","7.4049","6.6374","6.3845","6.2973","6.1737","6.1397","6.0262","5.8525","6.2353","",
"Solomon Islands","SLB","Carbon dioxide (CO2) emissions from Transport (Energy) (Mt CO2e)","EN.GHG.CO2.TR.MT.CE.AR5","","","","","","","","","","","0.0242","0.0242","0.0264","0.0252","0.0245","0.0284","0.0257","0.0285","0.0303","0.0326","0.0332","0.0492","0.0456","0.0497","0.0489","0.0478","0.0347","0.0465","0.0564","0.0525","0.0804","0.083","0.0906","0.0902","0.0954","0.0787","0.0816","0.0833","0.0804","0.0781","0.0965","0.1037","0.1025","0.103","0.1021","0.1157","0.1229","0.1284","0.1495","0.164","0.1959","0.2088","0.2089","0.1969","0.1735","0.1548","0.1444","0.1391","0.1526","0.153","0.151","0.1675","0.1505","0.152","0.1601","",
"Sierra Leone","SLE","Carbon dioxide (CO2) emissions from Transport (Energy) (Mt CO2e)","EN.GHG.CO2.TR.MT.CE.AR5","","","","","","","","","","","0.0449","0.0449","0.0483","0.0532","0.054","0.0663","0.0846","0.1089","0.117","0.1298","0.1379","0.1469","0.1463","0.1436","0.146","0.1492","0.1775","0.1961","0.2754","0.2573","0.2964","0.3914","0.2468","0.2428","0.2505","0.2768","0.2801","0.2963","0.3008","0.3174","0.186","0.2377","0.2464","0.2623","0.2667","0.2471","0.3118","0.3013","0.2963","0.3062","0.3129","0.382","0.4509","0.5488","0.5609","0.4677","0.5153","0.5077","0.5764","0.5877","0.6122","0.7842","0.7718","0.7389","0.7681","",
"El Salvador","SLV","Carbon dioxide (CO2) emissions from Transport (Energy) (Mt CO2e)","EN.GHG.CO2.TR.MT.CE.AR5","","","","","","","","","","","0.5669","0.5669","0.6363","0.671","0.6909","0.7605","0.8682","0.9475","1.0678","1.0839","0.8556","0.8056","0.8373","0.8463","0.8781","0.9575","0.9449","1.0525","1.1317","1.1857","1.2662","1.3809","1.5982","1.7466","1.8599","2.1169","2.0966","2.1339","2.2908","2.6064","2.5252","2.5407","2.4657","2.6839","2.8371","3.0572","2.9427","3.151","2.9544","3.0567","3.0128","3.1119","2.7371","2.7762","2.797","3.2954","3.4421","3.3642","3.4747","3.7418","3.1928","3.9273","4.143","4.392","4.5613","",
"San Marino","SMR","Carbon dioxide (CO2) emissions from Transport (Energy) (Mt CO2e)","EN.GHG.CO2.TR.MT.CE.AR5","","","","","","","","","","","","","","","","","","","","","","","","","","","","","","","","","","","","","","","","","","","","","","","","","","","","","","","","","","","","","","","","","","",
"Somalia, Fed. Rep.","SOM","Carbon dioxide (CO2) emissions from Transport (Energy) (Mt CO2e)","EN.GHG.CO2.TR.MT.CE.AR5","","","","","","","","","","","0.071","0.071","0.0763","0.084","0.0853","0.1048","0.1337","0.1721","0.1848","0.2051","0.2179","0.2703","0.2466","0.2557","0.2686","0.2469","0.2968","0.2241","0.2832","0.2841","0.292","0.2179","0.1756","0.1821","0.1811","0.1893","0.195","0.1958","0.1988","0.2098","0.2959","0.3098","0.3467","0.3575","0.3646","0.3732","0.3884","0.408","0.4061","0.4128","0.406","0.3903","0.4016","0.4125","0.3856","0.4149","0.4544","0.4514","0.4427","0.4511","0.4284","0.4678","0.4712","0.4805","0.4894","",
"Serbia","SRB","Carbon dioxide (CO2) emissions from Transport (Energy) (Mt CO2e)","EN.GHG.CO2.TR.MT.CE.AR5","","","","","","","","","","","","","","","","","","","","","","","","","","","","","","","","","","","","","","","","","","","","","","","","","","","","","","","","","","","","","","","","","","",
"Sub-Saharan Africa (excluding high income)","SSA","Carbon dioxide (CO2) emissions from Transport (Energy) (Mt CO2e)","EN.GHG.CO2.TR.MT.CE.AR5","","","","","","","","","","","46.1917","46.1917","48.421","50.9442","48.9467","53.0123","52.8574","55.0633","59.1154","54.8393","58.6817","60.315","61.0012","61.3098","61.3111","60.7287","60.6393","61.3372","66.2487","66.8287","66.8054","69.3865","74.305","70.4507","69.6143","76.7302","79.5212","86.6043","83.2328","86.9767","88.8359","95.941","100.2176","105.9304","111.6207","113.7745","113.8086","119.3182","126.9587","128.3313","139.9824","149.5872","160.1755","180.7475","185.1754","189.2983","198.9276","201.2395","211.4068","217.6604","196.3433","221.3459","230.7007","227.8453","229.9362","",
"South Sudan","SSD","Carbon dioxide (CO2) emissions from Transport (Energy) (Mt CO2e)","EN.GHG.CO2.TR.MT.CE.AR5","","","","","","","","","","","","","","","","","","","","","","","","","","","","","","","","","","","","","","","","","","","","","","","","","","","","","","","","","","","","","","","","","","",
"Sub-Saharan Africa","SSF","Carbon dioxide (CO2) emissions from Transport (Energy) (Mt CO2e)","EN.GHG.CO2.TR.MT.CE.AR5","","","","","","","","","","","46.6905","46.6905","48.8952","51.4698","49.4988","53.496","53.3663","55.6065","59.7261","55.5015","59.282","60.936","61.5904","61.9325","61.9053","61.3591","61.3684","62.1451","67.1434","67.7492","67.7275","70.3664","75.1867","71.4837","70.7476","77.994","80.9081","88.0735","84.8295","88.6287","90.7975","98.3356","102.6634","108.4714","114.5003","116.3857","116.6055","122.2339","130.0014","131.543","143.1797","152.8504","163.901","184.9868","189.8921","194.529","205.2827","207.9605","218.6927","225.6856","203.7291","229.3107","238.4698","235.7598","238.0067","",
"Small states","SST","Carbon dioxide (CO2) emissions from Transport (Energy) (Mt CO2e)","EN.GHG.CO2.TR.MT.CE.AR5","","","","","","","","","","","6.0545","6.0728","6.3342","6.9801","6.5875","6.777","6.9801","7.3796","7.6888","7.8628","8.2935","8.4723","8.5413","8.4589","8.6526","8.3722","9","9.3183","9.1972","9.7127","10.7577","10.8172","9.8075","10.055","11.3199","11.3958","11.5721","12.2412","12.3123","12.5529","12.6683","13.1253","12.835","13.1897","14.2323","14.7512","16.1328","16.6036","17.2034","17.6846","19.0246","18.5971","20.1327","18.7451","18.8452","18.8171","19.2909","19.608","18.9868","20.2434","17.7841","19.0068","20.0938","20.4111","20.9501","",
"Sao Tome and Principe","STP","Carbon dioxide (CO2) emissions from Transport (Energy) (Mt CO2e)","EN.GHG.CO2.TR.MT.CE.AR5","","","","","","","","","","","0.0018","0.0018","0.0019","0.0021","0.0022","0.0027","0.0034","0.0044","0.0047","0.0052","0.0055","0.0059","0.0054","0.0057","0.0058","0.0054","0.0068","0.0069","0.0087","0.0085","0.0183","0.0242","0.0211","0.0208","0.0253","0.0265","0.0273","0.0274","0.0278","0.0293","0.0266","0.0268","0.031","0.0356","0.0418","0.0455","0.0488","0.0521","0.0575","0.063","0.0658","0.0652","0.071","0.0729","0.0682","0.0736","0.0824","0.0835","0.0819","0.0882","0.0864","0.0937","0.0826","0.0852","0.0864","",
"Suriname","SUR","Carbon dioxide (CO2) emissions from Transport (Energy) (Mt CO2e)","EN.GHG.CO2.TR.MT.CE.AR5","","","","","","","","","","","0.037","0.0369","0.0298","0.0329","0.0384","0.0505","0.0542","0.0558","0.0582","0.0506","0.0725","0.0645","0.062","0.0478","0.0438","0.0567","0.0606","0.0542","0.0633","0.0751","0.181","0.1746","0.1675","0.1742","0.1774","0.1809","0.1767","0.1972","0.2052","0.2118","0.289","0.2954","0.4286","0.4569","0.4724","0.504","0.5323","0.5359","0.5733","0.5848","0.6708","0.5719","0.6928","0.6184","0.6697","0.6756","1.0003","0.8236","0.6789","0.8812","0.8107","0.9118","0.9425","0.942","0.9796","",
"Slovak Republic","SVK","Carbon dioxide (CO2) emissions from Transport (Energy) (Mt CO2e)","EN.GHG.CO2.TR.MT.CE.AR5","","","","","","","","","","","4.2658","4.2658","4.4578","4.9177","4.8534","4.214","4.2361","4.2791","4.6443","4.9204","4.1224","4.2499","3.9389","3.2526","3.3442","3.337","3.4537","3.5778","3.7126","3.7711","4.087","3.3909","3.5496","2.9371","3.3552","3.7948","3.5187","4.1066","4.1746","4.2447","4.0629","5.3453","6.1452","5.6342","5.93","6.511","6.1121","6.6929","7.3277","6.3225","7.154","7.1192","6.4681","6.4756","6.0583","5.9667","6.7363","7.7963","7.7274","7.8287","6.9882","7.251","7.4672","7.366","7.3528","",
"Slovenia","SVN","Carbon dioxide (CO2) emissions from Transport (Energy) (Mt CO2e)","EN.GHG.CO2.TR.MT.CE.AR5","","","","","","","","","","","1.8953","1.8953","1.8392","1.9479","2.2093","2.1894","2.2524","2.4069","2.6599","2.5839","2.3953","2.4167","2.1993","2.2469","2.1084","2.3683","2.9611","2.6229","2.9252","2.7834","2.6224","2.4781","2.5556","3.0867","3.4469","3.8428","4.3558","4.5642","3.7937","3.5879","3.5281","3.6867","3.8007","3.8563","4.0419","4.3114","4.5496","5.1513","6.0574","5.078","5.2119","5.567","5.5834","5.2878","5.3043","5.2757","5.6468","5.7708","5.7444","5.5327","4.4982","5.1188","5.7056","5.2709","5.2322","",
"Sweden","SWE","Carbon dioxide (CO2) emissions from Transport (Energy) (Mt CO2e)","EN.GHG.CO2.TR.MT.CE.AR5","","","","","","","","","","","13.9151","13.8512","14.1534","15.0535","14.947","15.4271","16.5182","17.175","17.6506","17.34","16.6886","16.3821","16.4811","16.803","17.6156","18.1727","19.3775","19.6917","20.7837","21.3311","19.8568","19.5586","20.3441","19.4351","20.1472","20.3406","20.0948","20.3326","20.6281","21.069","21.214","21.1418","21.3499","21.6433","22.0426","20.9938","21.1118","21.2561","20.8149","20.2934","20.6653","20.3745","19.3483","18.849","18.3627","18.4115","17.4852","17.2931","16.5355","16.6786","15.2059","15.4466","13.8166","13.7629","14.3716","",
"Eswatini","SWZ","Carbon dioxide (CO2) emissions from Transport (Energy) (Mt CO2e)","EN.GHG.CO2.TR.MT.CE.AR5","","","","","","","","","","","0.1642","0.1642","0.1706","0.1832","0.1958","0.2211","0.2148","0.2148","0.2567","0.2631","0.2541","0.2536","0.2568","0.2385","0.25","0.2695","0.3326","0.3611","0.3837","0.4153","0.4505","0.4568","0.44","0.4432","0.4526","0.4515","0.3013","0.4104","0.4263","0.4894","0.509","0.4394","0.4469","0.4673","0.4703","0.4988","0.5024","0.5183","0.4865","0.5619","0.5871","0.5161","0.5193","0.6732","0.6703","0.5741","0.4778","0.5864","0.5864","0.6851","0.753","0.7338","0.8575","0.8663","0.8737","",
"Sint Maarten (Dutch part)","SXM","Carbon dioxide (CO2) emissions from Transport (Energy) (Mt CO2e)","EN.GHG.CO2.TR.MT.CE.AR5","","","","","","","","","","","","","","","","","","","","","","","","","","","","","","","","","","","","","","","","","","","","","","","","","","","","","","","","","","","","","","","","","","",
"Seychelles","SYC","Carbon dioxide (CO2) emissions from Transport (Energy) (Mt CO2e)","EN.GHG.CO2.TR.MT.CE.AR5","","","","","","","","","","","0.0135","0.0135","0.0145","0.016","0.0162","0.0199","0.0254","0.0327","0.0351","0.0389","0.0414","0.0353","0.0298","0.0546","0.0584","0.057","0.061","0.0655","0.1229","0.1248","0.1271","0.1794","0.1556","0.1578","0.1569","0.17","0.1751","0.1866","0.1894","0.1999","0.3693","0.405","0.3671","0.3749","0.5387","0.4929","0.5404","0.4632","0.5075","0.5623","0.4891","0.4012","0.4753","0.4396","0.481","0.5176","0.6206","0.6476","0.5413","0.4975","0.4716","0.4674","0.4938","0.4927","0.5158","",
"Syrian Arab Republic","SYR","Carbon dioxide (CO2) emissions from Transport (Energy) (Mt CO2e)","EN.GHG.CO2.TR.MT.CE.AR5","","","","","","","","","","","1.4411","1.4411","1.6424","1.7291","1.9259","2.5124","3.097","3.4633","3.4997","3.5996","3.6253","3.7699","4.0223","4.433","4.7877","5.0037","5.0091","5.6004","5.5473","6.7327","7.2432","7.6019","7.1508","7.5049","7.5263","7.5066","8.8057","9.0036","9.3046","8.0073","8.4614","8.0407","8.7247","7.8559","10.3413","13.6257","14.4728","15.481","15.6871","13.1293","12.9623","12.9244","10.5705","6.5059","6.0415","5.7117","5.1493","5.0304","6.5421","5.6934","5.1934","4.8658","4.9672","5.0504","5.0822","",
"Turks and Caicos Islands","TCA","Carbon dioxide (CO2) emissions from Transport (Energy) (Mt CO2e)","EN.GHG.CO2.TR.MT.CE.AR5","","","","","","","","","","","0.0002","0.0002","0.0002","0.0002","0.0002","0.0003","0.0003","0.0004","0.0004","0.0003","0.0005","0.0005","0.0005","0.0005","0.0006","0.0006","0.0006","0.0007","0.0007","0.0008","0.0015","0.0016","0.0016","0.0016","0.0017","0.0017","0.0017","0.0018","0.002","0.0021","0.0066","0.0067","0.009","0.0094","0.0094","0.0115","0.0147","0.018","0.0207","0.0234","0.0273","0.0201","0.0204","0.0238","0.0276","0.0293","0.0318","0.032","0.068","0.0819","0.073","0.0732","0.0753","0.0763","0.0785","",
"Chad","TCD","Carbon dioxide (CO2) emissions from Transport (Energy) (Mt CO2e)","EN.GHG.CO2.TR.MT.CE.AR5","","","","","","","","","","","0.018","0.018","0.0193","0.0213","0.0216","0.0265","0.0339","0.0436","0.0468","0.0519","0.0552","0.0558","0.0515","0.0546","0.0263","0.0298","0.0581","0.0529","0.0398","0.0427","0.1018","0.1249","0.109","0.0513","0.0557","0.0582","0.06","0.0652","0.0662","0.0699","0.1037","0.1016","0.1039","0.1058","0.1137","0.1241","0.1301","0.15","0.1585","0.177","0.1881","0.2635","0.4772","0.5079","0.4941","0.5202","0.5513","0.858","0.9307","0.9691","1.048","1.221","1.2214","1.2598","1.2784","",
"East Asia & Pacific (IDA & IBRD countries)","TEA","Carbon dioxide (CO2) emissions from Transport (Energy) (Mt CO2e)","EN.GHG.CO2.TR.MT.CE.AR5","","","","","","","","","","","79.7538","79.7538","86.1159","92.4382","97.0307","106.109","107.7766","116.4616","116.6457","122.3858","121.394","123.178","128.2569","135.4468","143.6359","149.355","160.6253","170.838","183.9728","194.9528","192.6509","203.0131","220.7567","249.2059","252.5879","280.7566","339.7974","326.3819","312.0138","335.7974","433.7052","447.9544","478.464","523.8787","595.3689","619.9009","646.9421","692.2861","731.9854","760.9443","825.3901","901.2477","991.1649","1065.5642","1102.8561","1164.5566","1190.3694","1240.2919","1329.5544","1333.6901","1237.5351","1304.4608","1273.1439","1340.0004","1345.2736","",
"Europe & Central Asia (IDA & IBRD countries)","TEC","Carbon dioxide (CO2) emissions from Transport (Energy) (Mt CO2e)","EN.GHG.CO2.TR.MT.CE.AR5","","","","","","","","","","","266.6902","266.7622","280.5201","292.6054","304.1709","329.8972","338.5624","342.5688","346.4148","347.03","351.2326","351.4511","354.9942","357.468","359.7629","361.8883","379.4165","391.1319","397.9792","410.2901","492.5656","490.8354","442.2729","387.1988","341.7051","333.6157","333.7581","321.1051","352.343","348.3635","342.8407","351.2053","359.611","372.0134","396.7977","401.0066","422.5554","448.4559","468.7537","439.795","460.0264","471.1258","464.6413","469.421","475.044","483.668","501.2503","522.2145","545.3919","553.1209","517.2184","566.8711","574.9642","602.0842","618.3975","",
"Togo","TGO","Carbon dioxide (CO2) emissions from Transport (Energy) (Mt CO2e)","EN.GHG.CO2.TR.MT.CE.AR5","","","","","","","","","","","0.2066","0.2066","0.2127","0.1995","0.1836","0.244","0.1924","0.243","0.2332","0.3014","0.3158","0.3136","0.3634","0.2264","0.1808","0.2299","0.4058","0.447","0.418","0.4276","0.4264","0.3218","0.2706","0.167","0.3241","0.3935","0.6565","0.432","0.4843","0.5754","0.4342","0.2928","0.4792","0.7014","0.6432","0.6138","0.5781","0.6434","0.8672","1.9312","1.603","1.484","1.2587","0.7381","0.3946","0.7081","0.6095","0.6443","1.0077","0.9203","1.2462","1.2651","1.2335","1.1798","1.226","",
"Thailand","THA","Carbon dioxide (CO2) emissions from Transport (Energy) (Mt CO2e)","EN.GHG.CO2.TR.MT.CE.AR5","","","","","","","","","","","5.8567","5.8567","6.5093","7.4405","6.7643","7.1887","8.5207","9.087","9.5755","10.3763","9.836","10.3442","10.0071","11.9515","13.9645","14.7238","15.5578","17.9484","20.5821","24.65","28.001","28.7478","30.5219","35.9085","39.9376","47.5771","51.9922","51.7937","44.8458","46.3344","45.2749","46.4118","49.0849","52.2574","56.1287","56.1581","52.6634","55.6298","51.9764","54.9056","55.6603","58.4878","60.4561","59.8358","58.1023","61.6326","65.6519","71.9919","72.3654","73.9948","72.8986","67.3845","77.9633","80.4211","83.1742","",
"Tajikistan","TJK","Carbon dioxide (CO2) emissions from Transport (Energy) (Mt CO2e)","EN.GHG.CO2.TR.MT.CE.AR5","","","","","","","","","","","0.2379","0.2379","0.2613","0.2838","0.3106","0.342","0.3696","0.3764","0.3859","0.4006","0.4333","0.4347","0.4343","0.4271","0.4226","0.4233","0.454","0.4661","0.4715","0.4844","0.7318","0.7318","0.3659","0.2927","0.1951","0.1799","0.1372","0.1372","0.1159","0.061","0.0427","0.0915","0.122","0.1006","0.1342","0.1243","0.164","0.2554","0.2524","0.2372","0.2676","0.2859","0.8787","0.9037","1.536","1.3312","1.2878","1.1795","1.2257","1.3581","1.6922","1.854","2.2148","2.2753","2.2509","",
"Turkmenistan","TKM","Carbon dioxide (CO2) emissions from Transport (Energy) (Mt CO2e)","EN.GHG.CO2.TR.MT.CE.AR5","","","","","","","","","","","1.3428","1.3428","1.4749","1.6021","1.7536","1.9306","2.0865","2.1251","2.1785","2.2615","2.4459","2.4539","2.4518","2.4114","2.386","2.3896","2.5632","2.6315","2.6618","2.7349","9.8221","8.7957","6.877","7.0919","4.2507","3.9918","4.4944","2.685","3.2609","4.1482","6.5012","6.6163","7.5583","8.19","8.2738","8.7652","8.7173","9.5824","9.5366","7.2205","8.2628","9.9685","10.385","11.1152","12.1534","11.3177","11.0147","11.3729","11.0506","10.9583","10.755","10.9068","11.1064","10.0636","9.3823","",
"Latin America & the Caribbean (IDA & IBRD countries)","TLA","Carbon dioxide (CO2) emissions from Transport (Energy) (Mt CO2e)","EN.GHG.CO2.TR.MT.CE.AR5","","","","","","","","","","","138.9208","138.9207","151.1938","166.7806","179.2599","188.4642","201.3049","206.9574","221.2602","235.0316","241.3254","251.2224","251.5009","239.0403","241.2258","243.0616","252.5509","257.4632","261.8616","272.4148","281.8774","295.8923","302.6899","316.0742","328.9096","340.9968","364.931","378.2136","392.7525","389.0964","392.1354","396.9038","400.4453","402.4555","426.8526","444.6385","463.6337","489.6187","509.1626","502.4226","531.8461","561.9006","585.8593","597.157","601.6807","593.9889","599.5163","598.324","587.2694","595.6355","486.4137","540.4744","596.3801","605.1707","607.9829","",
"Timor-Leste","TLS","Carbon dioxide (CO2) emissions from Transport (Energy) (Mt CO2e)","EN.GHG.CO2.TR.MT.CE.AR5","","","","","","","","","","","0.0035","0.0035","0.0038","0.0036","0.0035","0.0041","0.0037","0.0041","0.0043","0.0047","0.0047","0.0049","0.0051","0.0075","0.0108","0.0159","0.0169","0.0194","0.0243","0.0226","0.0346","0.0357","0.039","0.0505","0.0534","0.0441","0.0562","0.0574","0.0554","0.0605","0.0505","0.0576","0.0551","0.0607","0.0612","0.0681","0.0712","0.0724","0.091","0.1083","0.1306","0.1398","0.1642","0.2329","0.2497","0.2396","0.2297","0.2245","0.2531","0.3111","0.3013","0.3312","0.3169","0.3201","0.3371","",
"Middle East, North Africa, Afghanistan & Pakistan (IDA & IBRD)","TMN","Carbon dioxide (CO2) emissions from Transport (Energy) (Mt CO2e)","EN.GHG.CO2.TR.MT.CE.AR5","","","","","","","","","","","27.328","27.328","30.329","34.4138","38.7667","43.9819","51.3929","57.3218","62.1271","67.7764","71.4655","76.3394","82.8885","91.9575","98.4416","109.6713","109.1551","115.6664","118.4155","127.4051","136.4909","140.9581","151.1956","163.0941","173.4607","175.3431","185.4857","189.0182","197.5439","209.7899","218.9188","224.9964","234.5744","239.5411","254.943","269.6483","280.8957","291.121","302.1773","324.1357","327.5512","331.9374","355.4243","358.8173","374.6503","374.3126","375.5793","388.1291","394.8863","394.5452","371.2288","406.988","411.8917","412.0085","424.7394","",
"Tonga","TON","Carbon dioxide (CO2) emissions from Transport (Energy) (Mt CO2e)","EN.GHG.CO2.TR.MT.CE.AR5","","","","","","","","","","","0.0069","0.0069","0.0076","0.0072","0.007","0.0081","0.0073","0.0081","0.0086","0.0093","0.0095","0.0148","0.0152","0.0149","0.0147","0.0159","0.0079","0.0205","0.0258","0.0296","0.0452","0.0477","0.0499","0.0496","0.0712","0.0534","0.0624","0.0668","0.0655","0.0636","0.0414","0.0385","0.0401","0.0466","0.0399","0.047","0.0546","0.0454","0.0564","0.0656","0.0691","0.0673","0.0665","0.0599","0.0612","0.0626","0.0641","0.074","0.0694","0.0795","0.0918","0.1042","0.0814","0.0823","0.0866","",
"South Asia (IDA & IBRD)","TSA","Carbon dioxide (CO2) emissions from Transport (Energy) (Mt CO2e)","EN.GHG.CO2.TR.MT.CE.AR5","","","","","","","","","","","45.5931","45.5931","46.1953","44.8658","48.117","49.8274","49.3779","50.9004","52.8596","55.9949","58.5358","59.0814","51.2736","53.0597","53.5128","56.7584","57.7564","60.9683","63.2589","68.7873","68.9708","71.7798","74.0015","74.3092","77.268","85.5062","92.6954","94.7508","98.0578","102.8214","104.4385","104.9979","108.0485","110.2147","119.6432","128.0002","133.2646","156.316","177.1737","192.969","209.9231","228.0996","240.9143","245.1661","256.0499","279.1257","294.6701","317.5188","332.2497","334.53","293.8363","323.5319","351.9742","360.3378","374.1043","",
"Sub-Saharan Africa (IDA & IBRD countries)","TSS","Carbon dioxide (CO2) emissions from Transport (Energy) (Mt CO2e)","EN.GHG.CO2.TR.MT.CE.AR5","","","","","","","","","","","46.6905","46.6905","48.8952","51.4698","49.4988","53.496","53.3663","55.6065","59.7261","55.5015","59.282","60.936","61.5904","61.9325","61.9053","61.3591","61.3684","62.1451","67.1434","67.7492","67.7275","70.3664","75.1867","71.4837","70.7476","77.994","80.9081","88.0735","84.8295","88.6287","90.7975","98.3356","102.6634","108.4714","114.5003","116.3857","116.6055","122.2339","130.0014","131.543","143.1797","152.8504","163.901","184.9868","189.8921","194.529","205.2827","207.9605","218.6927","225.6856","203.7291","229.3107","238.4698","235.7598","238.0067","",
"Trinidad and Tobago","TTO","Carbon dioxide (CO2) emissions from Transport (Energy) (Mt CO2e)","EN.GHG.CO2.TR.MT.CE.AR5","","","","","","","","","","","0.7296","0.7296","0.8295","1.1219","0.894","0.8962","0.9301","1.145","1.2648","1.3112","1.4085","1.4963","1.5993","1.6293","1.7082","1.6782","1.7224","1.7208","1.3371","1.3061","1.3454","1.419","1.356","1.2186","1.283","1.3373","1.3852","1.5049","1.5549","1.5705","1.6373","1.638","1.6886","1.6846","2.053","2.1515","2.6337","2.7758","3.0013","3.0452","3.2036","3.1881","3.1127","2.983","3.3537","3.3715","3.0321","3.0465","2.5025","2.7698","2.3069","2.2216","2.5519","2.6191","2.6732","",
"Tunisia","TUN","Carbon dioxide (CO2) emissions from Transport (Energy) (Mt CO2e)","EN.GHG.CO2.TR.MT.CE.AR5","","","","","","","","","","","0.8915","0.8915","0.9771","1.0658","1.1772","1.2504","1.3716","1.429","1.544","1.6431","1.7708","1.8887","1.9042","2.0429","2.1474","2.2542","2.2029","2.2004","2.2741","2.3788","2.4913","2.561","2.6366","2.9621","3.0952","3.1976","3.32","3.511","3.6114","3.8426","4.0269","4.131","4.2365","4.3777","4.4158","4.5896","4.5615","4.8054","4.6503","5.7165","6.8615","6.3996","6.3564","6.0551","6.3312","6.725","7.083","7.6148","7.6273","7.3196","7.0969","7.9724","8.1204","8.7031","9.1137","",
"Turkiye","TUR","Carbon dioxide (CO2) emissions from Transport (Energy) (Mt CO2e)","EN.GHG.CO2.TR.MT.CE.AR5","","","","","","","","","","","10.2767","11.0977","12.3015","13.8429","14.3706","16.3763","17.6625","20.0544","19.4705","17.4672","16.7433","16.8674","18.0669","18.907","19.0821","19.7597","22.0809","25.1473","25.5515","25.9493","27.851","26.5579","27.1141","32.2711","31.3355","35.2006","36.9932","34.3485","31.7171","33.2992","34.7352","33.3117","35.0762","35.1269","35.7433","36.9415","41.6515","47.4505","44.6722","44.2586","43.3861","44.0003","51.0565","57.2043","60.9324","72.5081","79.1517","82.8434","83.3702","83.5207","78.8566","89.4596","90.1147","97.2171","99.2863","",
"Tuvalu","TUV","Carbon dioxide (CO2) emissions from Transport (Energy) (Mt CO2e)","EN.GHG.CO2.TR.MT.CE.AR5","","","","","","","","","","","","","","","","","","","","","","","","","","","","","","","","","","","","","","","","","","","","","","","","","","","","","","","","","","","","","","","","","","",
"Tanzania","TZA","Carbon dioxide (CO2) emissions from Transport (Energy) (Mt CO2e)","EN.GHG.CO2.TR.MT.CE.AR5","","","","","","","","","","","0.7108","0.7108","0.8514","0.8091","0.7583","0.7472","0.7489","0.7214","0.6668","0.7144","0.6923","0.68","0.621","0.6333","0.633","0.6424","0.6393","0.6612","0.6674","0.6585","0.6995","0.6547","0.6828","0.7107","0.7107","0.8972","1.2017","1.1758","1.3942","1.1592","1.4601","1.7498","2.1968","2.3144","2.3997","2.7636","2.8557","2.8442","3.0931","3.0196","3.5357","4.4345","5.77","6.3511","5.7863","6.5305","7.6376","7.1682","7.4772","7.9838","8.0515","9.5241","9.9718","10.1827","10.3725","",
"Uganda","UGA","Carbon dioxide (CO2) emissions from Transport (Energy) (Mt CO2e)","EN.GHG.CO2.TR.MT.CE.AR5","","","","","","","","","","","0.3632","0.3632","0.3632","0.3663","0.3788","0.3819","0.5528","0.5158","0.4595","0.431","0.475","0.3774","0.3436","0.2967","0.357","0.3824","0.4399","0.4972","0.5351","0.5061","0.5974","0.6162","0.6159","0.6025","0.5539","0.7181","0.7368","0.7718","0.8829","0.889","0.9047","0.9172","0.9299","0.9581","0.9853","1.0216","1.1287","1.1898","1.3805","1.5244","1.2802","1.6394","2.0416","2.1926","2.4352","2.7419","2.9437","3.1052","3.3855","3.5206","3.3913","3.7665","3.7086","3.7712","3.8407","",
"Ukraine","UKR","Carbon dioxide (CO2) emissions from Transport (Energy) (Mt CO2e)","EN.GHG.CO2.TR.MT.CE.AR5","","","","","","","","","","","47.3302","47.3302","48.9135","50.3349","52.055","54.6138","55.2548","54.9561","54.6955","54.6596","55.5304","55.5483","55.5005","54.321","53.84","53.3548","54.7402","55.162","54.9852","55.9108","54.8617","66.1123","40.9448","35.4422","32.2504","33.3218","30.1513","35.8955","33.576","28.1036","26.9171","28.4656","29.7024","29.1694","31.1722","30.5906","30.2298","39.9521","39.9194","33.4182","33.9065","33.6688","31.2469","31.3281","26.91","23.0578","24.3859","25.3547","25.0953","26.6672","21.7009","25.4859","21.0761","22.3017","22.697","",
"Upper middle income","UMC","Carbon dioxide (CO2) emissions from Transport (Energy) (Mt CO2e)","EN.GHG.CO2.TR.MT.CE.AR5","","","","","","","","","","","311.755","312.5759","335.5671","364.5765","385.4784","416.3593","435.9207","454.742","468.7791","485.0704","490.5592","505.7209","516.9771","517.2875","534.0052","548.1453","571.6353","593.1927","611.8112","640.7947","661.0441","693.9211","687.8496","722.1956","725.8659","765.9935","846.4961","848.4578","842.7517","864.6882","978.548","1002.5636","1044.4269","1097.8152","1203.0453","1254.3924","1315.395","1398.0206","1462.0607","1474.9648","1568.4922","1677.398","1808.8522","1911.5598","1961.9524","2014.0739","2042.0408","2101.783","2191.5787","2206.4223","2000.7698","2162.629","2160.3994","2250.8909","2255.9554","",
"Uruguay","URY","Carbon dioxide (CO2) emissions from Transport (Energy) (Mt CO2e)","EN.GHG.CO2.TR.MT.CE.AR5","","","","","","","","","","","1.7356","1.7356","1.8626","1.8142","1.6555","1.6618","1.7439","1.7635","1.7639","1.9327","1.6525","1.666","1.5893","1.5188","1.3761","1.3348","1.3476","1.411","1.4435","1.5103","1.5169","1.612","1.7329","1.9554","2.2003","2.1817","2.3189","2.519","2.6907","2.7827","2.5172","2.4142","2.1804","2.0918","2.2111","2.2742","2.5012","2.6775","2.7268","2.9435","3.1","3.2245","3.2647","3.4328","3.4188","3.4494","3.5179","3.6753","3.6281","4.175","3.5137","3.887","4.1278","4.1957","4.3585","",
"United States","USA","Carbon dioxide (CO2) emissions from Transport (Energy) (Mt CO2e)","EN.GHG.CO2.TR.MT.CE.AR5","","","","","","","","","","","1039.7828","1086.6479","1154.5967","1206.4598","1178.3568","1193.4708","1246.5694","1285.1881","1331.2096","1303.3298","1241.2331","1235.8919","1227.5183","1243.7907","1281.7035","1292.5644","1315.0225","1359.2783","1421.9826","1433.5868","1426.9725","1399.6682","1430.6614","1454.1851","1506.8958","1537.7559","1577.1938","1602.1294","1640.36","1686.1773","1717.8487","1720.0372","1741.6418","1766.7548","1788.6669","1807.7222","1806.018","1806.3663","1708.2744","1622.5473","1679.7732","1633.5907","1597.5315","1646.9372","1639.846","1700.0469","1711.2183","1724.0175","1762.2354","1757.3448","1507.9152","1663.6783","1699.428","1674.9644","1678.5621","",
"Uzbekistan","UZB","Carbon dioxide (CO2) emissions from Transport (Energy) (Mt CO2e)","EN.GHG.CO2.TR.MT.CE.AR5","","","","","","","","","","","2.701","2.701","2.9501","3.1868","3.468","3.8179","4.0958","4.1667","4.2686","4.4202","4.7439","4.7743","4.7811","4.7223","4.6885","4.6992","5.0167","5.145","5.2053","5.341","7.6859","6.9363","5.4297","4.7734","4.2711","6.8628","9.3658","9.4872","12.9366","13.4885","13.4943","13.89","13.4005","12.1698","12.1696","12.2062","12.93","13.0833","12.9479","12.1435","12.9183","12.4962","10.1964","9.2371","8.6275","8.1314","8.1975","8.8593","14.4743","14.9668","15.6471","16.2805","17.8194","17.6347","19.2528","",
"St. Vincent and the Grenadines","VCT","Carbon dioxide (CO2) emissions from Transport (Energy) (Mt CO2e)","EN.GHG.CO2.TR.MT.CE.AR5","","","","","","","","","","","0.0008","0.0008","0.0006","0.0007","0.0008","0.0011","0.0012","0.0012","0.0012","0.0011","0.0016","0.0016","0.0017","0.0018","0.002","0.002","0.0018","0.0019","0.0024","0.0042","0.0088","0.0087","0.0107","0.0089","0.0166","0.0182","0.0164","0.0206","0.0235","0.0243","0.0153","0.0174","0.0191","0.0201","0.0214","0.0224","0.025","0.0267","0.0286","0.0443","0.036","0.0246","0.0306","0.0291","0.0334","0.0347","0.0363","0.0394","0.0393","0.043","0.042","0.0399","0.0433","0.0439","0.0451","",
"Venezuela, RB","VEN","Carbon dioxide (CO2) emissions from Transport (Energy) (Mt CO2e)","EN.GHG.CO2.TR.MT.CE.AR5","","","","","","","","","","","11.9951","11.9951","13.0166","14.5644","17.1256","19.3049","21.5717","22.7003","25.1221","25.962","27.0042","28.0648","28.4002","27.9138","26.9671","27.4754","27.7407","28.2506","29.2756","27.6938","28.5538","30.2524","29.7754","31.9118","32.395","33.4902","34.8309","32.4515","33.225","32.893","33.9391","36.1988","38.474","34.3738","34.8368","41.5512","43.796","47.4443","49.5138","50.2618","48.5933","50.8393","54.2014","53.3654","52.886","46.2171","40.5442","37.1094","32.5087","29.8466","11.2065","10.9759","14.6954","17.7494","15.9893","",
"British Virgin Islands","VGB","Carbon dioxide (CO2) emissions from Transport (Energy) (Mt CO2e)","EN.GHG.CO2.TR.MT.CE.AR5","","","","","","","","","","","0.0005","0.0005","0.0004","0.0005","0.0005","0.0007","0.0008","0.0008","0.0008","0.0007","0.001","0.0016","0.0017","0.0018","0.0013","0.0013","0.0009","0.0024","0.0026","0.0028","0.0056","0.0057","0.0059","0.0059","0.006","0.006","0.0078","0.0084","0.0087","0.009","0.0102","0.01","0.0107","0.0116","0.0119","0.0127","0.0154","0.0167","0.0193","0.0227","0.0263","0.0198","0.02","0.0232","0.0254","0.0262","0.0278","0.0243","0.0238","0.0323","0.0287","0.0288","0.0302","0.0306","0.0315","",
"Virgin Islands (U.S.)","VIR","Carbon dioxide (CO2) emissions from Transport (Energy) (Mt CO2e)","EN.GHG.CO2.TR.MT.CE.AR5","","","","","","","","","","","","","","","","","","","","","","","","","","","","","","","","","","","","","","","","","","","","","","","","","","","","","","","","","","","","","","","","","","",
"Viet Nam","VNM","Carbon dioxide (CO2) emissions from Transport (Energy) (Mt CO2e)","EN.GHG.CO2.TR.MT.CE.AR5","","","","","","","","","","","2.8089","2.8089","2.9003","2.8028","2.2849","2.2849","0.7616","0.4874","0.5636","0.6702","1.9875","1.6281","1.7074","1.9057","1.8561","2.8719","3.1968","3.7257","3.9731","3.5975","4.166","3.9382","4.4165","6.8995","7.6064","7.2744","7.9986","8.7492","9.1958","9.8289","10.5697","11.2946","13.8393","15.6523","19.162","19.3611","19.337","22.6361","24.1008","28.9275","31.07","30.5116","30.0571","29.2996","29.9625","33.1796","36.7853","40.0402","41.8466","43.5676","36.6267","32.1157","43.83","47.6505","51.4165","",
"Vanuatu","VUT","Carbon dioxide (CO2) emissions from Transport (Energy) (Mt CO2e)","EN.GHG.CO2.TR.MT.CE.AR5","","","","","","","","","","","0.0277","0.0277","0.0302","0.0288","0.028","0.0324","0.0294","0.0326","0.0346","0.0373","0.038","0.0344","0.0354","0.0348","0.0342","0.0425","0.0315","0.0314","0.0411","0.0337","0.0516","0.0479","0.0266","0.0264","0.028","0.0231","0.0239","0.0244","0.0236","0.0229","0.0347","0.0396","0.0367","0.0415","0.0311","0.0344","0.0328","0.0519","0.0585","0.0721","0.0846","0.1006","0.0829","0.0756","0.0812","0.0739","0.074","0.0794","0.1075","0.1051","0.1237","0.1467","0.1366","0.138","0.1453","",
"World","WLD","Carbon dioxide (CO2) emissions from Transport (Energy) (Mt CO2e)","EN.GHG.CO2.TR.MT.CE.AR5","","","","","","","","","","","2821.2294885097","2901.462636188","3070.8010408471","3247.3161877525","3218.3831154242","3285.833386723","3422.1064182083","3544.4643054213","3689.7469153315","3756.2670384865","3712.4339083759","3694.9301186816","3662.362493973","3696.3014250025","3801.1663126101","3878.3852254763","4020.8176397102","4160.603771009","4358.5265416169","4482.3652236723","4618.653963289","4656.4580607539","4762.1857375516","4803.9842937662","4901.0152251783","5035.3231082032","5241.3698390505","5317.5826289309","5441.6701552585","5603.2262012117","5781.0845053089","5810.2713159332","5961.8688239826","6087.1284908113","6369.4411897735","6510.6127146958","6662.1775323336","6870.3045027115","6874.4088978888","6734.9777465654","7022.3235687017","7138.5377937376","7197.0765788797","7380.7798159267","7502.5648423288","7735.2744725342","7886.9947512662","8079.069910615","8270.0116941325","8287.0211535825","7097.0782986581","7652.3819274082","7964.5480454438","8202.709073786","8299.2483057987","",
"Samoa","WSM","Carbon dioxide (CO2) emissions from Transport (Energy) (Mt CO2e)","EN.GHG.CO2.TR.MT.CE.AR5","","","","","","","","","","","0.0242","0.0242","0.0264","0.0252","0.0245","0.0284","0.0257","0.0285","0.0303","0.0326","0.0332","0.0344","0.0405","0.0398","0.0489","0.0425","0.0296","0.034","0.034","0.0407","0.0623","0.0643","0.0625","0.0699","0.0739","0.061","0.0632","0.0646","0.0623","0.0605","0.0772","0.0817","0.0796","0.0795","0.0752","0.0845","0.0898","0.0946","0.1113","0.1244","0.144","0.1501","0.1509","0.1399","0.133","0.1529","0.1585","0.1513","0.1621","0.1795","0.154","0.1732","0.1676","0.1693","0.1783","",
"Kosovo","XKX","Carbon dioxide (CO2) emissions from Transport (Energy) (Mt CO2e)","EN.GHG.CO2.TR.MT.CE.AR5","","","","","","","","","","","","","","","","","","","","","","","","","","","","","","","","","","","","","","","","","","","","","","","","","","","","","","","","","","","","","","","","","","",
"Yemen, Rep.","YEM","Carbon dioxide (CO2) emissions from Transport (Energy) (Mt CO2e)","EN.GHG.CO2.TR.MT.CE.AR5","","","","","","","","","","","0.6587","0.6587","0.9169","1.247","1.2465","1.0221","1.5299","1.4748","1.6117","1.7576","2.3193","2.3463","2.4473","2.772","2.7544","2.8962","3.3009","3.5221","3.7317","3.8892","4.0138","5.1345","5.4066","4.4074","4.4478","3.9634","3.7641","3.7751","4.0761","4.5115","4.399","4.8433","4.2455","5.0339","5.2217","5.5734","5.1744","4.7222","5.0372","8.1475","7.1503","6.657","5.4785","8.3026","8.38","3.1319","2.5873","2.4369","3.0391","3.0807","2.7247","2.6859","2.7004","2.731","2.7452","",
"South Africa","ZAF","Carbon dioxide (CO2) emissions from Transport (Energy) (Mt CO2e)","EN.GHG.CO2.TR.MT.CE.AR5","","","","","","","","","","","28.7199","28.7199","28.8586","30.2706","28.3703","31.345","29.5543","28.6866","29.2139","25.321","25.5837","26.5522","26.4537","26.2123","27.6995","26.4274","26.0684","27.4878","28.6936","28.9507","29.5458","29.5745","30.0627","30.2267","31.3304","35.1738","34.3186","35.2274","34.8915","35.3592","35.1803","36.0054","36.7912","38.9773","41.255","43.2016","44.3515","48.7521","47.0532","45.0708","46.4991","48.7816","48.8432","53.6493","51.2065","53.554","51.3555","55.411","54.2412","51.1454","43.6994","48.0146","47.7786","47.7203","44.4842","",
"Zambia","ZMB","Carbon dioxide (CO2) emissions from Transport (Energy) (Mt CO2e)","EN.GHG.CO2.TR.MT.CE.AR5","","","","","","","","","","","0.6312","0.6312","0.6854","0.7335","0.6865","0.7366","0.7682","0.6808","0.6337","0.5743","0.8738","0.8429","0.7377","0.7564","0.7812","0.7441","0.7167","0.7564","0.8701","0.7427","0.7734","0.97","0.927","0.6605","0.8108","0.805","0.6256","0.7297","0.6995","0.6727","0.7316","0.7685","0.8054","0.8607","0.9222","0.9899","1.0161","0.904","0.9817","1.1459","1.2333","1.3439","1.613","1.6626","1.8788","2.1008","2.0764","1.8672","1.8449","1.8445","1.9003","2.5246","2.4917","2.5408","2.5854","",
"Zimbabwe","ZWE","Carbon dioxide (CO2) emissions from Transport (Energy) (Mt CO2e)","EN.GHG.CO2.TR.MT.CE.AR5","","","","","","","","","","","2.0795","2.0795","2.2841","2.2773","1.9325","2.149","1.8585","1.729","1.6789","1.6136","1.8726","1.9913","1.7451","1.9775","1.82","1.9036","2.123","2.0888","2.1181","2.1129","2.0948","1.5921","2.214","1.9723","1.7484","2.174","2.1349","2.1375","2.1221","3.1277","1.9226","1.7959","1.6643","1.3935","1.2144","1.3204","1.276","1.2316","1.0301","1.1055","1.3179","2.2545","2.5546","2.8374","2.5505","2.3409","1.8381","1.9961","2.6232","2.2368","1.5124","1.5847","2.2482","2.2974","2.3387","",
